quad,stand,quadrat_size,year,month,AULPAL,BRASAL,CERPUR,DICPOL,DICSCO,DITFLE,DREUNC,EURPUL,HYLSPL,ORTFLA,PLESCH,POHNUT,POLJUN,POLPIL,PTICIL,PTIPUL,PTICC,SPLSPP,TETANG,TOMNIT,CETCUC,CETERI,CETNIV,CLAMIT,CLARAN,CLASTE,CLAAMA,CLACAP,CLACAR,CLACEN,CLACHL,CLACOC,CLACON,CLACOR,CLACRP,CLACRT,CLAGON,CLAGRA,CLAMUL,CLAPHY,CLAPYX,CLASQU,CLASUB,CLAUNC,CLAVER,PELAPH,PELMAL,PELPUL,PELRUF,STEALP,BRYSPP,CETHAL,CETPIN,EVEMES,HYPPHY,PARELE,PARSUL,PARAMB,PARHYP,PLAGLA,USNSPP,LECGRA
0A,FS,25,1982,8,0,0,0,0,0,0,0,0,0,0,0,0,0,3,0,0,0,0,0,0,0,0,0,0,0,0,0,0,0,0,0,0,0,0,0,1,0,1,0,0,0,0,0,2,0.5,0,0,0,0,0,0,0,0,0.1,0,0,0,0,0,0,0,0
0C,FS,25,1982,8,0,0,0,0,0,0,0,0,0,0,0,0,0,1,0,0,0,0,0,0,0,0,0,0,0,0,0,0,0,0,0,0,0,0.5,0,2,0,2,0,0,0,0,0.5,10,0.5,0,0,0,0,0,0,0,0,0,0,0,0,0,0,0,0,0
0E,FS,25,1982,8,0,0,0,0,0,0,0,0,0,0,0,0,0,0.5,0,0,0,0,0,0,0,0,0,0,0,0,0,0,0,0,0,0,0,0,0,2,0,3,0,0,0,0,0.5,10,0.5,0,0,0,0,0,0,0,0,0,0,0,0,0,0,0,0,0
0G,FS,25,1982,8,0,0,0.5,0,0,0,0,0,0,0,0,0,0,0.5,0,0,0,0,0,0,0,0,0,0.1,0,0,0,0,0,0,0.5,0,0,0.5,0,5,0,2,0,0,0,0,1,8,0.1,0,0,0,0,0,0,0,0,0,0,0,0,0,0,0,0,0
0I,FS,25,1982,8,0,0,0,0,0,0,0,0,0,0,0,0,0,0,0,0,0,0,0,0,0,0,0,0,0,0,0,0,0,0,0,0,0,0.5,0,6,0,4,0,0,0,0,0.5,5,0.5,0,0,0,0,0,0,0,0,0,0,0,0,0,0,0,0,0
4A,FS,25,1982,8,0,0,0.5,0,0,0,0,0,0,0,0,0,0,0.5,0,0,0,0,0,0,0,0,0,0,0,0,0,0,0,0,0,0,0,0.5,0,3,0,1,0,0,0,0,0.5,2,0.5,0,0,0,0.1,0,0,0,0,0,0,0,0,0,0,0,0,0
4C,FS,25,1982,8,0,0,0,0,0,0,0,0,0,0,0,0,0,1,0,0,0,0,0,0,0,0,0,0,0,0,0,0,0,0,0,0,0,0.5,0,8,0,2,0,0,0,0,1,0.5,0.5,0,0,0,0,0,0,0,0,0,0,0,0,0,0,0,0,0
4E,FS,25,1982,8,0,0,0.5,0,0,0,0,0,0,0,0,0,0,3,0,0,0,0,0,0,0,0,0,0.1,0,0,0,0,0,0,0,0,0,0.1,0,5,0,2,0,0,0,0,1,0.5,0,0,0,0,0,0,0,0,0,0,0,0,0,0,0,0,0,0
4G,FS,25,1982,8,0,0,0,0,0,0,0,0,0,0,0,0,0,1,0,0,0,0,0,0,0,0,0,0.5,0,0,0,0,0,0,0,0,0,1,0,3,0,2,0,0,0,0,0.5,2,0.5,0,0,0,0.5,0,0,0,0,0.1,0,0,0,0,0,0,0,0
4I,FS,25,1982,8,0,0,0.5,0,0,0,0,0,0,0,0,0,0,0.5,0,0,0,0,0,0,0,0,0,0,0,0,0,0,0,0,0,0,0,0.5,0,2,0,0.5,0,0,0,0,0.5,5,0,0,0,0,0,0,0,0,0,0,0,0,0,0,0,0,0,0
8A,FS,25,1982,8,0,0,0,0,0,0,0,0,0,0,0,0,0,0.5,0,0,0,0,0,0,0,0,0,0,0,0,0,0,0,0,0,0,0,0,0,1,0,1,0,0,0,0,1,1,0.5,0,0,0,0,0,0,0,0,0,0,0,0,0,0,0,0,0
8C,FS,25,1982,8,0,0,0,0,0,0,0,0,0,0,0,0,0,1,0,0,0,0,0,0,0,0,0,0,0,0,0,0,0,0,0,0,0,0.5,0,1,0,2,0,0,0,0,1,3,0.5,0,0,0,0,0,0,0,0,0.1,0,0,0,0,0,0,0,0
8E,FS,25,1982,8,0,0,0,0,0,0,0,0,0,0,0,0,0,0,0,0,0,0,0,0,0,0,0,0.1,0,0,0,0,0,0,0,0,0,0.5,0,2,0,3,0,0,0,0,0.5,4,0.5,0,0,0,0,0,0,0,0,0,0,0,0,0,0,0,0,0
8G,FS,25,1982,8,0,0,0,0,0,0,0,0,0,0,0,0,0,0,2,0,0,0,0,0,0,0,0,0,0,0,0,0,0,0,0,0,0,0.5,0,2,0,2,0,0,0,0,0.5,1,0.5,0,0,0,0,0,0,0,0,0,0,0,0,0,0,0,0,0
8I,FS,25,1982,8,0,0,0,0,0,0,0,0,0,0,0,0,0,1,0,0,0,0,0,0,0,0,0,0,0,0,0,0,0,0,0,0,0,0.5,0,2,0,2,0,0,0,0,1,3,0,0,0,0,0,0,0,0,0,0,0,0,0,0,0,0,0,0
0A,FD,25,1982,8,0,0,0,0,0,0,0,0,0,0,0,0,0,0.1,0,0,0,0,0,0,0,0.1,0,20,0,0,0,0,0,0,0.5,0.5,0,0.5,0,0.1,0.1,10,0,1,0,0,0,15,0,0,0,0,0,0,0,0.1,0,0.5,0,0.1,0,0,0.1,0,0,0.1
0C,FD,25,1982,8,0,0,0,0,0,0,0,0,0,0,0,0,0.1,0.5,0,0,0,0,0,0,0,0.1,0,35,0,0,0,0,0,0,0,0.1,0,0.5,0,0,0,5,0,0.1,0,0,0,30,0,0,0,0,0,0,0,0.1,0.1,0.5,0,0.1,0,0,0.1,0.1,0,0.1
0E,FD,25,1982,8,0,0,0,0,0,0,0,0,0,0,0,0,0,0.5,0,0,0,0,0,0,0,0.1,0,15,0,0,0,0,0,0,0,0.1,0,0,0,0,0,5,0,0.5,0,0,0,15,0,0,0,0.5,0,0,0,0.1,0.1,0.5,0.1,0.1,0,0,0.1,0,0,0.1
0G,FD,25,1982,8,0,0,0,0,0,0,0,0,0,0,0,0,0,0.5,0,0,0,0,0,0,0,0.5,0,10,0,0,0,0,0,0,0.1,0.5,0,1,0,0,0.5,4,0,0.5,0,0,0,20,0,0,0,0,0,0,0,0.1,0.1,0.5,0.1,0.1,0,0,0.5,0,0,0.1
0I,FD,25,1982,8,0,0,0,0,0,0,0,0,0,0,0,0,0,2,0,0,0,0,0,0,0,0.1,0,15,0,0,0,0,0,0,0,0.1,0,0.5,0,0.1,0,5,0,1,0,0,0,25,0,0,0,0,0,0,0,0.1,0,0.5,0,0.1,0,0,0.5,0,0,0.1
4A,FD,25,1982,8,0,0,0,0,0,0,0,0,0,0,0,0,0,0.5,0,0,0,0,0,0,0,0.5,0,10,0,0,0,0,0,0,0.1,0.5,0,0.5,0,0,0,3,0,0.1,0,0,0,15,0,0,0,0,0,0,0,0.1,0.1,0.5,0.1,0.1,0,0,0.1,0.1,0,0.1
4C,FD,25,1982,8,0,0,0,0,0,0,0,0,0,0,0,0,0,1,0,0,0,0,0,0,0,0.1,0,5,0,0,0,0,0,0,0.1,1,0,0.5,0,0,0,4,0,1,0,0,0,25,0,0,0,1,0,0,0,0.1,0.1,0.1,0,0.1,0,0,0.1,0.1,0,0.1
4E,FD,25,1982,8,0,0,0,0,0,0,0,0,0,0,0,0,0,0.5,0,0,0,0,0,0,0,0.5,0,10,0,0,0,0,0,0,0.5,1,0,0.5,0,0,0.1,3,0,0.5,0,0,0,20,0,0,0,0.5,0,0,0,0.1,0.1,0.1,0,0.1,0,0,0.1,0,0,0.1
4G,FD,25,1982,8,0,0,0,0,0,0,0,0,0,0,0,0,0,3,0,0,0,0,0,0,0,0.1,0,3,0,0,0,0,0,0,0.1,0.5,0,0.5,0,0,0.1,5,0,1,0.1,0,0,1,0,0,0,0.5,0,0,0,0.1,0.1,0.5,0.1,0.1,0,0,0.1,0.1,0,0.1
4I,FD,25,1982,8,0,0,0,0,0,0,0,0,0,0,0,0,0,2,0,0,0,0,0,0,0,0.1,0,2,0,0,0,0,0,0,0.5,1,0,0.5,0,0,0.1,7,0,2,0,0,0,0.1,0,0,0,0.5,0,0,0,0.1,0.1,0.5,0,0.1,0,0.1,0.1,0.1,0,0.1
8A,FD,25,1982,8,0,0,0,0,0,0,0,0,0,0,0,0,0.1,0.5,0,0,0,0,0,0,0,0.1,0,4,0,0,0,0,0,0,0.5,0.5,0,0.5,0,0,0,2,0,0.5,0,0,0,7,0,0,0,0.5,0,0,0,0.1,0.1,0.5,0.1,0.1,0,0,0.1,0,0,0.1
8C,FD,25,1982,8,0,0,0,0,0,0,0,0,0,0,0,0,0,3,0,0,0,0,0,0,0,0.1,0,15,0,0,0,0,0,0,0.5,0.1,0,0.5,0,0,0,8,0,0.5,0,0,0,25,0,0,0,0,0,0,0,0.1,0.5,0.5,0,0.1,0,0,0.1,0.1,0,0.1
8E,FD,25,1982,8,0,0,0,0,0,0,0,0,0,0,0,0,0,1,0,0,0,0,0,0,0,0.1,0,1,0,0,0,0,0,0,0.5,0.5,0,1,0,0,0.1,4,0,0.5,0,0,0,1,0,0,0,0.5,0,0,0,0.1,0,0.5,0,0.5,0,0.1,0.5,0.1,0,0.1
8G,FD,25,1982,8,0,0,0,0,0,0,0,0,0,0,0,0,0,2,0,0,0,0,0,0,0,0,0,0.5,0,0,0,0,0,0,0.1,0.1,0,0.5,0,0,0,2,0,0.1,0,0,0,0.1,0,0,0,0,0,0,0,0.1,0.1,0.1,0,0.1,0,0.1,0.1,0,0,0.1
8I,FD,25,1982,8,0,0,0,0,0,0,0,0,0,0,0,0,0,3,0,0,0,0,0,0,0,0.1,0,1,0,0,0,0,0,0,0.5,0.5,0,0.1,0,0,0,2,0,0.1,0,0,0,0.5,0,0,0,0,0,0,0,0.1,0.1,0.5,0,0.1,0,0,0.1,0,0,0.1
0A,WY,25,1982,8,0,0.5,0,1,0,0,0,0,2,0,20,0,0,0,0.1,0,0.1,0,0,0,0,0,0,0.5,0,0,0,0,0,0,0,0,0.1,0.1,0,0.1,0,0,0.1,0,0,0,0,0,0,0,0.5,0.5,0,0,0,0,0,0.1,0,0,0,0,0.1,0,0,0
0C,WY,25,1982,8,0,0,0,1,0.1,0,0,0,0.5,0,10,0,0,0,0,0,0.1,0,0,0,0,0,0,30,0,0,0,0,0,0,0,0,0,0,0,0,0,0.1,0.5,0,0,0,0,0,0,0,1,0,0,0,0,0,0,0.1,0,0,0,0,0.1,0,0,0
0E,WY,25,1982,8,0,0.1,0,1,0.1,0,0,0,1,0,3,0,0,0,0,0,0,0,0,0,0,0.1,0,60,0,0,0,0,0,0,0.1,0,0,0,0,0,0,0,0.5,0.1,0,0,0,0,0,0,0,0.5,0,0,0,0,0,0.5,0,0,0,0,0.1,0,0,0
0G,WY,25,1982,8,0,0,0,1,0,0,0,0,0,0,0.5,0,0,0,0,0,0.1,0,0,0,0,0,0,65,0,0.1,0,0,0,0.1,0.5,0,0.1,0.5,0,0,0,0,0,0,0,0,0,0,0,0,0.5,1,0,0,0,0,0,0.1,0,0.1,0,0,0.1,0,0,0
0I,WY,25,1982,8,0,0,0,0,0,0,0,0,0,0,0,0,0,0,0,0,0,0,0,0,0,0,0,85,0,0.1,0,0,0,0,0.1,0,0.1,0.5,0.5,0.1,0,0.5,0,0.5,0,0,0,0,0,0,0,1,0,0,0,0,0,0.5,0,0.1,0,0,0.1,0,0,0
4A,WY,25,1982,8,0,0.1,0,0,0.1,0,0,0,0,0,0,0,0,0,0,0,0.1,0,0,0,0,0,0,25,0,0,0,0,0,0.1,0.1,0,0.1,0,0.5,0,0,0,0.5,0,0,0,0,0,0,0,0,1,0,0,0,0,0,0.1,0,0,0,0,0.1,0,0,0
4C,WY,25,1982,8,0,0,0,1,0,0,0,0,0.1,0,1,0,0,0,0,0,0,0,0,0,0,0,0,15,0,0,0,0,0,0,0.1,0,0.1,0.1,0,0,0,0.1,0.5,0,0,0,0,0,0,0,0,0,0,0,0,0,0,0.1,0,0.1,0,0,0.5,0,0,0
4E,WY,25,1982,8,0,0,0,0,0,0,0,0,1,0,3,0,0.1,0,0,0,0,0,0,0,0,0.1,0,35,0,0.5,0,0,0,0,0.1,0,0.1,0.1,0,0,0,0,0.1,0,0,0,0,0,0,0,0,0,0,0,0,0,0,0.5,0,0.5,0,0.1,0.1,0,0,0
4G,WY,25,1982,8,0,0,0,0.1,0,0,0,0,0.1,0,2,0,0,0.1,0,0,0.1,0,0,0.1,0,0,0,30,0,0.1,0,0,0,0.1,0.5,0,0.1,0.1,0,0.1,0,0,0,0,0,0,0,0,0,0,0,0,0,0,0,0,0,0.5,0,0.5,0,0.5,0.1,0,0,0
4I,WY,25,1982,8,0,0,0,0.1,0.1,0,0,0,0,0,0.1,0,0.1,0,0,0,0,0,0,0,0,0.5,0,60,0,0.5,0,0,0,0,0.1,0,0,0.5,0,0,0,0,0.5,0,0,0,0,0,0,0,0,0.5,0,0,0,0,0,0.1,0,0.5,0,0,0.1,0,0,0
8A,WY,25,1982,8,0,0,0,0,0,0,0,0,0,0,0,0,0,0.5,0,0,0,0,0,0,0,0,0.1,70,0,0.5,0,0.1,0,0,0.1,0,0,0.1,0,0.1,0,0,0,0.1,0,0,0,0,0,0,0,0.5,0,0,0,0,0,0.5,0,0.1,0,0,0.5,0,0,0
8C,WY,25,1982,8,0,0,0.5,0.5,0.5,0,0,0,0,0,2,0,0.1,0,0,0,0,0,0,0,0,0,0.1,65,0,0.1,0,0,0,0.5,0.1,0,0.1,0,0.5,0.5,0.1,0.1,0.5,0.1,0,0,0,0,0,0,0,1,0,0,0,0,0,0.5,0,0.1,0,0.1,0.5,0,0,0
8E,WY,25,1982,8,0,0,0.5,0,0,0,0,0,0,0,0,0,0,0,0,0,0,0,0,0,0,0,0.1,90,0,0.5,0,0,0,0.1,0.1,0,0,0.1,0.1,0.1,0.1,0,0.5,0,0.1,0,0,0,0,0,0,0,0,0,0,0,0,0.1,0,0,0,0,0.1,0,0,0
8G,WY,25,1982,8,0,0,0,1,0.5,0,0,0,0.5,0,1,0,0,0,0,0,0,0,0,0,0,0,0,15,0,0,0,0,0,0,0.1,0,0.1,0.1,0,0.1,0,0,0,0.5,0,0,0,0,0,0,0,0,0,0,0,0,0,0.1,0,0.1,0,0.5,0.5,0,0,0
8I,WY,25,1982,8,0,0.1,0,0.5,0,0,0,0,0.1,0,2,0,0,0,0,0,0,0,0,0,0,0,0,35,0,0.1,0,0,0,0,0.1,0,0.1,0.5,0,0.1,0,0,0.1,0.1,0,0,0,0,0,0,0,0,0,0,0,0,0,0.1,0,0.5,0,0.1,0.5,0,0,0
0A,WO,25,1982,8,0,0,1,0.1,0,0,0,0,0,0,0,0,0,0.5,0,0,0,0,0,0,0,0.1,0,25,0,0,0,0,0,0,0.1,0.1,0,3,0,0.1,0.1,0.5,0,1,0,0,0.1,0.5,0,0,0,0.5,0,0,0,0.1,0.1,0.1,0.1,0,0,0,0.1,0,0,0.1
0C,WO,25,1982,8,0,0,0.1,0,0,0,0,0,0,0,0,0,0,3,0,0,0,0,0,0,0,0.1,0,30,0,0,0,0.1,0,0,0,0.1,0,2,0,0,0,1,0,1,0.1,0,0,0.1,0,0,0,0,0,0,0,0.1,0.1,0.1,0,0,0,0,0.1,0,0,0.1
0E,WO,25,1982,8,0,0,0,0,0,0,0,0,0,0,0,0,0,3,0,0,0,0,0,0,0,0.1,0,20,0,0,0,0.1,0,0,0.1,0.5,0.1,0.5,0,0,0.1,0.5,0,1,0.1,0,0,0.1,0.1,0,0,0,0,0,0,0.1,0.1,0.1,0.1,0,0,0,0.1,0,0,0.1
0G,WO,25,1982,8,0,0,0.1,0,0,0,0,0,0,0,0,0,0.1,2,0,0,0,0,0,0,0,0.1,0,25,0,0.1,0,0.1,0,0,0.1,0.5,0,1,0,0.1,0,1,0,0.5,0,0,0.1,0,0,0,0,0,0,0,0,0.1,0,0.5,0.1,0,0,0,0.1,0,0,0.1
0I,WO,25,1982,8,0,0,0,0,0,0,0,0,0,0,0,0,0,10,0,0,0,0,0,0,0,0.1,0,55,0,0,0,0,0,0,0,0.5,0,2,0,0.1,0,1,0,1,0,0,0,0.1,0,0,0,1,0,0,0,0.1,0.1,0.1,0.1,0,0,0,0,0,0,0.1
4A,WO,25,1982,8,0,0,0,0,0,0,0,0,0,0,0,0,0,0.5,0,0,0,0,0,0,0,0.1,0,15,0,0,0,0,0,0,0,0.1,0,0.5,0,0,0,1,0,0.5,0,0,0,0.1,0.1,0,0,0.5,0,0,0,0.1,0.1,0.1,0.1,0,0,0,0.1,0,0,0.1
4C,WO,25,1982,8,0,0,0,0.1,0,0,0,0,0,0,0.1,0,0,0.1,0,0,0,0,0,0,0,0.1,0,15,0,0,0,0,0,0,0,0.5,0,0.5,0,0,0,1,0.1,2,0,0,0,0.1,0,0,0,2,0,0,0,0.1,0.1,0.5,0,0.1,0,0,0,0,0,0.1
4E,WO,25,1982,8,0,0,0,0,0.1,0,0,0,0,0,0,0,0,0.5,0,0,0,0,0,0,0,0.5,0,5,0,0.1,0,0.1,0,0,0,0.1,0,0.5,0,0,0.1,0.5,0.5,0.5,0,0,0.1,0.1,0,0,0,0.5,0,0,0,0.1,0.1,0.1,0.1,0,0,0,0.5,0,0,0.1
4G,WO,25,1982,8,0,0,0.5,0,0,0,0,0,0,0,0,0,0,1,0,0,0,0,0,0,0,0.5,0,5,0,0,0,0,0,0,0,0.1,0,0.5,0,0.1,0.5,0.5,0,1,0,0,0,0.1,0,0,0,0.5,0,0,0,0.1,0.1,0.5,0.1,0,0,0,0.1,0,0,0.1
4I,WO,25,1982,8,0,0,0,0,0,0,0,0,0,0,0,0,0,1,0,0,0,0,0,0,0,0.1,0,5,0,0,0,0,0,0,0.1,0.1,0.1,1,0,0,0.5,1,0,2,0.1,0,0,0,0,0,0,1,0,0,0,0.1,0.1,0.1,0.1,0.1,0,0,0.5,0,0,0.5
8A,WO,25,1982,8,0,0,0,0,0,0,0,0,0,0,0,0,0,1,0,0,0,0,0,0,0,0.1,0,35,0,0,0,0,0,0,0,0.1,0,0.5,0,0.1,0.1,0.5,0,1,0,0,0,0,0,0,0,0,0,0,0,0.1,0.1,0.1,0.1,0,0,0,0.1,0,0,0.1
8C,WO,25,1982,8,0,0,0,0,0,0,0,0,0,0,0,0,0,0.5,0,0,0,0,0,0,0,0.1,0,30,0,0,0,0,0,0,0,0.1,0,0.5,0,0,0.1,1,0.5,1,0,0,0,0.5,0,0,0,0,0,0,0,0.1,0.1,0.1,0.1,0.1,0,0,0.1,0,0,0.1
8E,WO,25,1982,8,0,0,0,0,0,0,0,0,0,0,0,0,0.1,0.1,0,0,0,0,0,0,0,0.5,0,20,0,0,0,0.1,0,0,0.1,0.1,0.1,0.5,0,0.1,0,1,0,1,0,0,0,0,0.1,0,0,2,0,0,0,0.1,0.1,0.5,0.1,0.1,0,0,0.1,0.1,0,0.1
8G,WO,25,1982,8,0,0,0,0.1,0,0,0,0,0.1,0,0.5,0,0.1,0,0,0,0,0,0,0,0,0.1,0,0.5,0,0,0,0,0,0,0,0,0,0.1,0,0,0,0.1,0.5,0,0,0,0,0,0,0,0,2,0,0,0,0.1,0.1,0.1,0.1,0.1,0,0.5,0,0,0,0.1
8I,WO,25,1982,8,0,0,0,0,0,0,0,0,0.1,0,0.5,0,0.1,0,0,0,0,0,0,0,0,0,0,0.1,0,0,0,0,0,0.1,0.1,0,0.5,0,0,0,0,0,0,0,0,0,0,0,0,0,0,0,0,0,0,0,0,0.1,0,0.5,0,0.5,0,0,0.1,0
0A,MD,25,1982,8,0,0,0,0,0.1,0,0,0,0,0,0,0,0,0,0,0,0,0,0,0,0,0,0,75,0,0.5,0,0,0,0,0.1,0,0,0,0,0.1,0,1,0,0,0,0,0,0.1,0,0,0,0,0,0,0,0.1,0.1,0.1,0,0.1,0,0,0.1,0,0,0.1
0C,MD,25,1982,8,0,0,0,0.1,0,0,0,0,0,0,0.1,0,0,0,0,0,0.1,0,0,0,0,0.1,0,70,0,0.5,0,0,0,0,0.1,0.1,0,0.5,0,0,0.1,0.5,0,0,0,0,0,0.5,0,0,0,0.5,0,0,0,0.1,0.1,0.1,0.1,0.1,0,0.1,0.1,0,0,0.1
0E,MD,25,1982,8,0,0,0,0,0,0,0,0,0,0,0,0,0,0,0,0,0,0,0,0,0,0.1,0,70,0,0.1,0,0,0,0,0.1,0.5,0,0.5,0,0.5,0.1,2,0,0,0,0,0,0.1,0,0,0,0.5,0,0,0,0.1,0.1,0.1,0.1,0.1,0,0,0.1,0,0,0.1
0G,MD,25,1982,8,0,0,0,0.1,0,0,0,0,0,0,0,0,0,0,0,0,0,0,0,0,0,0.1,0,80,0,0.1,0,0,0,0,0.1,0,0,0,0,0.1,0,0.5,0.1,0,0,0,0,0.1,0,0,0,3,0,0,0,0.1,0.1,0.5,0,0.1,0,0,0.5,0.1,0,0.1
0I,MD,25,1982,8,0,0,0,0,0,0,0,0,0,0,0,0,0,0,0,0,0,0,0,0,0,0.1,0,60,0,0.1,0,0,0,0,0.1,0.1,0,1,0,0,0,0.5,0.1,0,0,0,0,1,0,0,0,0.5,0,0,0,0.1,0,0.1,0,0.1,0,0,0.1,0,0,0.1
4A,MD,25,1982,8,0,0,0,0,0,0,0,0,0,0,0,0.1,0,0,0,0,0,0,0,0,0,0.1,0,75,0.1,0.5,0,0,0,0,0.1,0.1,0,0,0,0,0.1,0.5,0.1,0,0,0,0,0.1,0,0,0,0.5,0,0,0,0.1,0.1,0.1,0.1,0.1,0,0,0.1,0,0,0.1
4C,MD,25,1982,8,0,0,0,0,0,0,0,0,0,0,0,0,0,0.1,0,0,0,0,0,0,0,0,0,50,0,0,0,0,0,0,0,0.1,0,0,0,0,0,0.5,0.5,0.1,0,0,0,0.5,0,0,0,2,0,0,0,0.1,0.1,0.1,0.1,0.1,0,0,0.1,0,0,0.1
4E,MD,25,1982,8,0,0,0,0.1,0.1,0,0,0,0,0,0,0,0,0,0,0,0,0,0,0,0,0.1,0,30,0,0.1,0,0,0,0,0.1,0.1,0,0.1,0,0,0,0.1,0,0.1,0,0,0,0,0,0,0,0.5,0,0,0,0.1,0.1,0.5,0,0.1,0,0,0.1,0,0,0.1
4G,MD,25,1982,8,0,0,0,0.1,0,0,0,0,0,0,0.1,0,0.1,0.1,0,0,0.5,0,0,0,0,0,0,80,0,0.5,0,0,0,0,0,0,0,0,0,0,0,0,0.1,0,0,0,0,0.5,0,0,0,1,0,0,0,0.1,0.1,0.1,0.1,0.1,0,0,0.1,0,0,0.1
4I,MD,25,1982,8,0,0,0,0.1,0,0,0,0,0,0,0,0,0,0,0,0,0,0,0,0,0,0.1,0,70,0.1,0.5,0,0,0,0,0.1,0.1,0,0,0,0,0,0.5,0,0,0,0,0,0.5,0,0,0,0,0,0,0,0.1,0.1,0.1,0,0.1,0,0,0.5,0.1,0,0.1
8A,MD,25,1982,8,0,0,0,0,0,0,0,0,0,0,0,0,0,0,0,0,0,0,0,0,0,0.1,0,75,0,0.1,0,0,0,0,0.1,0,0,0.5,0,0.1,0,0.1,0.1,0.1,0,0,0,0.1,0,0,0,1,0,0,0,0.1,0.1,0.1,0,0.1,0,0,0.1,0,0,0.1
8C,MD,25,1982,8,0,0,0,0.1,0,0,0,0,0,0,0,0,0,0.1,0,0,0,0,0,0,0,0.1,0.1,60,0,0.1,0,0,0,0,0.5,0,0,0.5,0,0,0.1,0.1,0.1,0,0,0,0,0.1,0,0,0,1,0,0,0,0.1,0.1,0.5,0.1,0.1,0,0,1,0,0,0.1
8E,MD,25,1982,8,0,0,0,0.1,0,0,0,0,0,0,0,0,0,0,0,0,0,0,0,0,0,0.5,0,40,0.1,0.1,0,0,0,0,0.1,0,0,0,0,0,0,0.1,0,0,0,0,0,0.1,0,0,0,0.5,0,0,0,0.1,0.1,0.1,0,0.1,0,0,0.1,0,0,0.1
8G,MD,25,1982,8,0,0,0,0,0,0,0,0,0,0,0,0,0,0,0,0,0,0,0,0,0,0.1,0,70,0,0.1,0,0,0,0,0.1,0.1,0,0.5,0,0,0.1,0.5,0,0.1,0,0,0,0.5,0,0,0,0,0,0,0,0.1,0.1,0.1,0,0.1,0,0,0.1,0,0,0.1
8I,MD,25,1982,8,0,0,0,0,0,0,0,0,0,0,0,0,0,0.5,0,0,0,0,0,0,0,0.5,0,75,0,0.1,0,0,0,0,0.1,0,0,0.5,0,0,0.1,0.5,0,0.1,0,0,0,0.5,0,0,0,0,0,0,0,0.1,0.1,0.5,0.1,0.5,0,0,0.1,0.1,0,0.1
0A,ML,25,1982,8,0,0,0,0,0,0,0,0,0,0,0,0,0,0.1,0,0,0,0,0,0,0,0.1,0,20,0,0.1,0.1,0,0,0,0,0.1,0,4,0,0.1,0.1,2,0,0.5,0,0,0,0.1,0,0,0,0.5,0,0,0,0.1,0.5,0.1,0.1,0,0,0,0.5,0.1,0,0.1
0C,ML,25,1982,8,0,0,0,0,0,0,0,0,0,0,0,0,0,0,0,0,0,0,0,0,0,0.1,0,65,0,0,0.1,0,0,0,0,0.1,0,2,0,0,0,2,0,1,0,0,0,5,0,0,0,0,0,0,0,0.1,0.1,0.1,0.1,0.1,0,0,0.5,0,0,0.1
0E,ML,25,1982,8,0,0,0,0,0,0,0,0,0,0,0,0,0,0.1,0,0,0,0,0,0,0,0,0,70,0,0,0.1,0,0,0,0,0.1,0,1,0,0,0,1,0,0.5,0,0,0,8,0,0,0,0.1,0,0,0,0.1,0.1,0.1,0.1,0.1,0,0,0.1,0,0,0.1
0G,ML,25,1982,8,0,0,0,0,0,0,0,0,0,0,0,0,0,2,0,0,0,0,0,0,0,0.5,0,60,0,0,0.5,0,0,0,0,0.1,0,0.5,0,0.1,0,1,0,0.5,0,0,0,4,0,0,0,0,0,0,0,0.1,0.1,0.1,0,0,0,0,0.1,0,0,0.1
0I,ML,25,1982,8,0,0,0,0,0,0,0,0,0,0,0,0,0,1,0,0,0,0,0,0,0,0.1,0,70,0,0,0.1,0,0,0,0,0.1,0,1,0,0,0.1,1,0,0.1,0,0,0,4,0,0,0,0.1,0,0,0,0.1,0.1,0.1,0.1,0,0,0,0.1,0,0,0.1
4A,ML,25,1982,8,0,0,0,0,0,0,0,0,0,0,0,0,0,0.1,0,0,0,0,0,0,0,0.1,0,60,0,0,0,0,0,0,0,0.5,0,2,0,0,0.1,2,0,0.1,0,0,0,3,0.1,0,0,0.5,0,0,0,0.1,0.1,0.1,0.1,0,0,0,0.1,0,0,0.1
4C,ML,25,1982,8,0,0,0,0,0,0,0,0,0,0,0,0,0,0,0,0,0,0,0,0,0,0.1,0,75,0,0,0,0,0,0,0,0.1,0,4,0,0.1,0,1,0,0.5,0,0,0,1,0,0,0,0,0,0,0,0.1,0.1,0.1,0.1,0.1,0,0,0.1,0.1,0,0.5
4E,ML,25,1982,8,0,0,0,0,0,0,0,0,0,0,0,0,0,1,0,0,0,0,0,0,0,0.1,0,60,0,0,0.1,0,0,0,0,0.5,0,1,0,0,0,1,0,0.5,0.1,0,0,0.5,0,0,0,0.5,0,0,0,0,0,0.1,0,0,0,0,0,0,0,0
4G,ML,25,1982,8,0,0,0,0,0,0,0,0,0,0,0,0,0,0.1,0,0,0,0,0,0,0,0.5,0,35,0,0,0.1,0,0,0,0,0.1,0,1,0,0,0,0.5,0,0.5,0,0,0,2,0,0,0,0.1,0,0,0,0.1,0.1,0.1,0.1,0,0,0,0.1,0.1,0,0.1
4I,ML,25,1982,8,0,0,0,0,0,0,0,0,0,0,0,0,0,0.5,0,0,0,0,0,0,0,0.1,0,70,0,0,0,0,0,0,0,0.1,0,1,0,0,0,3,0,0.5,0,0,0,3,0,0,0,1,0,0,0,0.1,0.1,0.1,0,0,0,0,0.1,0,0,0.1
8A,ML,25,1982,8,0,0,0,0,0,0,0,0,0,0,0,0,0,1,0,0,0,0,0,0,0,0.1,0,55,0,0,0.1,0,0,0,0,0.5,0,2,0,0,0.1,3,0,0.1,0,0,0.1,5,0,0,0,0,0,0,0,0.1,0.1,0.1,0.1,0,0,0,0.1,0,0,0.1
8C,ML,25,1982,8,0,0,0,0,0,0,0,0,0,0,0,0,0,0.5,0,0,0,0,0,0,0,0.5,0.1,30,0,0,0.1,0,0,0,0,0.5,0,3,0,0,0,2,0,0.1,0.1,0,0,3,0,0,0,1,0,0,0,0.1,0.1,0.1,0.1,0.1,0,0,0.1,0.1,0,0.1
8E,ML,25,1982,8,0,0,0,0,0,0,0,0,0,0,0,0,0,0.1,0,0,0,0,0,0,0,0.1,0,70,0,0.1,0,0,0,0,0,0.5,0,1,0,0.1,0,1,0,0.1,0,0,0,4,0,0,0,0.5,0,0,0,0.1,0.1,0.1,0.1,0,0,0,0.1,0,0,0.1
8G,ML,25,1982,8,0,0,0,0,0,0,0,0,0,0,0,0,0,0.1,0,0,0,0,0,0,0,0.1,0,70,0,0,0.1,0,0,0,0,0.5,0,2,0,0,0,2,0,0.1,0.1,0,0,3,0,0,0,0,0,0,0,0,0,0.1,0,0,0,0,0,0,0,0.1
8I,ML,25,1982,8,0,0,0,0,0,0,0,0,0,0,0,0,0,0.5,0,0,0,0,0,0,0,0.1,0,70,0,0,0,0,0,0,0,0.5,0,1,0,0,0,2,0,0.1,0,0,0,7,0.1,0,0,2,0,0,0,0,0,0.1,0,0,0,0,0,0.1,0,0
0A,OI,25,1982,8,0,0,0,0.1,0,0,0,0,0,0,0.1,0,0.5,0,0,0,0,0,0,0,0,0.1,0.1,20,0,0,0,0,0,0,0.1,0,0,0.5,0,0,0,0.5,1,0,0,0,0,0,0,0,0,2,0,0,0.1,0.1,0.5,0.1,0.1,1,0,0.1,0.1,0.1,0,0.5
0C,OI,25,1982,8,0,0,0,0.5,0,0,0,0,0.1,0,0.1,0,0,0.5,0.1,0,0,0,0,0,0,0,0,25,0,0,0,0,0,0,0,0.1,0,0.5,0,0,0,0.5,0.5,0.1,0,0,0,0,0,0,0,3,0,0,0,0.1,0.1,0.5,0.1,0.1,0,0.1,0.1,0.1,0,0.5
0E,OI,25,1982,8,0,0,0,0.1,0,0,0,0,0,0,0.1,0,0.1,0,0,0,0.1,0,0.1,0,0,0,0,25,0,0,0,0,0,0,0.1,0,0,0.5,0,0.1,0.1,0.5,0.5,0,0,0,0,0,0,0,0,3,0,0,0,0.1,0.1,0.1,0.1,0.1,0,0.1,0.5,0.1,0,0.5
0G,OI,25,1982,8,0,0,0.1,0,0,0,0,0,0,0,0,0,0,0.1,0,0,0,0,0,0,0,0.1,0,65,0,0,0,0,0,0,0.5,0,0,2,0,0.1,0.1,0.5,0.5,0,0,0,0,0.1,0,0,0,4,0,0,0,0.1,0.1,0.1,0.1,0.1,0,0,0.1,0,0,0.5
0I,OI,25,1982,8,0,0,0,0.5,0,0,0,0,0.1,0,0,0,0,0,0,0,0.1,0,0,0,0,0,0.1,35,0,0,0,0,0,0,0,0,0,0.5,0.1,0,0,0.5,1,0.1,0,0,0,0,0,0,0,5,0,0,0,0.1,0.1,0.1,0.1,0.1,0,0,0.5,0.1,0,0.1
4A,OI,25,1982,8,0,0,0,0.1,0,0,0,0,0,0,0.5,0,0,0,0,0,0,0,0,0,0,0.1,0,30,0,0,0,0,0,0,0.1,0,0,0.5,0,0.1,0.1,0.5,0.5,0,0,0,0,0,0,0,0.1,0,0,0,0,0.1,0.1,0.1,0.1,0.5,0,0,0.5,0.1,0,0.1
4C,OI,25,1982,8,0,0,0.5,0,0,0,0,0,0,0,0,0,0,0.1,0,0,0,0,0,0,0,0,0,25,0,0,0,0.1,0,0,0.5,0.1,0,1,0,0.1,0.1,0.5,1,0,0,0,0,0,0,0,0,2,0,0,0,0.1,0.1,0.1,0.1,0.5,0,0,0.1,0.1,0,0.1
4E,OI,25,1982,8,0,0,0,0,0,0,0,0,0,0,0,0,0,0,0,0,0,0,0,0,0,0,0,40,0,0,0,0,0,0,0.5,0.1,0,1,0,0.1,0,1,0.5,0,0,0,0,0.1,0,0,0,2,0,0,0,0.1,0.1,0.1,0.1,0.1,0,0,0.1,0,0,0.1
4G,OI,25,1982,8,0,0,0,0,0,0,0,0,0,0,0,0,0.5,0.5,0,0,0,0,0,0,0,0.1,0.1,70,0,0,0,0,0,0,0.1,0,0,0.5,0,0.1,0.1,1,0.5,0,0,0,0,0,0,0,0,1,0,0,0,0.1,0.1,0.1,0,0.1,0,0,0.5,0.1,0,0.1
4I,OI,25,1982,8,0,0,0,0,0,0,0,0,0,0,0,0,0,1,0,0,0,0,0,0,0,0.1,0,75,0,0,0,0,0,0,0,0.1,0,0.5,0,0,0,0.5,1,0.5,0,0,0,0.1,0,0,0,3,0,0,0,0.1,0.1,0.1,0.1,0.1,0,0,0.1,0,0,0.1
8A,OI,25,1982,8,0,0,0.5,0,0,0,0,0,0,0,0.5,0,0,0,0,0,0.5,0,0,0,0,0,0,15,0,0,0,0,0,0.1,0.5,0,0,1,0,0.1,0.1,0.5,0.5,0.5,0,0,0,0,0,0,0.1,0,0,0,0,0.1,0.1,0.5,0,0.1,0,0.1,0.5,0.1,0,0.1
8C,OI,25,1982,8,0,0,0.5,1,0,0,0,0,0,0,0.5,0,0.1,0,0,0,0,0,0,0,0,0,0,55,0,0,0,0,0,0,0.1,0,0,1,0,0.1,0.1,0.5,0.5,0,0,0,0,0,0,0,0,0.5,0,0,0,0.1,0.1,0.1,0.1,0.5,0,0.1,0.5,0.1,0,0.1
8E,OI,25,1982,8,0,0,0,0.1,0,0,0,0,0,0,0.5,0,1,0,0,0,0,0,0,0,0,0,0.1,70,0.1,0,0,0,0,0,0,0.1,0,0.5,0,0.1,0,0.1,0.1,0,0,0,0,0,0,0,0,0,0,0,0,0.1,0.1,0.1,0.1,0.1,0,0.1,1,0.5,0,0.1
8G,OI,25,1982,8,0,0,0,0.1,0,0,0,0,0,0,0,0,1,0,0,0,0,0,0,0,0,0,0,25,0,0,0,0,0,0,0,0,0,0.5,0,0.1,0.1,0.5,1,0,0,0,0,0,0,0,0,0.5,0,0,0,0.1,0.1,0.1,0.1,0.5,0,0,0.1,0.1,0,0.1
8I,OI,25,1982,8,0,0,0,0,0,0,0,0,0,0,0,0,0.1,0.1,0,0,0,0,0,0,0,0.1,0,80,0,0,0,0,0,0,0.1,0,0,1,0,0.1,0,0.5,0.5,0.5,0,0,0,0,0,0,0,3,0,0,0.1,0.1,0.1,0.1,0.1,0.1,0,0,0.1,0.1,0,0.1
0A,SJ,25,1982,8,0,0,0,0,0,0,0,0,0,0,0,0,0,0,0,0,0,0,0,0,0,0.5,0,80,0.1,0.1,0,0,0,0,0.1,0,0,0.5,0,0.5,0.1,0.5,0,0.5,0,0,0,0.1,0,0,0,0.5,0,0,0,0,0,0.5,0.1,0,0,0,0.5,0,0,0
0C,SJ,25,1982,8,0,0,0,0,0,0,0,0,0,0,0,0,0,0,0,0,0,0,0,0,0,0.1,0,75,0,0.5,0,0,0,0,0.5,0,0,0.5,0,0.5,0.1,0.5,0.1,0.1,0,0,0,0.5,0,0,0,0.5,0,0,0,0.1,0.1,0.5,0.1,0,0,0,0.1,0.1,0,0
0E,SJ,25,1982,8,0,0,0,0,0,0,0,0,0,0,0,0,0,0.1,0,0,0,0,0,0,0,1,0,80,0.1,1,0,0,0,0,0.1,0,0,0.1,0,0.5,0.1,0.5,0,0.1,0,0,0,0.5,0,0,0,0.5,0,0,0,0,0,0.1,0,0,0,0,0.1,0,0,0
0G,SJ,25,1982,8,0,0,0,0,0,0,0,0,0,0,0,0,0,0.5,0,0,0,0,0,0,0,0.5,0,70,0,0.1,0,0,0,0,0.1,0,0,0.5,0,0.5,1,0.1,0.5,0.5,0,0,0,0,0,0,0,0.5,0,0,0,0,0.1,0.5,0,0,0,0,0.5,0.1,0,0
0I,SJ,25,1982,8,0,0,0,0,0,0,0,0,0,0,0,0,0,1,0,0,0,0,0,0,0,0.5,0.1,70,0,0.1,0,0,0,0,0.1,0,0,0.1,0,0.5,1,0.5,0.5,0.1,0,0,0,0.5,0,0,0,0,0,0,0,0.1,0,0.5,0.1,0,0,0,0.5,0.1,0,0.1
4A,SJ,25,1982,8,0,0,0,0,0,0,0,0,0,0,0,0,0,0.5,0,0,0,0,0,0,0,1,0,95,0,0.5,0,0,0,0,0,0,0,0.1,0,0.1,0,0.1,0.1,0.1,0,0,0,0.5,0,0,0,0,0,0,0,0,0,0.5,0,0,0,0,0.5,0,0,0
4C,SJ,25,1982,8,0,0,0,0,0,0,0,0,0,0,0,0,0,0.1,0,0,0,0,0,0,0,0.5,0,85,0,0.5,0,0,0,0,0,0,0,0.5,0,0.1,0.1,0.5,0,0.1,0,0,0,1,0,0,0,0.5,0,0,0,0.1,0.1,0.5,0,0,0,0,0.1,0.1,0,0.5
4E,SJ,25,1982,8,0,0,0,0,0,0,0,0,0,0,0,0,0,0,0,0,0,0,0,0,0,0.5,0.1,65,0.1,0.5,0,0,0,0,0,0,0,0.5,0,0.1,0,0.1,0,0.1,0,0,0,0.5,0,0,0,0,0,0,0,0.1,0,0.5,0.1,0.1,0,0,0.5,0,0,0.1
4G,SJ,25,1982,8,0,0,0,0,0,0,0,0,0,0,0,0,0,0,0,0,0,0,0,0,0,0.5,0.1,60,0,0.1,0,0,0,0,0.1,0,0,0.1,0,0.1,0,0.1,0,0,0,0,0,0.5,0,0,0,0,0,0,0,0.1,0.1,0.5,0.1,0.5,0,0,1,0.1,0,0.1
4I,SJ,25,1982,8,0,0,0,0,0,0,0,0,0,0,0,0,0,0.5,0,0,0,0,0,0,0,0.5,0,70,0,0.1,0,0,0,0,0.1,0,0,0.1,0,0.5,0.1,0.1,0,0.5,0,0,0,0.5,0,0,0,0,0,0,0,0.1,0.5,0.5,0.1,0.5,0,0,0.5,0.5,0,0.1
8A,SJ,25,1982,8,0,0,0,0,0,0,0,0,0,0,0,0,0,0,0,0,0,0,0,0,0,0.5,0,75,0,0.5,0,0,0,0,0.5,0,0,0.1,0,0.5,0,0.5,0.1,0.1,0,0,0,0,0,0,0,0,0,0,0,0,0.1,0.5,0,0.5,0,0,0.5,0,0,0.1
8C,SJ,25,1982,8,0,0,0,0,0,0,0,0,0,0,0,0,0,0,0,0,0,0,0,0,0,0.5,0.1,65,0.1,0.5,0,0.1,0,0,0.5,0,0,0.5,0,0,0.5,0.5,0,0.5,0,0,0,0,0,0,0,0,0,0,0,0,0.1,0.5,0,0,0,0,0.5,0.1,0,0.1
8E,SJ,25,1982,8,0,0,0,0,0,0,0,0,0,0,0,0,0,0,0,0,0,0,0,0,0,0.5,0,80,0.1,0.5,0,0,0,0,0,0,0,1,0,0.5,0.5,0.5,0,0,0,0,0,0.5,0,0,0,0,0,0,0,0,0,0.5,0.5,0,0,0,0,0,0,0.1
8G,SJ,25,1982,8,0,0,0,0,0,0,0,0,0,0,0,0,0,0,0,0,0,0,0,0,0,0.5,0.1,95,0,0.5,0,0,0,0,0.1,0,0,0.5,0,0.5,0.1,0.5,0,0.1,0,0,0,0,0,0,0,0,0,0,0,0,0,0.5,0,0,0,0,0.1,0,0,0.1
8I,SJ,25,1982,8,0,0,0,0,0,0,0,0,0,0,0,0,0,0,0,0,0,0,0,0,0,0.5,0.1,65,0,0.5,0,0,0,0,0.5,0,0,0.5,0,0.5,0,0.5,0.1,0.5,0,0,0,0,0,0,0,0,0,0,0,0,0,0.5,0,0,0,0,0.5,0,0,0
0A,BH,25,1982,8,0,0,0,0.5,0,0,0,0,0.5,0,6,0,0,0,0.1,0,0.5,0,0,0,0,0,0,60,0.5,0.1,0,0,0,0,0.1,0,0,0.1,0,0,0.1,0.1,0.1,0,0,0,0,0,0,0,0,1,0,0,0,0.1,0.1,0.1,0.1,0.1,0,0,0.1,0,0,0.1
0C,BH,25,1982,8,0,0,0,0.1,0,0,0,0,1,0,8,0,0,0,0,0.1,0.5,0.1,0,0,0,0,0,40,0.1,0,0,0,0,0,0.1,0,0,0.5,0,0,0,0.1,0.1,0,0,0,0,0,0,0,1,3,0,0,0,0.1,0.5,0.1,0.1,1,0,0.1,0.5,0.1,0,0.1
0E,BH,25,1982,8,0,0,0,0.5,0,0,0,0,0.5,0,5,0,0,0,0.1,0.1,0.5,0,0,0,0,0,0,60,0,0,0,0,0,0,0.5,0,0,0.5,0,0,0.1,0.1,0,0,0,0,0,0.1,0,0,0,2,0,0,0,0.1,0.1,0.1,0.1,0.1,0,0.1,0.1,0.1,0,0.1
0G,BH,25,1982,8,0,0,0,0.5,0,0,0,0,0.5,0,3,0,0.1,0,0,0,0.1,0,0,0,0,0,0,60,0,0.1,0,0,0,0,0.1,0,0,0.5,0,0,0,0.1,0.1,0,0,0,0,0,0,0,0,0,0,0,0,0.1,0.1,0.1,0.1,0.5,0,0.1,0.1,0,0,0.1
0I,BH,25,1982,8,0,0,0,0,0,0,0,0,0,0,0.1,0,0,0,0,0,0,0,0,0,0,0,0,65,0,0,0.1,0,0,0,0.1,0,0,0.1,0,0.1,0,0.1,0.1,0.1,0,0,0,0,0,0,0,2,0,0,0,0,0,0.1,0.1,0.1,0,0,0.1,0.1,0,0.1
4A,BH,25,1982,8,0,0,0,0.5,0,0,0,0,1,0,65,0,0,0,0,0,2,0,0,0,0,0,0,2,0,0,0,0,0,0,0.5,0,0,0.1,0,0,0,0.1,0,0,0,0,0,0,0,0,0.1,0,0,0,0,0.1,0.1,0.1,0.1,0.1,0,0,0.1,0,0,0.5
4C,BH,25,1982,8,0,0,0,0.1,0,0,0,0,0.5,0,1,0,0,0,0.5,0,0.5,0,0,0,0,0,0,30,0,0,0,0,0,0,0,0,0,0.1,0,0,0,0.1,0.5,0,0,0,0,0,0,0,1,1,0,0,0,0.1,0.1,0.1,0.1,0.1,0,0.1,0.1,0,0,0.5
4E,BH,25,1982,8,0,0.1,0,0.5,0,0,0,0,0.5,0,10,0,1,0,0.5,0,0,0,0,0,0,0,0,20,0,0,0,0,0,0,0.1,0,0,0.5,0,0,0,0.1,0.1,0,0,0,0,0,0,0,1,0.5,0,0,0,0.1,0.1,0.1,0.1,0.1,0,0,0.1,0,0,0.1
4G,BH,25,1982,8,0,0,0,1,0,0,0,0,0.5,0,40,0,0,0,0.1,0,1,0,0,0,0,0,0,7,0,0,0,0,0,0,0,0,0,0.1,0,0,0,0.1,0.1,0,0,0,0,0,0,0,0,0.5,0,0,0,0.1,0.1,0.1,0.1,0,0,0,0.1,0,0,0.1
4I,BH,25,1982,8,0,0,0,0.5,0,0,0,0,0.5,0,30,0,0,0,0.5,0,0.5,0,0,0,0,0,0,30,0.1,0.5,0,0,0,0,0.1,0,0,0.5,0,0,0.1,0.5,0.5,0,0,0,0,0,0,0,1,1,0,0,0,0.1,0.1,0.1,0.1,0.5,0,0.1,0.1,0,0,0.5
8A,BH,25,1982,8,0,0,0,0.1,0,0,0,0,1,0,50,0,0,0,0.5,0.1,1,0,0,0,0,0,0,30,0,1,0,0,0,0,0,0,0,0.1,0,0,0,0.1,0.1,0.1,0,0,0,0.1,0,0,0,0.5,0,0,0,0.1,0.1,0.1,0,0.1,0,0,0.1,0,0,0.1
8C,BH,25,1982,8,0,0,0,0.1,0,0,0,0,0.5,0,4,0,0,0,0,0,1,0,0,0,0,0,0,80,0.5,0.5,0.1,0,0,0,0,0,0,0,0,0,0,0.1,0.5,0,0,0,0,0.5,0,0,1,2,0,0,0,0.1,0.1,0.1,0.1,0,0,0,0.1,0,0,0.1
8E,BH,25,1982,8,0,0,0,0.5,0,0,0,0,0.5,0,5,0,0.1,0,0,0,0.5,0,0,0,0,0,0,15,0,0.1,0,0,0,0,0.1,0,0,0.5,0,0,0,0.1,0.1,0,0,0,0,0.1,0,0,0,1,0,0,0,0.1,0.1,0.1,0.1,0.5,0,0,0.1,0,0,0.5
8G,BH,25,1982,8,0,0,0,1,0,0,0,0,0.5,0,10,0,0,0,0,0,0,0,0,0,0,0,0,60,0,0.1,0,0,0,0,0.1,0,0,0.1,0,0,0.1,0.5,0,0,0,0,0,0,0,0,0,2,0,0,0,0.1,0.1,0.1,0.1,0.1,0,0,0.1,0.1,0,0.1
8I,BH,25,1982,8,0,0,0,0.5,0,0,0,0,0,0,2,0,0,0,0,0,0,0,0,0,0,0,0,65,0,0,0,0,0,0,0.1,0,0,0,0,0.1,0,0.5,0.5,0,0,0,0,0.1,0,0,0.5,2,0,0,0,0.1,0.1,0.1,0.1,0.1,0,0,0.1,0,0,0.1
0A,JS,25,1982,8,0,0,0,0.1,0,0,0,0,0,0,0,0,0,0.1,0.1,0,0,0,0,0,0,0.5,0,65,0,1,0,0,0,0,0,0,0,0.5,0,0.1,0,0.5,0.5,0,0,0,0,0.5,0,0,0,0.5,0,0,0,0.1,0,0.1,0.1,0.5,0,0,0.5,0,0,0.1
0C,JS,25,1982,8,0,0,0,1,0.1,0,0,0,0.1,0,1,0,0,0,0,0,0,0,0,0,0,0.5,0,70,0.1,1,0,0,0,0.5,0,0,0,0.5,0,0,0,0.5,0,0,0,0,0,0.5,0,0,0,0.5,0,0,0,0.1,0.1,0.5,0.1,0.1,0,0,0.5,0,0,0.1
0E,JS,25,1982,8,0,0,0,2,0.5,0,0,0,0,0,1,0,0,0,0,0,0.5,0,0,0,0,0.5,0,80,0,2,0,0,0,0,0.1,0,0,2,0,0,0,0.5,0.1,0,0,0,0,0.5,0,0,0,1,0,0,0,0.1,0.5,0.5,0.1,0.5,0,0,0.5,0,0,0.1
0G,JS,25,1982,8,0,0,0,2,0.5,0,0,0,0.1,0,3,0,0,0,0,0,0.1,0,0,0,0,0.1,0.1,70,0,1,0,0,0,0,0.1,0,0,1,0,0,0,0.5,0,0,0,0,0,0,0,0,0,1,0,0,0,0.1,0.1,0.5,0.1,0.1,0,0,0.5,0,0,0.1
0I,JS,25,1982,8,0,0,0,0.5,0,0,0,0,0.1,0,2,0,0,0,0.1,0,0.5,0,0,0,0,0,0.1,40,0,0.5,0,0,0,0,0,0,0,0.5,0,0,0,0.5,0.5,0,0,0,0,0.5,0,0,0,0.5,0,0,0,0.1,0.1,0.1,0.1,0.5,0,0,0.5,0,0,0.5
4A,JS,25,1982,8,0,0,0.1,1,0,0,0,0,0,0,0.5,0,0,0,0,0,0,0,0,0,0,0.5,0.1,60,0,0.5,0.1,0,0,0,0.1,0,0,4,0,0,0,0.5,0,0.1,0,0,0,0.5,0,0,0,0,0,0,0,0.1,0,0.1,0.1,0.5,0,0,0.5,0.1,0,0.1
4C,JS,25,1982,8,0,0,0,0.5,0,0,0,0,0,0,1,0,0,0,0.5,0,0,0,0,0,0,0.5,0,60,0.1,1,0,0,0,0,0,0,0,2,0,0,0,0.5,0,0,0,0,0,0.1,0,0,0,1,0,0,0,0.1,0,0.5,0.1,0.1,0,0,0.5,0.1,0,0.1
4E,JS,25,1982,8,0,0,0,1,0,0,0,0,0,0,2,0,0,0,0,0.1,0,0,0,0,0,0.5,0.1,65,0,1,0,0,0,0,0,0,0.1,2,0,0.1,0,1,0.1,0.5,0,0,0,0.5,0,0,0,1,0,0,0,0.1,0.1,0.5,0.1,0.5,0,0,1,0,0,0.1
4G,JS,25,1982,8,0,0,0,1,0.1,0,0,0,0.5,0,1,0,0,0,0.5,0,0.1,0,0,0,0,0.1,0,60,0,0.5,0,0,0,0,0.1,0,0,3,0,0.5,0,0,0,0.5,0,0,0,0,0,0,0,0.5,0,0,0,0.1,0,0.1,0.1,0.1,0,0,0.1,0,0,0.1
4I,JS,25,1982,8,0,0,0,1,0,0,0,0,0.1,0,0.1,0,0,0,0,0,0,0,0,0,0,0,0,70,0,1,0,0,0,0,0,0,0,2,0,0,0,0.1,0.5,0,0,0,0,0.5,0,0,0,1,0,0,0,0.1,0.1,0.1,0.1,0.1,0,0,0.1,0,0,0.1
8A,JS,25,1982,8,0,0,0,1,0.1,0,0,0,0,0,1,0,0,0,0.5,0,0.5,0,0,0,0,0,0,60,0,0.5,0,0,0,0,0.1,0,0,3,0,0.1,0,0.1,0.1,0.5,0,0,0,0.1,0,0,0,1,0,0,0,0.1,0,0.5,0.1,0.1,0,0,0.5,0.1,0,0.5
8C,JS,25,1982,8,0,0,0,0.5,0.1,0,0,0,0.1,0,0.5,0,0,0,0,0.1,0.5,0,0,0,0,0,0,65,0,0.5,0.1,0,0,0,0.1,0,0,2,0,0.1,0,0.5,0,0,0,0,0,0.1,0,0,0,1,0,0,0,0.1,0,0.1,0.1,0.5,0,0,0.5,0,0,0.1
8E,JS,25,1982,8,0,0,0,1,0,0,0,0,0,0,1,0,0.1,0,0.1,0,0.5,0,0,0,0,0.1,0.1,50,0.1,1,0,0,0,0,0.1,0,0,1,0,0,0,0,0,0.5,0,0,0,0.5,0,0,0,0.5,0,0,0,0.1,0.1,0.1,0.1,0.1,0,0,0.1,0.1,0,0.1
8G,JS,25,1982,8,0,0,0,0.5,0,0,0,0,0,0,0.5,0,0,0,0,0,0.1,0,0,0,0,0.1,0,60,0,1,0,0,0,0,0.1,0,0,1,0,0,0.1,0.5,0.5,0.5,0,0,0,0.5,0,0,0,1,0,0,0,0.1,0,0.1,0.1,0.1,0,0,0.1,0,0,0.1
8I,JS,25,1982,8,0,0,0,1,0,0,0,0,0,0,0.5,0,0,0,0,0,0.1,0,0,0,0,0.5,0,75,0.1,0.5,0,0,0,0,0,0,0,1,0,0,0,1,0.5,0.5,0,0,0,0.5,0,0,0,0.5,0,0,0,0.1,0,0.1,0.1,0.1,0,0,0.1,0,0,0.1
0A,RL,25,1982,8,0,0,0,1,0.1,0,0,0,0.1,0,10,0,0,0,0,0,0,0,0,0,0,0,0,0,0,0,0,0,0,0,0.1,0,0,0.5,0,0.5,0.1,0.5,0,0,0,0,0,0,0,0,0,0,0,0,0,0,0,0.5,0,0.1,0,0.1,0.5,0,0,0.5
0C,RL,25,1982,8,0,0,0,1,0,0,0,0,0.5,0,80,0,0,0,0,0.5,0,0,0,0,0,0,0,0,0,0,0,0,0,0,0.1,0,0,0.5,0,0,0,0.5,0,0,0,0,0,0,0,0,0,0,0,0,0,0,0,0.5,0,0.5,0,0,0.5,0,0,1
0E,RL,25,1982,8,0,0,0,2,0,0,0,0,1,0,65,0,0.1,0,0,0.5,0,0,0,0,0,0,0,0,0,0,0,0,0,0,0.1,0,0,0.1,0,0,0.1,0.5,0,0,0,0,0,0,0,0,0,0,0,0,0,0.1,0.5,0.5,0,0.1,0,0.1,0.5,0,0,0.5
0G,RL,25,1982,8,0,0,0,20,0,0,0,0,0.1,0,40,0,1,0,0,0,0,0,0,0,0,0,0,0.5,0,0,0,0.1,0,0,0,0,0,0.5,0,0.5,0,0.5,0,0,0,0,0,0,0,0,0,0,0,0,0,0,0.1,0.5,0,0.1,0,0,0.5,0.1,0,0.5
0I,RL,25,1982,8,0,0,0,5,0.1,0,0,0,0.5,0,35,0,0.5,0,0,0,0,0,0,0,0,0,0,0.5,0,0,0,0,0,0,0,0,0,0.1,0,0.1,0,0.5,0,0,0,0,0,0,0,0,1,4,0,0,0,0.5,0,0.5,0,1,0,0,0.1,0,0,2
4A,RL,25,1982,8,0,0,0,2,0,0,0,0,1,0,85,0,0,0,0,0.5,0,0,0,0,0,0,0,0,0,0,0,0,0,0,0.5,0,0,0,0,0.1,0,0.1,0,0,0,0,0,0,0,0,0,0,0,0,0,0,0.1,0.5,0,1,0,0,0.1,0.5,0,0.5
4C,RL,25,1982,8,0,0,0,3,0,0,0,0,0.1,0,30,0,0,0,0,0.1,0,0,0,0,0,0,0,0,0,0,0,0,0,0,0.5,0,0.1,0.5,0,0.1,0,0.5,0.1,0,0,0,0,0,0,0,0,0,0,0,0,0.1,0.1,0.5,0,0.5,0,0,0.5,0.5,0,0.5
4E,RL,25,1982,8,0,0,0,2,0.1,0,0,0,0.5,0,35,0,0,0,0,0.1,0,0,0,0,0,0,0,0,0,0,0,0,0,0,0.1,0,0,0.1,0,0.1,0.1,0.1,0,0,0,0,0,0,0,0,0,0,0,0,0,0.1,0,0.5,0,0.5,0,0.1,0.5,0.1,0,0.1
4G,RL,25,1982,8,0,0,0,1,0,0,0,0,1,0,80,0,0,0,0,0.5,0,0,0,0,0,0,0,0,0,0,0,0,0,0,0.1,0,0,0.1,0,0,0,0.1,0,0,0,0,0,0,0,0,0,0.5,0,0,0,0.5,0,0.5,0,0.5,0,0.1,0.5,0.1,0,0.5
4I,RL,25,1982,8,0,0,0,2,0,0,0,0,5,0,85,0,0,0,0,0.1,0,0,0,0,0,0,0,0.1,0,0,0,0,0,0,0,0,0,0,0,0,0,0.5,0,0,0,0,0,0,0,0,0,0,0,0,0,0.5,0.1,0.5,0,0.5,0,0.1,0.1,0.1,0,0.5
8A,RL,25,1982,8,0,0,0,1,0,0,0,0,4,0,80,0,0,0,0,0.5,0,0,0,0,0,0,0,0,0,0,0,0,0,0,0.5,0,0,0,0,0.1,0,0,0,0,0,0,0,0,0,0,0,0,0,0,0,0.1,0.1,0.5,0,0.5,0,0.1,0.5,0.5,0,0.5
8C,RL,25,1982,8,0,0,0,1,0,0,0,0,0.5,0,80,0,0,0,0,0.5,0,0,0,0,0,0,0,0,0,0,0,0,0,0,0,0,0,0.1,0,0,0.1,0,0,0,0,0,0,0,0,0,0,0,0,0,0,0.1,0.1,0.5,0,0.5,0,0.1,0.5,0.1,0,0.5
8E,RL,25,1982,8,0,0,0,2,0.1,0,0,0,1,0,90,0,0,0,0,0.5,0,0,0,0,0,0,0,0,0,0,0,0,0,0,0.1,0,0,0,0,0,0,0,0,0,0,0,0,0,0,0,0,0,0,0,0,0,0.1,0.5,0,0.5,0,0.1,0.5,0.1,0,0.5
8G,RL,25,1982,8,0,0,0,3,0.1,0,0,0,2,0,75,0,0,0,0,0.5,0,0,0,0,0,0,0,4,0,0.1,0,0,0,0,0,0.1,0,0.1,0,0.1,0,0.5,0,0,0,0,0,0.5,0,0,0,0,0,0,0,0.1,0,0.1,0,0,0,0.1,0.1,0,0,0.5
8I,RL,25,1982,8,0,0,0,3,0,0,0,0,1,0,85,0,0,0,0,0.1,0,0,0,0,0,0,0,0,0,0,0,0,0,0,0,0,0,0,0,0,0,0,0,0,0,0,0,0,0,0,0,0,0,0,0,0.1,0.1,0.5,0,0,0,0.1,0.1,0.1,0,0.5
0A,LF,25,1982,8,0,0,0,0.5,0.5,0,0,0,1,0,8,0,1,0.1,0,0.5,0,0,0,0,0,0.1,0,35,0,0.1,0,0,0,0,0.1,0.1,0,0.5,0,0,0.1,0.5,0.1,0.5,0,0,0,0.1,0,0,0.1,2,0,0,0,0.1,0.1,0.1,0.1,0.1,0,0.1,0.1,0,0,0.1
0C,LF,25,1982,8,0,0,0,1,0.5,0,0,0,1,0,2,0,1,0,0,0.1,0,0,0,0,0,0.5,0,60,0,0.1,0,0,0,0,0.5,0.1,0,0.5,0,0,0,0.5,0.1,1,0,0,0,0.1,0,0,0.5,5,0,0,0,0.1,0.1,0.1,0.1,0.1,0,0,0.1,0,0,0.1
0E,LF,25,1982,8,0,0,0,0.5,1,0,0,0,2,0,3,0,0.5,0,0,0.1,0,0,0,0,0,0.5,0,4,0,0,0,0,0,0,0.5,0.1,0,0.5,0,0,0,1,0,2,0,0,0,0.1,0,0,0,1,0,0,0.1,0.1,0.1,0.1,0,0.1,0,0.1,0.1,0,0,0.1
0G,LF,25,1982,8,0,0,0,0.1,1,0,0,0,4,0,25,0,0.5,0,0,0.5,0,0,0,0,0,0,0.1,30,0.1,0,0.1,0,0,0,0.1,0.1,0,1,0,0,0.1,0.5,0.1,2,0,0,0,0.1,0,0,0,3,0,0,0,0.1,0.1,0.1,0.1,0.5,0,0.1,0.1,0,0,0.1
0I,LF,25,1982,8,0,0,0.1,2,3,0,0,0,0,0,0.1,0,0.5,0.1,0,0,0,0,0,0,0,0.1,0.1,3,0,0.1,0,0,0,0.1,0.5,0.5,0,0.5,0,0,0.1,2,0.1,1,0,0,0,1,0,0,0.5,1,0,0,0,0.1,0.1,0.1,0,0.1,0,0,0.1,0,0,0.1
4A,LF,25,1982,8,0,0,0,0.1,0.1,0,0,0,0,0,0,0,0.5,0,0,0.5,0,0,0,0,0.5,0.5,0,70,0,0.1,0.1,0,0,0,0,0.1,0,0.1,0,0,0,5,0,2,0,0,0,0.5,0,0,0,4,0,0,0,0.1,0.1,0.1,0.1,0.1,0,0,0.1,0,0,0.1
4C,LF,25,1982,8,0,0,0,0.5,3,0,0,0,0,0,0.5,0,2,0,0,1,0,0,0,0,0,0.5,0,20,0.1,0.1,0,0,0,0,0.5,0.5,0,0.5,0,0,0.1,2,0,0.5,0,0,0,1,0,0,0,0.5,0,0,0,0.1,0.1,0.1,0,0.1,0,0.1,0.1,0,0,0.1
4E,LF,25,1982,8,0,0,0,0.1,0.5,0,0,0,0,0,0,0,2,0,0,0.5,0,0,0,0,0,0.1,0,15,0,0,0.1,0,0,0,0.5,0.5,0,1,0,0,0.1,4,0,0.5,0,0,0,0.5,0,0,0,1,0,0,0,0.1,0.1,0.1,0,0.1,0,0,0.1,0,0,0.1
4G,LF,25,1982,8,0,0,0,0.5,1,0,0,0,0,0,1,0,0.5,0.1,0,0.1,0,0,0,0,0,0.1,0,8,0.1,0,0,0,0,0,0.5,0.1,0,2,0,0,0,5,0,0.1,0,0,0,0.5,0,0,0,3,0,0,0,0.1,0.1,0.1,0.1,0.1,0,0,0.1,0,0,0.1
4I,LF,25,1982,8,0,0,0.1,0.5,1,0,0,0,0.1,0,0.5,0,2,0.1,0,0.5,0,0,0,0,0,0.1,0,15,0,0,0,0,0,0,0.1,0.5,0,0.5,0,0,0,2,0,0.1,0,0,0,0.5,0,0,0.5,4,0,0,0,0.1,0.1,0.1,0.1,0.5,0,0.1,0.1,0.1,0,0.1
8A,LF,25,1982,8,0,0,0,0.5,0.5,0,0,0,0,0,0,0,1,0,0,0,0,0,0,0,0,0,0,20,0,0.5,0.1,0,0,0,0.1,0.1,0,0.5,0,0.1,0,1,0.1,0.5,0,0,0,0.5,0,0,0,1,0,0,0,0.1,0.1,0.1,0.1,0.1,0,0.1,0.1,0,0,0.5
8C,LF,25,1982,8,0,0,0,0.5,2,0,0,0,0,0,0.5,0,4,0,0,0.1,0,0,0,0,0,0.1,0.1,35,0.1,0.5,0.1,0,0,0,0.1,0.1,0,0.5,0,0,0,1,0,1,0,0,0,1,0,0,0.1,3,0,0,0,0.1,0.1,0.1,0.1,0.1,0,0,0.1,0,0,0.1
8E,LF,25,1982,8,0,0,0,0.5,0.5,0,0,0,0,0,0.5,0,0.1,0.1,0,0.1,0,0,0,0,0,0,0,20,0,0.5,0,0,0,0,0.5,0.5,0,0.5,0,0,0,0.5,0,0.1,0,0,0,0.5,0,0,0,4,0,0,0,0.1,0.1,0.1,0.1,0.1,0,0,0.1,0,0,0.1
8G,LF,25,1982,8,0,0,0,0.1,0.1,0,0,0,0,0,0,0,0.5,0,0,0.1,0,0,0,0,0,0,0,30,0,0.5,0,0,0,0,0.5,0.5,0,0.1,0,0,0,3,0,1,0,0,0,1,0,0,0,2,0,0,0,0.1,0.1,0.1,0.1,0.5,0,0.1,0.1,0.1,0,0.1
8I,LF,25,1982,8,0,0,0,0.1,0.5,0,0,0,0,0,0,0,1,0.1,0,0,0,0,0,0,0,0.5,0,4,0,0.1,0,0,0,0,0.1,0.1,0,1,0,0,0,0.5,0,0.5,0,0,0,0.5,0,0,0,0.5,0,0,0,0.1,0.1,0.1,0,0.1,0,0,0.1,0,0,0.1
0A,MO,25,1982,8,0,0,0,0,0,0,0,0,0,0,0,0,0,0,0,0,0,0,0,0,0,0.1,0,25,0,0,0,0,0,0,0.5,0.1,0,3,0,0.1,0,40,0,0,0,0,0,3,0,0,0,0.5,0,0,0,0.1,0.1,0.1,0.1,0.1,0,0,0.1,0.1,0,0.1
0C,MO,25,1982,8,0,0,0,0,0,0,0,0,0,0,0,0,0,0,0,0,0,0,0,0,0,0,0,20,0,0.1,0,0,0,0,0.1,0.1,0,4,0,0.1,0.1,40,0,0.5,0,0,0,4,0,0,0,1,0,0,0,0,0,0.1,0,0,0,0,0,0,0,0
0E,MO,25,1982,8,0,0,0,0,0,0,0,0,0,0,0,0,0,0,0,0,0,0,0,0,0,0.1,0,35,0,0,0,0,0,0,0,0.5,0,10,0,0,0.1,30,0,0.5,0,0,0,2,0,0,0,0,0,0,0,0.1,0.1,0.1,0.1,0.5,0,0,0.1,0,0,0
0G,MO,25,1982,8,0,0,0,0,0,0,0,0,0,0,0,0,0,0,0,0,0,0,0,0,0,0.1,0.1,25,0,0.1,0,0,0,0,0.1,1,0,5,0,0.1,0,35,0,0,0,0,0,2,0,0,0,0,0,0,0,0,0,0,0,0,0,0,0,0,0,0
0I,MO,25,1982,8,0,0,0,0,0,0,0,0,0,0,0,0,0,0,0,0,0,0,0,0,0,0,0,40,0,0,0.1,0,0,0,0.5,0.5,0,3,0,0.1,0.1,30,0,0,0,0,0,2,0,0,0,0.5,0,0,0,0.1,0.1,0.1,0.1,0.1,0,0,0.1,0.1,0,0.1
4A,MO,25,1982,8,0,0,0,0,0,0,0,0,0,0,0,0,0,0,0,0,0,0,0,0,0,0.1,0,40,0,0,0.1,0,0,0,0.1,0.5,0,4,0,0.1,0,45,0,0.5,0,0,0,3,0,0,0,2,0,0,0,0.1,0.1,0.1,0.1,0.5,0,0,0.1,0.1,0,0.1
4C,MO,25,1982,8,0,0,0,0,0,0,0,0,0,0,0,0,0,0,0,0,0,0,0,0,0,0,0,30,0,0,0,0,0,0,0.1,0.1,0,5,0,0,0,30,0,0.5,0,0,0,1,0,0,0,1,0,0,0,0.1,0.1,0.1,0.1,0.1,0,0,0.1,0,0,0.1
4E,MO,25,1982,8,0,0,0,0,0,0,0,0,0,0,0,0,0,0,0.5,0,0,0,0,0,0,0.1,0,20,0,0,0,0,0,0,0.5,0.1,0,10,0,0.1,0,15,0,0,0,0,0,1,0,0,0,0,0,0,0,0.1,0.1,0.1,0.1,0.5,0,0,0.1,0,0,0.5
4G,MO,25,1982,8,0,0,0,0,0.1,0,0,0,0,0,0,0,0,0,0,0,0,0,0,0,0,0,0,20,0,0,0,0,0,0,0.5,0.1,0,15,0,0,0,30,0,0.5,0,0,0,2,0,0,0,0.5,0,0,0,0.1,0.1,0.1,0,0.1,0,0,0.1,0.1,0,0.1
4I,MO,25,1982,8,0,0,0,0,0,0,0,0,0,0,0,0,0,0,0,0,0,0,0,0,0,0.1,0,40,0,0,0,0,0,0,0.5,0.1,0,4,0,0,0,30,0,0,0,0,0,1,0,0,0,1,0,0,0,0.1,0.1,0.1,0,0,0,0.1,0.1,0,0,0.1
8A,MO,25,1982,8,0,0,0,0,0.1,0,0,0,0,0,0,0,0,0,0,0,0,0,0,0,0,0.1,0,15,0,0,0,0,0,0,0,0,0,5,0,0.1,0,60,0,0,0,0,0,1,0,0,0,0.5,0,0,0,0.1,0.1,0.1,0.1,0.1,0,0,0.1,0,0,0.1
8C,MO,25,1982,8,0,0,0,0,0.5,0,0,0,0,0,0,0,0,0,0,0,0,0,0,0,0,0.1,0,35,0,0,0,0,0,0,0.1,0.5,0,8,0,0.1,0,35,0,0,0,0,0,1,0,0,0,0,0,0,0,0.1,0.1,0.1,1,0.1,0,0,0.1,0.1,0,0.5
8E,MO,25,1982,8,0,0,0,0,0.5,0,0,0,0,0,0,0,0,0,0,0,0,0,0,0,0,0,0,30,0,0.1,0,0,0,0,0.1,0.1,0,5,0,0,0,40,0,0,0,0,0,1,0,0,0,0,0,0,0,0.1,0.1,0.1,1,0.1,0,0.1,0.1,0.1,0,0.5
8G,MO,25,1982,8,0,0,0,0,0,0,0,0,0,0,0,0,0,0,0,0,0,0,0,0,0,0.1,0,15,0,0,0.1,0,0,0,0.1,0.1,0,15,0,0,0.1,25,0,0,0,0,0,0.5,0,0,0,0,0,0,0,0.1,0.1,0.1,0.1,0.1,0,0,0.1,0,0,0.1
8I,MO,25,1982,8,0,0,0,0,0.5,0,0,0,0,0,0,0,0,0,0,0,0,0,0,0,0,0,0,25,0,0,0,0,0,0,0.5,0.1,0,5,0,0.1,0.1,35,0,0,0,0,0,1,0,0,0,0,0,0,0,0.1,0.1,0.1,0.1,0.1,0,0,0.1,0,0,0.1
0A,OP,25,1982,8,0,0,0,0.1,0,0,0,0,0,0,0,0,0,0.1,0,0,0,0,0,0,0,0.5,0,0.5,0,0,0,0,0,0,0.5,0.1,0,0.5,0,0.1,0,1,0,0,0,0,0,1,0,0,0,1,0,0,0,0.1,0.1,0.1,0.1,0.1,0,0,0.1,0.1,0,0.5
0C,OP,25,1982,8,0,0,0,0,0,0,0,0,0,0,0,0,0.1,0,0,0,0,0,0,0,0,0,0,0.1,0,0,0,0,0,0,0.5,0.1,0,0.5,0,0.1,0,0.5,0,0,0,0,0,0,0.1,0,0,2,0,0,0,0.1,0.1,0.1,0.5,0.1,0,0.1,0.1,0.1,0,0.5
0E,OP,25,1982,8,0,0,0.5,0.1,0.1,0,0,0,0,0,0,0,0,0,0,0,0,0,0,0,0,0,0,0.5,0,0,0,0,0,0,0.1,0,0,0.5,0,0,0,0.1,0,0,0,0,0,0,0,0,0,2,0,0,0,0.1,0,0.1,0.1,0.1,0,0.1,0.1,0.1,0,0.1
0G,OP,25,1982,8,0,0,0,0,0,0,0,0,0,0,0,0,0,0,0,0,0,0,0,0,0,0,0,2,0,0,0,0,0,0,0.5,0,0.1,0,0,0.1,0.1,0.5,0,0,0,0,0,0.1,0,0,0,1,0,0,0,0.1,0.1,0.1,0.5,0.1,0,0,0.5,0.1,0,0.5
0I,OP,25,1982,8,0,0,0,0.1,0,0,0,0,0,0,0,0,0.1,0.1,0,0,0,0,0,0,0,0,0,0.1,0,0,0,0,0,0,1,0.1,0,0.5,0.1,0,0,1,0,0,0,0,0,1,0,0,0,1,0,0,0,0.1,0,0.1,0.5,0.1,0,0.1,0.1,0,0,0.5
4A,OP,25,1982,8,0,0,0,0.1,0.1,0,0,0,0,0,0,0,0,0,0,0,0,0,0,0,0,0,0,0.5,0,0,0,0,0,0,0.5,0.1,0,0.5,0,0,0,1,0,0,0,0,0,0.1,0,0,0,1,0,0,0,0.1,0.1,0.1,0.1,0.5,0,0.1,0.1,0,0,0.5
4C,OP,25,1982,8,0,0,0,0.1,0.5,0,0,0,0,0,0.1,0,0,0.1,0,0.1,0,0,0,0,0,0,0,0.1,0,0,0,0,0,0,0.5,0,0,0.5,0,0,0,1,0,0,0,0,0,0.5,0,0,0,1,0,0,0,0.1,0.1,0.1,0.1,0.1,0,0.1,0.1,0.5,0,0.5
4E,OP,25,1982,8,0,0,0,0.1,0.5,0,0,0,0,0,0.5,0,0,0,0,0,0,0,0,0,0,0,0,0.1,0,0,0,0,0,0,0.1,0,0.1,1,0,0.1,0,1,0,0,0,0,0,0.1,0,0,0,6,0,0,0,0.1,0,0.1,0.1,0.1,0,0,0.1,0,0,0.1
4G,OP,25,1982,8,0,0,0,0.5,0.5,0,0,0,0.1,0,0.5,0,0,0,0,0,0,0,0,0,0,0,0,0.1,0,0,0,0,0,0,0.1,0,0,0.5,0,0,0,0.5,0,0,0,0,0,0.1,0,0,0,2,0,0,0,0.1,0.1,0.1,0.1,0.5,0,0.1,0.1,0.1,0,0.5
4I,OP,25,1982,8,0,0,0,0.5,0.5,0,0,0,0,0,0.5,0,0,0,0,0,0,0,0,0,0,0,0,0.5,0,0,0,0,0,0,0,0.1,0,0.5,0,0,0,0.5,0,0,0,0,0,0.1,0,0,0,1,0,0,0,0.1,0.1,0.1,0.1,0.5,0,0.1,0.1,0,0,0.5
8A,OP,25,1982,8,0,0,0,0.1,0.5,0,0,0,0.1,0,0.5,0,0,0,0,0,0,0,0,0,0,0.1,0,0.1,0,0,0,0.1,0,0,0.1,0,0.1,0.1,0.1,0.1,0.1,0.1,0,0,0,0,0,0,0,0,0,1,0,0,0,0.1,0.1,0.1,0.1,0.1,0,0.1,0.1,0,0,1
8C,OP,25,1982,8,0,0,0.1,0.5,1,0,0,0,0,0,2,0,0,0,0,0,0,0,0,0,0,0.1,0,0.1,0,0,0,0,0,0,0.1,0,0.1,0,0,0.1,0.1,0.1,0,0,0,0,0,0,0,0,0,2,0,0,0,0.1,0.1,0.1,0,0.1,0,0.1,0.5,0.1,0,0.5
8E,OP,25,1982,8,0,0,0,0.5,0.5,0,0,0,0,0,1,0,0.5,0,0,0,0,0,0,0,0,0,0,0.1,0,0,0,0,0,0,0.1,0.1,0,1,0,0.1,0,0.5,0,0,0,0,0,1,0,0,0,1,0,0,0,0.1,0.1,0.1,0.1,0.5,0,0,0.1,0,0,0.5
8G,OP,25,1982,8,0,0,0,0.5,1,0,0,0,0,0,2,0,0.1,0,0,0,0,0,0,0,0,0.1,0,0.1,0,0,0,0,0,0.1,0.1,0,0,0.5,0,0,0.1,0.1,0,0,0,0,0,0.1,0,0,0,1,0,0,0,0.1,0,0.1,0,0.5,0,0.1,0.5,0.1,0,0.5
8I,OP,25,1982,8,0,0,0,0.1,0.1,0,0,0,0,0,0.5,0,0,0,0,0,0,0,0,0,0,0.1,0,2,0,0,0,0,0,0,0,0,0,0.1,0,0,0,0.1,0,0,0,0,0,0.1,0,0,0.5,3,0,0,0,0.1,0,0.1,0,0.1,0,0.1,0.1,0,0,0.1
0A,BP,25,1982,8,0,0.1,0,0.1,0,0,0.5,0,0,2,3,0,0,0,0,0,1,0,0,0,0,0,0,0.1,0,0,0,0,0,0.1,0,0,0,0.5,0,0.1,0,0.1,0.1,0,0,0,0,0,0,0,0,0,0,0,0,0.1,0.5,0.1,0,0.5,0,0,0.1,0.1,0,0.1
0C,BP,25,1982,8,0,0.1,0,0,0,0,0.5,0,0,20,2,0,0,0,0,0,2,0,0,0.1,0,0,0.1,0.1,0,0,0,0,0,0.1,0,0,0,0.1,0,0,0,0,0.5,0.1,0,0,0,0,0,0,1,0,0,0,0,0.1,0.1,0.1,0,0.5,0,0,0.1,0,0,0.1
0E,BP,25,1982,8,0,0,0,0,0,0,0.1,0,0,1,0.5,0,0,0,0,0,0.5,0,0,0,0,0,0.1,0.1,0,0,0,0,0,0,0,0,0,0.5,0,0.1,0,0.1,0.5,0,0,0,0,0,0.1,0,2,0,0,0,0,0.1,0.1,0.1,0,0.5,0,0,0.1,0.1,0,0.1
0G,BP,25,1982,8,0,0,0,0.1,0,0,0.1,0,0,1,2,0,0,0,0,0.1,1,0,0,0,0,0,0,2,0,0,0,0,0,0,0,0,0,0.5,0,0,0,0.1,1,0.1,0,0,0,0,0,0,0.5,0,0,0,0.1,0.1,0.1,0.1,0,0.5,0,0.1,0.1,0,0,0.1
0I,BP,25,1982,8,0,0,0,0.5,0,0,0,0,0,1,3,0,0,0,0,0,0.5,0,0,0,0,0,0.1,25,0,0.1,0,0,0,0,0.1,0,0,0.5,0,0,0.1,0.1,0.1,0,0,0,0,0,0,0,0.5,0,0,0,0,0.1,0.1,0.1,0,0.1,0,0,0.1,0,0,0.1
4A,BP,25,1982,8,0,0,0.1,0.1,0,0,0.1,0,0,2,1,0,0.1,0,0,0.1,1,0,0,0,0,0,0,1,0,0,0,0,0,0,0.1,0,0,0.1,0,0.1,0,0.5,1,0,0,0,0,0,0,0,1,0,0,0,0.5,0.1,0.1,0.1,0,0.5,0,0,0.1,0.5,0,0.1
4C,BP,25,1982,8,0,0,0,0.1,0.1,0,0,0,0,1,0.5,0,0,0,0,0.5,0.5,0,0,0,0,0,0.1,2,0,0,0,0,0,0.1,0.1,0.1,0,0.5,0,0.1,0.1,0.5,1,0,0,0,0,0,0,0,0,0,0,0,0,0.1,0.1,0.1,0,0.1,0,0,0.5,0.1,0,0.1
4E,BP,25,1982,8,0,0.1,0,0,0,0,0,0,0,0.5,3,0,0,0,0,0,0.5,0,0,0,0,0,0,7,0,0,0,0,0,0.1,0.1,0,0,0.5,0,0,0,0.5,0.5,0.1,0,0,0,0,0,0,0,1,0,0,0,0.1,0.1,0.1,0,0.1,0,0.1,0.1,0,0,0.1
4G,BP,25,1982,8,0,0,0,0,0,0,0,0,0,0,0.5,0,0,0,0,0,0,0,0,0,0,0,0.1,5,0,0,0,0,0,0.1,0,0.1,0,0.5,0,0.1,0,0.1,0.5,0.5,0,0,0,0,0,0,0,0,0,0,0,0.1,0.1,0.1,0,0.5,0,0.1,0.1,0.1,0,0.1
4I,BP,25,1982,8,0,0.5,0,0.1,0,0,0,0,0,0,0.5,0,0,0,0,0,0,0,0,0,0,0,0,15,0,0,0,0,0,0.5,0.1,0,0,0.5,0,0.1,0.1,0.5,0.5,0.1,0,0,0,0,0,0,0.5,1,0,0,0,0.1,0.1,0.1,0,0.1,0,0.1,0.1,0.1,0,0.1
8A,BP,25,1982,8,0,0.1,0.1,0,0,0,0.1,0,0,0.5,1,0,0.1,0,0,0,1,0,0,0,0,0,0,5,0,0,0,0,0,0,0,0.1,0,2,0,0,0,0.5,0.5,0.5,0,0,0,0,0,0,0.1,0,0,0,0,0.1,0.5,0.1,0,0.1,0,0.1,0.1,0.1,0,0.1
8C,BP,25,1982,8,0,0,0,0,0,0,0.1,0,0,1,2,0,0,0,0,0.5,1,0,0,0,0,0,0,2,0,0,0,0,0,0,0,0.1,0,0.1,0,0.1,0,0.1,0.1,0,0,0,0,0,0,0,1,1,0,0,0,0.1,0.1,0.5,0,0.1,0,0,0.1,0.1,0,0.1
8E,BP,25,1982,8,0,0,0,0.1,0,0,0,0,0,0.5,1,0,0,0,0,0,0.5,0,0,0,0,0,0,3,0,0,0,0,0,0.1,0,0,0,0.5,0,0,0.1,0.1,0.1,0,0,0,0,0,0,0,0,0,0,0,0,0.1,0.1,0.1,0,0.5,0,0,0.1,0.1,0,0.1
8G,BP,25,1982,8,0,0,0,0,0,0,0.1,0,0,1,5,0,0,0,0,0,2,0,0,0,0,0,0,2,0,0,0,0,0,0,0.1,0,0,0.5,0,0.1,0,0.5,0.5,0.1,0,0,0,0,0,0,0,1,0,0,0,0.1,0.1,0.1,0,0.5,0,0,0.5,0.1,0,0.1
8I,BP,25,1982,8,0,0,0.5,0,0,0,0.5,0,0,0.1,1,0,0.1,0,0,0,0.5,0,0,0,0,0,0,5,0,0,0,0,0,0,0,0,0,0.1,0,0.1,0,0.5,0.5,0,0,0,0,0,0,0,0,0,0,0,0.1,0.1,0.1,0.1,0,0.1,0,0,0.1,0,0,0.1
0A,TT,25,1982,8,0,0.5,0.5,0.1,0,0,0,0,0.5,0,10,0,0.1,0,0,0,0.1,0,0,0,0,0,0,0.5,0,0,0,0,0,0,0.1,0,0.1,0.5,0,0.1,0,0.5,0.1,0,0,0,0,0,0,0,1,0,0,0,0.5,0.1,0.1,0.1,0,0.1,0.1,0,0.1,0.1,0,0.1
0C,TT,25,1982,8,0,0,0,0,0,0,0,0,0.5,0,50,0,1,0,0,0,0.5,0,0,0,0,0,0,0.1,0,0,0,0,0,0,0.5,0,0,0.5,0,0,0.1,0.5,0.5,0,0,0,0,0,0,0,1,0,0,0,0,0.1,0.1,0.1,0,0.1,0,0.1,0.1,0,0,0.1
0E,TT,25,1982,8,0,0,0,0.5,0,0,0,0,1,0,30,0,1,0,0,0,0,0,0,0,0,0,0,0.5,0,0,0,0,0,0,0.1,0,0,1,0,0.1,0.1,0.5,0.5,0,0,0,0,0,0,0,0.5,0,0,0,1,0.1,0.1,0.1,0,0.1,0,0,0.5,0.1,0,0.1
0G,TT,25,1982,8,0,0,0.1,0.1,0,0,0,0,5,0,40,0,0.5,0,0,0,0.1,0,0,0,0,0,0,1,0,0,0,0,0,0,0.5,0,0,0.5,0,0,0.1,0.5,0.1,0,0,0,0,0,0,0,1,0,0,0,0.5,0.1,0.1,0.1,0.1,0.1,0,0,0.1,0,0,0.1
0I,TT,25,1982,8,0,0.1,0,0.1,0,0,0,0,0,0,5,0,0.5,0,0,0,0,0,0,0,0,0,0,0.5,0,0.1,0,0,0,0,0.1,0,0,2,0,0,0.1,0.5,0.5,0,0,0,0,0,0,0,2,0,0,0,0,0.1,0.1,0.1,0,0.1,0,0,0.1,0,0,0.1
4A,TT,25,1982,8,0,0,0.5,0,0,0,0,0,15,0,45,0,0.1,0,0,0,5,0,0,0,0,0,0,0.5,0,0,0,0,0,0,0.1,0,0,0.1,0,0,0,0.1,0.5,0,0,0,0,0,0,0,0.5,0,0,0,0.1,0.1,0.1,0.1,0.1,0.1,0,0.1,0.1,0.1,0,0.1
4C,TT,25,1982,8,0.1,0,0,0,0,0,0,0,5,0,40,0,0,0,0,0,2,0,0,0,0,0,0,0.5,0,0,0,0,0,0.1,0.1,0,0.1,0.1,0,0.1,0.1,0.1,0.5,0,0,0,0,0,0,0,0.1,0,0,0,0,0.1,0.1,0.1,0,0.5,0,0,0.1,0,0,0.1
4E,TT,25,1982,8,0,0.1,0,0.1,0,0,0,0,5,0,30,0,0.1,0,0,0,3,0,0,0,0,0,0,0.5,0,0,0,0,0,0,0.1,0,0,0.1,0,0,0,0.5,0.1,0,0,0,0,0,0,0,0,0.5,0,0,0,0.1,0.1,0.1,0,0.1,0,0.1,0.1,0,0,0.1
4G,TT,25,1982,8,0,0,0,0.1,0,0,0,0,15,0,20,0,0,0,0,0,1,0,0,0,0,0,0,0.5,0,0,0,0,0,0,0.1,0,0,0.5,0,0,0,0.5,0.1,0,0,0,0,0,0,0,0,0,0,0,0.1,0.1,0.1,0.1,0,0.5,0.1,0.1,0.1,0.1,0,0.1
4I,TT,25,1982,8,0,0,0,0.1,0,0,0,0,10,0,20,0,0.5,0,0,0,5,0,0,0,0,0,0,0.1,0,0,0,0,0,0,0,0,0,0.5,0,0,0,0.5,0.5,0,0,0,0,0,0,0,0,0,0,0,0,0.1,0.1,0.5,0,0.5,0,0,0.1,0.5,0,0.1
8A,TT,25,1982,8,0,0,0,0.1,0,0,0,0,2,0,15,0,2,0,0,0,0.5,0,0,0,0,0,0,1,0,0,0,0,0,0,0.1,0.1,0,0.5,0,0,0,0.5,0.5,0,0,0,0,0,0,0,0.1,0,0,0,0.5,0.1,0.1,0.1,0,0.1,0,0,0.1,0.1,0,0.1
8C,TT,25,1982,8,0,0,0,0,0,0,0,0,1,0,10,0,0,0,0,0,0.5,0,0,0,0,0,0,0.1,0,0,0,0,0,0.1,0.1,0,0,0,0,0,0,0.1,0,0,0,0,0,0,0,0,0,0,0,0,0,0.1,0.1,0.1,0,0.1,0,0,0.1,0,0,0.1
8E,TT,25,1982,8,0,0,0,0,0,0,0,0,10,0,20,0,0.1,0,0,0,0.5,0,0,0,0,0,0,0.5,0,0.1,0,0,0,0.1,0.1,0,0,0.5,0,0,0.1,0.1,0.5,0,0,0,0,0,0,0,1,0,0,0,0,0.1,0.1,0.1,0,0.1,0,0,0.1,0,0,0.1
8G,TT,25,1982,8,0,0,0,0,0,0,0,0,2,0,7,0,3,0,0,0,1,0,0,0,0,0,0,0.5,0,0.1,0,0,0,0,0.5,0,0,3,0,0,0.1,1,1,0,0,0,0,0,0,0,0,0,0,0,0,0.1,0.1,0.1,0,0.5,0,0,0.1,0,0,0.1
8I,TT,25,1982,8,0,0,0,0.1,0,0,0,0,0.5,0,2,0,1,0.1,0,0.1,1,0.1,0,0,0,0,0,0,0,0,0,0,0,0,0.1,0,0,2,0,0.1,0,1,0.5,0,0,0,0,0,0,0,0,0,0,0,0.1,0.1,0.1,0.1,0,0.1,0,0.1,0.1,0,0,0.1
0A,FS,25,1982,8,NA,NA,NA,NA,NA,NA,NA,NA,NA,NA,NA,NA,0.01,3,NA,NA,NA,NA,NA,NA,NA,0.1,NA,40,NA,NA,0.01,NA,NA,NA,NA,1,NA,0.1,NA,NA,NA,2,0.1,2,NA,NA,NA,0.01,NA,1,5,NA,NA,NA,NA,NA,0.01,NA,NA,NA,NA,0.01,0.01,NA,NA,NA
0C,FS,25,1982,8,NA,NA,NA,NA,NA,NA,NA,NA,NA,NA,NA,NA,0.01,1,NA,NA,NA,NA,NA,NA,NA,0.1,NA,20,NA,NA,NA,NA,NA,NA,0.01,0.1,NA,1,NA,0.01,NA,1,0.1,1,0.01,NA,NA,NA,NA,0.1,3,NA,NA,0.01,NA,NA,1,NA,NA,NA,NA,NA,NA,NA,NA,NA
0E,FS,25,1982,8,NA,NA,NA,0.01,NA,NA,NA,NA,0.01,NA,0.01,NA,NA,0.01,NA,NA,NA,NA,NA,NA,NA,NA,NA,3,NA,NA,NA,NA,NA,0.01,NA,NA,NA,0.1,NA,NA,NA,1,0.01,2,NA,NA,NA,NA,NA,NA,1,NA,NA,NA,NA,0.01,0.1,NA,1,NA,0.1,NA,NA,NA,0.01,NA
0G,FS,25,1982,8,NA,NA,NA,NA,NA,NA,NA,NA,NA,NA,NA,NA,NA,30,NA,NA,NA,NA,NA,NA,NA,NA,NA,25,NA,0.01,0.01,NA,NA,NA,0.1,2,NA,2,NA,5,NA,NA,0.1,1,0.1,NA,0.01,NA,NA,NA,0.01,NA,NA,NA,NA,NA,0.01,NA,NA,NA,NA,NA,NA,NA,NA,0.1
0I,FS,25,1982,8,NA,NA,NA,NA,NA,NA,NA,NA,NA,NA,NA,NA,NA,10,NA,NA,NA,NA,NA,NA,NA,NA,NA,30,NA,NA,NA,NA,NA,NA,NA,1,NA,1,NA,2,NA,0.01,0.01,1,NA,NA,NA,0.01,NA,NA,1,NA,NA,NA,NA,NA,0.01,NA,NA,NA,NA,NA,NA,NA,NA,1
4A,FS,25,1982,8,NA,NA,NA,NA,NA,NA,NA,NA,NA,NA,NA,NA,NA,1,NA,NA,NA,NA,NA,NA,NA,0.01,NA,2,NA,NA,NA,NA,NA,NA,NA,0.01,NA,NA,NA,0.1,NA,0.01,0.1,0.1,0.1,NA,NA,NA,0.01,NA,2,NA,NA,NA,NA,NA,0.01,NA,0.1,NA,0.01,NA,NA,NA,0.01,NA
4C,FS,25,1982,8,NA,NA,NA,NA,NA,NA,NA,NA,NA,NA,NA,NA,NA,4,NA,NA,NA,NA,NA,NA,NA,NA,NA,20,NA,NA,NA,NA,NA,NA,0.01,0.1,NA,0.1,NA,0.1,0.01,0.01,NA,1,NA,NA,0.01,NA,0.01,NA,1,NA,NA,NA,NA,NA,0.01,NA,NA,NA,NA,0.01,0.01,NA,NA,0.01
4E,FS,25,1982,8,NA,NA,NA,NA,NA,NA,NA,NA,NA,NA,NA,NA,NA,5,NA,NA,NA,NA,NA,NA,NA,0.01,NA,3,NA,NA,NA,NA,NA,NA,NA,0.1,NA,0.1,NA,2,NA,0.1,0.1,1,NA,NA,NA,NA,NA,NA,0.1,NA,0.01,NA,NA,NA,0.01,NA,NA,NA,NA,0.01,0.01,NA,NA,1
4G,FS,25,1982,8,NA,NA,NA,NA,NA,NA,NA,NA,NA,NA,NA,NA,NA,0.1,NA,NA,NA,NA,NA,NA,NA,0.01,NA,0.1,NA,NA,NA,NA,NA,NA,NA,0.01,NA,0.01,NA,0.01,0.01,0.01,NA,0.01,NA,NA,NA,NA,NA,NA,1,NA,NA,NA,NA,0.01,0.01,0.01,0.01,NA,NA,0.1,0.01,NA,0.01,NA
4I,FS,25,1982,8,NA,NA,NA,NA,NA,NA,NA,NA,NA,NA,NA,NA,NA,30,NA,NA,NA,NA,NA,NA,NA,0.1,NA,5,NA,NA,NA,NA,NA,NA,0.01,1,NA,2,NA,0.1,0.01,0.1,0.01,2,NA,NA,0.01,NA,NA,NA,0.1,NA,0.01,NA,NA,NA,0.1,NA,NA,NA,NA,0.01,NA,NA,NA,0.1
8A,FS,25,1982,8,NA,NA,NA,NA,NA,NA,NA,NA,NA,NA,NA,NA,0.01,15,NA,NA,NA,NA,NA,NA,NA,0.1,NA,25,NA,NA,NA,NA,NA,NA,NA,0.1,NA,NA,NA,1,NA,NA,0.01,2,NA,NA,NA,NA,NA,0.01,3,NA,NA,NA,NA,NA,0.01,NA,NA,NA,NA,0.01,NA,NA,NA,0.01
8C,FS,25,1982,8,NA,NA,NA,NA,NA,NA,NA,NA,NA,NA,NA,NA,NA,5,NA,NA,NA,NA,NA,NA,NA,NA,NA,15,NA,NA,NA,NA,NA,NA,0.01,0.01,NA,0.1,NA,0.01,NA,0.1,0.01,0.1,NA,NA,0.01,1,NA,NA,1,NA,NA,NA,NA,NA,0.01,NA,NA,NA,NA,NA,NA,NA,NA,NA
8E,FS,25,1982,8,NA,NA,NA,NA,NA,NA,NA,NA,NA,NA,NA,NA,NA,0.1,NA,NA,NA,NA,NA,NA,NA,0.01,NA,0.1,NA,NA,NA,NA,NA,NA,0.01,0.01,NA,NA,NA,NA,NA,NA,NA,0.01,NA,NA,NA,NA,NA,NA,2,NA,NA,NA,NA,NA,0.01,NA,0.1,NA,0.01,NA,NA,NA,0.1,NA
8G,FS,25,1982,8,NA,NA,NA,NA,NA,NA,NA,NA,NA,NA,NA,NA,NA,0.1,NA,NA,NA,NA,NA,NA,NA,0.01,NA,1,NA,NA,NA,NA,NA,NA,0.01,0.01,NA,NA,NA,0.01,NA,0.01,NA,0.1,0.1,NA,NA,NA,NA,NA,2,NA,0.01,NA,0.01,NA,0.01,NA,0.1,NA,NA,0.01,NA,NA,0.01,NA
8I,FS,25,1982,8,NA,NA,NA,NA,NA,NA,NA,NA,NA,NA,NA,NA,NA,1,NA,NA,NA,NA,NA,NA,NA,0.1,NA,30,NA,NA,NA,NA,NA,NA,NA,0.1,NA,0.1,NA,0.1,NA,0.1,NA,2,0.1,NA,NA,NA,0.01,NA,2,NA,NA,0.01,NA,NA,0.01,NA,NA,NA,NA,0.01,NA,NA,NA,0.1
0A,FD,25,1982,8,NA,NA,NA,NA,NA,NA,NA,NA,NA,NA,NA,NA,1,NA,NA,NA,NA,NA,NA,NA,NA,0.01,NA,80,NA,1,NA,NA,NA,NA,NA,NA,NA,1,NA,NA,0.1,0.1,NA,0.1,NA,NA,NA,0.1,NA,NA,0.1,NA,NA,NA,0.01,0.1,0.01,0.01,0.1,NA,NA,0.01,0.01,NA,0.01,NA
0C,FD,25,1982,8,NA,NA,NA,NA,NA,NA,NA,NA,NA,NA,NA,NA,0.1,NA,NA,NA,NA,NA,NA,NA,NA,0.1,0.01,75,NA,2,NA,NA,NA,NA,0.01,NA,NA,0.1,NA,NA,NA,0.01,NA,0.1,NA,NA,NA,0.1,NA,NA,1,NA,NA,NA,0.01,0.1,0.01,0.01,0.1,NA,NA,0.01,0.01,NA,0.1,NA
0E,FD,25,1982,8,NA,NA,NA,0.01,NA,NA,NA,NA,0.1,NA,NA,NA,1,NA,NA,NA,NA,NA,NA,NA,NA,0.1,0.01,85,0.1,1,0.01,NA,NA,NA,0.1,NA,NA,0.1,NA,NA,0.1,0.1,0.01,NA,NA,NA,NA,NA,NA,0.1,0.1,NA,NA,NA,0.01,0.1,0.01,0.01,0.01,NA,NA,0.01,0.01,NA,1,NA
0G,FD,25,1982,8,NA,NA,NA,0.1,NA,NA,NA,NA,NA,NA,NA,NA,1,NA,NA,NA,NA,NA,NA,NA,NA,0.1,0.01,80,NA,0.1,NA,NA,NA,NA,NA,NA,NA,1,NA,NA,0.1,0.1,0.1,0.1,NA,NA,NA,NA,0.01,NA,2,NA,NA,NA,0.1,0.1,0.01,0.01,0.01,NA,0.01,0.01,0.01,NA,0.01,NA
0I,FD,25,1982,8,NA,NA,NA,0.01,NA,NA,NA,NA,NA,NA,NA,NA,0.1,NA,NA,NA,NA,NA,NA,NA,NA,0.1,NA,85,NA,0.1,NA,NA,NA,NA,0.1,NA,NA,0.1,NA,NA,0.01,0.01,0.01,0.1,NA,NA,NA,1,NA,0.1,5,NA,NA,NA,0.01,0.1,0.01,0.01,0.01,NA,NA,0.01,0.01,NA,0.01,NA
4A,FD,25,1982,8,NA,NA,NA,0.01,NA,NA,NA,NA,NA,NA,NA,NA,0.1,NA,NA,0.01,NA,NA,NA,NA,NA,0.1,NA,80,NA,0.1,0.01,NA,NA,NA,0.01,NA,NA,1,NA,0.01,NA,0.1,NA,0.1,NA,NA,NA,1,NA,NA,2,NA,NA,NA,0.01,1,0.01,0.01,0.01,NA,NA,0.01,0.01,NA,0.1,NA
4C,FD,25,1982,8,NA,NA,NA,NA,NA,NA,NA,NA,NA,NA,NA,NA,NA,0.01,NA,NA,NA,NA,NA,NA,NA,0.1,NA,85,NA,0.1,0.01,NA,NA,NA,0.01,NA,NA,0.1,NA,NA,0.01,1,NA,0.01,NA,NA,NA,5,NA,NA,NA,NA,NA,NA,0.01,0.01,0.01,0.01,0.1,NA,0.01,0.01,0.01,NA,0.1,NA
4E,FD,25,1982,8,NA,NA,NA,0.01,NA,NA,NA,NA,NA,NA,NA,NA,0.01,NA,NA,NA,NA,NA,NA,NA,NA,0.1,NA,70,NA,0.1,0.01,NA,NA,NA,0.1,NA,NA,0.1,NA,NA,NA,0.1,0.01,0.1,NA,NA,NA,20,NA,NA,1,NA,NA,NA,0.01,0.1,0.01,0.01,0.1,NA,0.01,0.01,0.01,NA,0.1,NA
4G,FD,25,1982,8,NA,NA,NA,0.01,NA,NA,NA,NA,NA,NA,NA,NA,0.01,NA,NA,NA,NA,NA,NA,NA,NA,0.1,0.01,60,NA,2,0.01,NA,NA,NA,0.01,NA,NA,1,NA,NA,0.1,2,NA,0.1,NA,NA,NA,25,NA,NA,0.1,NA,NA,NA,0.01,0.1,0.01,0.1,0.1,NA,NA,0.01,0.01,NA,0.1,NA
4I,FD,25,1982,8,NA,NA,NA,1,NA,NA,NA,NA,0.1,NA,0.01,NA,1,NA,NA,NA,NA,NA,NA,NA,NA,0.1,NA,80,NA,2,0.01,NA,NA,NA,NA,NA,NA,0.1,NA,NA,0.1,0.1,0.1,0.01,NA,NA,NA,1,NA,NA,5,NA,NA,NA,0.01,0.1,0.01,0.01,0.1,NA,0.01,0.01,0.01,NA,0.01,NA
8A,FD,25,1982,8,NA,NA,NA,0.1,NA,NA,NA,NA,NA,NA,NA,NA,0.01,NA,NA,0.01,0.01,NA,NA,NA,NA,0.1,NA,65,NA,1,0.01,NA,NA,NA,0.01,NA,NA,1,NA,0.01,0.01,0.1,0.1,0.1,NA,NA,NA,2,NA,NA,3,NA,NA,NA,0.01,0.1,0.01,0.01,0.01,NA,NA,0.01,0.01,NA,0.01,NA
8C,FD,25,1982,8,NA,NA,NA,0.01,NA,NA,NA,NA,NA,NA,NA,NA,1,NA,NA,NA,NA,NA,NA,NA,NA,0.1,NA,80,NA,0.1,0.01,NA,NA,NA,0.01,NA,NA,0.1,NA,NA,NA,1,0.01,0.01,NA,NA,NA,4,NA,NA,5,NA,NA,NA,0.01,0.01,0.01,0.01,0.01,NA,NA,0.01,0.01,NA,0.1,NA
8E,FD,25,1982,8,NA,NA,NA,0.01,NA,NA,NA,NA,0.01,NA,NA,NA,0.1,NA,NA,0.01,NA,NA,NA,NA,NA,0.1,0.1,75,0.1,2,NA,NA,NA,0.01,0.1,NA,NA,0.1,NA,NA,0.1,NA,NA,NA,NA,NA,NA,1,NA,NA,2,NA,NA,NA,0.01,0.1,0.01,0.01,0.01,NA,NA,0.01,0.01,NA,0.1,NA
8G,FD,25,1982,8,NA,NA,NA,NA,NA,NA,NA,NA,NA,NA,NA,NA,0.1,0.1,NA,NA,NA,NA,NA,NA,NA,0.01,0.01,80,0.1,0.01,NA,NA,NA,NA,NA,NA,NA,0.1,NA,NA,NA,0.1,0.1,0.1,NA,NA,NA,1,NA,NA,0.1,NA,NA,NA,0.01,0.1,0.01,0.01,0.01,NA,0.01,0.01,0.01,NA,0.1,NA
8I,FD,25,1982,8,NA,NA,NA,0.01,NA,NA,NA,NA,0.01,NA,0.01,NA,1,NA,NA,NA,NA,NA,NA,NA,NA,0.1,NA,75,NA,2,0.1,NA,NA,NA,0.01,NA,NA,0.1,NA,0.01,0.01,1,NA,NA,NA,NA,NA,3,NA,NA,2,NA,NA,NA,0.01,1,0.01,0.01,0.1,NA,0.1,0.01,0.01,NA,0.1,NA
0A,WY,25,1982,8,NA,NA,NA,NA,NA,NA,NA,NA,NA,NA,NA,NA,NA,8,NA,NA,NA,NA,NA,NA,NA,0.1,NA,1,NA,NA,NA,NA,NA,NA,NA,0.1,NA,2,NA,0.01,0.01,3,0.01,0.1,0.01,NA,NA,NA,0.01,0.1,2,NA,NA,NA,0.01,0.01,0.01,NA,NA,NA,NA,0.1,0.01,NA,0.01,NA
0C,WY,25,1982,8,NA,NA,NA,NA,NA,NA,NA,NA,NA,NA,NA,NA,NA,3,NA,NA,NA,NA,NA,NA,NA,1,NA,1,NA,NA,NA,NA,NA,NA,0.01,0.01,NA,0.1,NA,NA,0.01,0.1,NA,1,NA,NA,NA,NA,NA,NA,1,NA,NA,NA,0.01,0.01,0.1,NA,0.01,NA,NA,0.1,0.01,NA,0.01,NA
0E,WY,25,1982,8,NA,NA,NA,NA,NA,NA,NA,NA,NA,NA,NA,NA,NA,1,NA,NA,NA,NA,NA,NA,NA,0.1,NA,5,NA,NA,NA,NA,NA,NA,NA,0.1,NA,0.1,NA,0.01,NA,0.1,1,2,NA,NA,NA,NA,NA,NA,2,NA,NA,NA,0.01,0.01,0.01,NA,0.01,NA,NA,0.1,0.01,NA,0.01,NA
0G,WY,25,1982,8,NA,NA,NA,NA,NA,NA,NA,NA,NA,NA,NA,NA,NA,50,NA,NA,NA,NA,NA,NA,NA,0.01,NA,2,NA,NA,NA,NA,NA,NA,0.01,0.1,NA,0.01,NA,0.1,NA,0.1,NA,0.1,0.01,NA,NA,NA,NA,NA,3,NA,NA,NA,0.01,NA,0.01,0.01,0.01,NA,NA,0.01,0.01,NA,0.01,NA
0I,WY,25,1982,8,NA,NA,NA,NA,NA,NA,NA,NA,NA,NA,NA,NA,0.01,30,NA,NA,NA,NA,NA,NA,NA,0.1,NA,1,NA,NA,NA,NA,NA,NA,NA,0.1,NA,0.1,NA,0.1,NA,0.1,0.01,0.1,0.01,NA,NA,NA,NA,NA,10,NA,NA,NA,0.01,0.01,0.01,NA,NA,NA,NA,0.01,0.01,NA,0.01,NA
4A,WY,25,1982,8,NA,NA,NA,NA,NA,NA,NA,NA,NA,NA,NA,NA,NA,25,NA,NA,NA,NA,NA,NA,NA,0.01,NA,2,NA,NA,NA,0.01,NA,NA,0.01,0.1,NA,0.01,NA,0.01,NA,0.1,NA,1,0.01,NA,NA,NA,0.01,NA,1,NA,NA,NA,0.01,0.01,0.01,0.01,NA,NA,NA,0.01,NA,NA,0.01,0.01
4C,WY,25,1982,8,NA,NA,NA,NA,NA,NA,NA,NA,NA,NA,NA,NA,NA,5,NA,NA,NA,NA,NA,NA,NA,0.01,NA,3,NA,NA,NA,NA,NA,0.01,NA,0.1,NA,0.1,NA,0.01,NA,0.01,NA,0.1,NA,NA,NA,0.1,NA,NA,1,NA,NA,NA,0.01,0.01,0.01,NA,0.1,NA,NA,0.01,0.01,NA,0.01,NA
4E,WY,25,1982,8,NA,NA,NA,NA,NA,NA,NA,NA,NA,NA,NA,NA,NA,3,NA,NA,NA,NA,NA,NA,NA,1,NA,3,NA,NA,NA,NA,NA,NA,0.01,0.1,NA,0.1,NA,0.01,NA,0.1,0.01,0.1,0.01,NA,NA,0.01,NA,0.1,3,NA,NA,NA,0.01,0.01,0.01,NA,0.01,NA,NA,0.01,0.01,NA,0.01,NA
4G,WY,25,1982,8,NA,NA,NA,NA,NA,NA,NA,NA,NA,NA,NA,NA,0.1,2,NA,NA,NA,NA,NA,NA,NA,NA,NA,1,NA,NA,NA,NA,NA,NA,0.01,0.1,NA,1,NA,0.01,NA,0.1,0.1,NA,NA,NA,NA,NA,0.01,0.1,1,NA,NA,NA,0.01,0.01,0.01,0.01,0.01,NA,NA,0.01,0.01,NA,0.01,NA
4I,WY,25,1982,8,NA,NA,NA,NA,NA,NA,NA,NA,NA,NA,NA,NA,NA,4,NA,NA,NA,NA,NA,NA,NA,0.01,NA,2,NA,NA,NA,NA,NA,NA,NA,0.1,NA,0.1,NA,0.01,NA,1,0.01,0.1,NA,NA,NA,0.1,NA,NA,15,NA,NA,NA,0.01,0.01,0.1,NA,0.01,NA,NA,0.1,0.01,NA,0.01,NA
8A,WY,25,1982,8,NA,NA,NA,NA,NA,NA,NA,NA,NA,NA,NA,NA,NA,2,NA,NA,NA,NA,NA,NA,NA,0.1,NA,4,NA,NA,NA,NA,NA,NA,NA,0.1,NA,0.1,NA,NA,NA,0.1,NA,1,0.01,NA,NA,0.1,NA,0.1,5,NA,NA,NA,NA,NA,0.01,NA,NA,NA,NA,0.1,0.01,NA,0.01,NA
8C,WY,25,1982,8,NA,NA,NA,NA,NA,NA,NA,NA,NA,NA,NA,NA,NA,2,NA,NA,NA,NA,NA,NA,NA,0.1,NA,1,NA,NA,NA,NA,NA,0.01,NA,0.01,NA,0.1,NA,NA,0.01,0.01,0.1,0.1,0.01,NA,NA,0.01,0.01,NA,NA,NA,NA,NA,0.01,0.01,0.01,NA,0.01,NA,NA,0.01,0.01,NA,0.01,NA
8E,WY,25,1982,8,NA,NA,NA,NA,NA,NA,NA,NA,NA,NA,NA,NA,NA,3,NA,NA,NA,NA,NA,NA,NA,0.1,NA,2,NA,NA,NA,NA,NA,NA,NA,0.1,NA,0.1,NA,0.01,NA,0.01,NA,0.1,NA,NA,NA,0.01,NA,0.01,5,NA,NA,NA,0.01,0.01,0.01,0.01,0.01,NA,NA,0.01,NA,NA,0.01,NA
8G,WY,25,1982,8,NA,NA,NA,NA,NA,NA,NA,NA,NA,NA,NA,NA,NA,30,NA,NA,NA,NA,NA,NA,NA,0.1,NA,1,NA,NA,NA,NA,NA,NA,NA,0.1,NA,0.1,NA,0.01,NA,0.1,NA,1,NA,NA,0.01,0.01,NA,0.01,2,NA,NA,NA,0.01,0.01,0.01,NA,0.01,NA,NA,0.1,0.01,NA,0.01,0.01
8I,WY,25,1982,8,NA,NA,NA,NA,NA,NA,NA,NA,NA,NA,NA,NA,NA,10,NA,NA,NA,NA,NA,NA,NA,NA,0.01,3,NA,NA,NA,NA,NA,NA,NA,0.1,NA,0.1,NA,0.1,NA,0.01,NA,0.1,NA,NA,NA,NA,NA,0.1,2,NA,NA,NA,0.01,0.01,0.1,0.01,0.01,NA,NA,0.1,0.01,NA,0.01,0.01
0A,WO,25,1982,8,NA,NA,NA,0.01,NA,NA,NA,NA,NA,NA,NA,NA,0.1,1,NA,NA,NA,NA,NA,NA,NA,0.01,NA,6,NA,NA,NA,NA,NA,NA,0.01,0.01,NA,0.1,0.01,0.01,0.01,0.1,0.1,1,NA,NA,NA,0.1,NA,NA,1,NA,NA,NA,0.01,0.01,0.1,NA,0.01,NA,0.01,1,0.1,NA,0.01,NA
0C,WO,25,1982,8,NA,NA,NA,NA,NA,NA,NA,NA,NA,NA,NA,NA,NA,0.1,NA,NA,NA,NA,NA,NA,NA,NA,NA,80,NA,NA,NA,NA,NA,NA,0.01,0.01,NA,NA,NA,NA,NA,0.01,0.01,0.1,0.01,NA,NA,5,NA,NA,0.1,NA,NA,NA,NA,0.01,0.01,NA,NA,NA,NA,0.01,NA,NA,0.01,NA
0E,WO,25,1982,8,NA,NA,NA,0.01,NA,NA,NA,NA,NA,NA,0.01,NA,NA,2,NA,NA,NA,NA,NA,NA,NA,0.1,NA,3,NA,NA,NA,NA,NA,NA,1,0.1,NA,0.1,0.01,NA,0.01,0.1,0.1,0.1,NA,NA,NA,4,NA,NA,2,NA,NA,NA,NA,NA,0.01,NA,NA,NA,0.01,0.01,0.1,NA,NA,NA
0G,WO,25,1982,8,NA,NA,NA,NA,NA,NA,NA,NA,NA,NA,NA,NA,NA,0.1,NA,NA,NA,NA,NA,NA,NA,0.1,NA,60,NA,NA,NA,NA,NA,NA,0.1,0.01,NA,0.01,NA,NA,NA,1,0.01,0.1,NA,NA,NA,10,NA,NA,4,NA,NA,NA,NA,0.01,0.01,NA,NA,NA,NA,NA,0.01,NA,NA,NA
0I,WO,25,1982,8,NA,NA,NA,NA,NA,NA,NA,NA,NA,NA,NA,NA,1,0.1,NA,NA,NA,NA,NA,NA,NA,NA,NA,10,NA,NA,NA,NA,NA,NA,0.1,0.01,NA,NA,NA,0.01,NA,0.1,NA,0.1,NA,NA,NA,0.1,NA,NA,1,NA,NA,NA,0.01,0.01,0.01,NA,0.01,NA,NA,0.01,0.01,NA,0.01,NA
4A,WO,25,1982,8,NA,NA,NA,0.01,NA,NA,NA,NA,NA,NA,NA,NA,1,0.1,NA,0.01,NA,NA,NA,NA,NA,NA,NA,0.1,NA,NA,NA,NA,NA,NA,0.01,0.01,NA,2,NA,NA,NA,3,NA,1,NA,NA,NA,NA,NA,NA,1,NA,NA,NA,0.01,0.01,0.1,NA,0.01,NA,NA,0.1,0.01,NA,0.1,NA
4C,WO,25,1982,8,NA,NA,NA,NA,NA,NA,NA,NA,NA,NA,NA,NA,1,0.01,NA,NA,NA,NA,NA,NA,NA,NA,NA,0.01,NA,NA,NA,NA,0.01,NA,0.01,0.01,NA,0.01,NA,0.01,0.01,NA,NA,0.1,NA,NA,NA,NA,NA,NA,NA,NA,NA,NA,0.01,NA,0.01,0.01,0.01,NA,NA,0.1,NA,NA,0.01,NA
4E,WO,25,1982,8,NA,NA,NA,NA,NA,NA,NA,NA,NA,NA,NA,NA,NA,1,NA,NA,NA,NA,NA,NA,NA,0.1,NA,20,NA,NA,NA,NA,NA,NA,NA,0.01,NA,0.1,NA,NA,0.01,0.1,NA,0.1,0.01,NA,NA,3,NA,NA,1,NA,NA,NA,0.01,0.01,0.01,0.01,0.01,NA,NA,0.01,NA,NA,0.01,NA
4G,WO,25,1982,8,NA,NA,NA,NA,NA,NA,NA,NA,NA,NA,NA,NA,NA,1,NA,NA,NA,NA,NA,NA,NA,0.1,NA,5,NA,NA,NA,NA,NA,NA,0.01,0.01,NA,2,NA,0.01,NA,3,NA,0.1,NA,NA,NA,0.1,NA,NA,0.1,NA,NA,NA,0.01,NA,0.01,NA,NA,NA,NA,0.01,NA,NA,0.01,NA
4I,WO,25,1982,8,NA,NA,NA,0.01,NA,NA,NA,NA,NA,NA,NA,NA,NA,0.1,NA,NA,NA,NA,NA,NA,NA,0.1,NA,5,NA,NA,NA,NA,NA,NA,0.01,0.1,NA,NA,NA,NA,0.01,2,0.01,0.1,NA,NA,NA,10,NA,NA,2,NA,NA,NA,0.01,0.01,0.01,0.01,0.01,NA,0.01,0.01,NA,NA,0.01,NA
8A,WO,25,1982,8,NA,NA,NA,0.1,NA,NA,NA,NA,NA,NA,0.1,NA,0.1,1,NA,NA,NA,NA,NA,NA,NA,0.01,NA,30,NA,0.01,NA,NA,NA,NA,0.01,0.01,NA,2,NA,0.01,NA,1,NA,1,NA,NA,NA,1,NA,NA,4,NA,NA,NA,NA,NA,0.01,NA,0.01,NA,NA,0.01,0.01,NA,0.01,NA
8C,WO,25,1982,8,NA,NA,NA,0.01,NA,NA,NA,NA,NA,NA,NA,NA,NA,NA,NA,NA,NA,NA,NA,NA,NA,NA,NA,0.01,NA,NA,NA,NA,NA,NA,NA,NA,NA,0.01,NA,NA,0.01,0.01,NA,NA,NA,NA,NA,NA,NA,NA,NA,NA,NA,NA,0.01,0.01,0.01,0.1,0.01,NA,NA,0.01,0.01,NA,1,NA
8E,WO,25,1982,8,NA,NA,NA,0.1,NA,NA,NA,NA,0.01,NA,NA,NA,0.01,NA,NA,0.1,NA,NA,NA,NA,NA,0.01,NA,1,NA,NA,NA,NA,NA,NA,NA,0.01,NA,3,NA,NA,NA,3,NA,1,NA,NA,NA,0.01,NA,NA,NA,NA,NA,NA,0.01,0.01,0.01,NA,0.01,NA,NA,0.01,0.01,NA,0.01,NA
8G,WO,25,1982,8,NA,NA,NA,NA,NA,NA,NA,NA,NA,NA,NA,NA,2,1,NA,NA,NA,NA,NA,NA,NA,NA,NA,6,NA,NA,NA,NA,NA,0.01,0.01,0.1,NA,2,NA,NA,0.01,2,0.01,1,NA,NA,NA,1,NA,NA,1,NA,NA,NA,0.01,0.1,0.01,0.1,0.01,NA,0.01,0.01,0.01,NA,2,NA
8I,WO,25,1982,8,NA,NA,NA,0.01,NA,NA,NA,NA,NA,NA,NA,NA,0.01,0.1,NA,NA,NA,NA,NA,NA,NA,NA,NA,4,NA,NA,NA,NA,NA,NA,NA,0.1,NA,1,0.01,NA,NA,8,0.1,2,NA,NA,NA,3,NA,NA,NA,NA,NA,NA,0.01,0.01,0.01,NA,0.01,NA,NA,0.01,NA,NA,0.01,NA
0A,MD,25,1982,8,NA,NA,NA,NA,NA,NA,NA,NA,NA,NA,NA,NA,0.1,3,NA,NA,NA,NA,NA,NA,NA,0.1,NA,60,NA,NA,NA,NA,NA,NA,1,1,NA,4,NA,NA,NA,7,NA,1,0.01,NA,NA,5,NA,NA,NA,NA,NA,NA,0.01,0.01,0.1,0.01,0.01,NA,0.01,0.1,0.01,NA,0.01,NA
0C,MD,25,1982,8,NA,NA,NA,NA,NA,NA,NA,NA,NA,NA,NA,NA,NA,1,NA,NA,NA,NA,NA,NA,NA,0.1,NA,85,NA,NA,NA,NA,NA,NA,NA,0.1,NA,1,NA,0.01,NA,10,0.1,0.1,NA,NA,NA,0.1,NA,NA,1,NA,NA,NA,0.01,0.01,0.01,0.01,0.01,NA,0.01,0.1,0.01,NA,0.01,NA
0E,MD,25,1982,8,NA,NA,NA,NA,NA,NA,NA,NA,NA,NA,NA,NA,NA,1,NA,NA,NA,NA,NA,NA,NA,0.1,NA,70,NA,NA,NA,NA,NA,NA,NA,0.1,NA,1,NA,0.01,NA,1,NA,NA,NA,NA,NA,0.1,NA,NA,0.1,NA,NA,NA,0.01,0.01,0.01,0.01,0.01,NA,NA,0.01,0.01,NA,0.01,NA
0G,MD,25,1982,8,NA,NA,NA,NA,NA,NA,NA,NA,NA,NA,NA,NA,NA,2,NA,NA,NA,NA,NA,NA,NA,0.1,NA,55,NA,NA,NA,NA,NA,NA,NA,0.1,NA,2,NA,NA,0.1,4,0.1,0.1,NA,NA,NA,3,NA,NA,NA,NA,NA,NA,0.01,0.01,0.1,0.01,0.01,NA,0.01,0.1,0.1,NA,0.01,NA
0I,MD,25,1982,8,NA,NA,NA,NA,NA,NA,NA,NA,NA,NA,NA,NA,NA,1,NA,NA,NA,NA,NA,NA,NA,0.1,NA,50,NA,NA,NA,NA,NA,NA,0.01,0.1,NA,2,NA,NA,NA,3,0.1,NA,NA,NA,NA,2,NA,NA,0.1,NA,NA,NA,0.01,0.01,0.01,0.01,0.01,NA,0.01,0.01,0.1,NA,0.01,NA
4A,MD,25,1982,8,NA,NA,NA,NA,NA,NA,NA,NA,NA,NA,NA,NA,NA,4,NA,NA,NA,NA,NA,NA,NA,0.1,NA,15,NA,NA,NA,NA,NA,NA,NA,0.1,NA,2,NA,NA,0.01,2,NA,1,0.01,NA,NA,7,NA,NA,NA,NA,NA,NA,0.01,0.01,0.01,0.01,0.01,NA,NA,0.01,0.01,NA,0.01,NA
4C,MD,25,1982,8,NA,NA,NA,NA,NA,NA,NA,NA,NA,NA,NA,NA,NA,4,NA,NA,NA,NA,NA,NA,NA,0.1,NA,40,NA,NA,NA,NA,NA,NA,NA,1,NA,0.1,NA,0.01,NA,1,0.1,0.1,0.01,NA,NA,20,NA,NA,3,NA,NA,NA,0.01,0.01,0.01,0.01,0.01,NA,0.01,0.01,0.01,NA,0.01,NA
4E,MD,25,1982,8,NA,NA,NA,NA,NA,NA,NA,NA,NA,NA,NA,NA,NA,1,NA,NA,NA,NA,NA,NA,NA,0.1,NA,25,NA,NA,NA,NA,NA,NA,NA,1,NA,1,NA,NA,NA,3,0.1,0.1,0.01,NA,NA,3,NA,NA,NA,NA,NA,NA,0.01,0.01,0.01,0.01,0.01,NA,NA,0.01,0.01,NA,0.01,NA
4G,MD,25,1982,8,NA,NA,NA,NA,NA,NA,NA,NA,NA,NA,NA,NA,NA,4,NA,NA,NA,NA,NA,NA,NA,0.01,NA,7,NA,NA,NA,NA,NA,NA,0.01,0.01,NA,1,NA,0.01,NA,5,0.1,0.01,NA,NA,NA,0.01,NA,NA,1,NA,NA,NA,0.01,0.1,0.01,0.01,0.01,NA,0.01,0.1,0.01,NA,0.01,NA
4I,MD,25,1982,8,NA,NA,NA,NA,NA,NA,NA,NA,NA,NA,NA,NA,NA,1,NA,NA,NA,NA,NA,NA,NA,0.1,NA,6,NA,NA,0.01,NA,NA,NA,NA,0.1,NA,1,NA,0.01,0.01,2,0.01,NA,NA,NA,NA,NA,NA,NA,NA,NA,NA,NA,0.01,0.01,0.01,0.01,0.01,NA,0.01,0.01,0.01,NA,0.01,NA
8A,MD,25,1982,8,NA,NA,NA,NA,NA,NA,NA,NA,NA,NA,NA,NA,NA,5,NA,NA,NA,NA,NA,NA,NA,0.1,NA,5,NA,NA,NA,NA,NA,0.01,0.1,0.1,NA,3,NA,0.01,0.01,5,0.1,NA,NA,NA,NA,1,NA,NA,0.1,NA,NA,NA,0.01,0.01,0.01,0.01,0.01,NA,0.01,0.1,0.01,NA,0.01,NA
8C,MD,25,1982,8,NA,NA,NA,NA,NA,NA,NA,NA,NA,NA,NA,NA,NA,8,NA,NA,NA,NA,NA,NA,NA,0.1,NA,30,NA,NA,NA,NA,NA,NA,NA,0.1,NA,1,NA,0.01,0.01,5,NA,0.1,0.01,NA,NA,3,NA,NA,0.1,NA,NA,NA,0.01,0.01,0.01,0.01,0.01,NA,0.01,0.01,0.01,NA,0.01,NA
8E,MD,25,1982,8,NA,NA,NA,0.01,NA,NA,NA,NA,NA,NA,NA,NA,NA,2,NA,NA,NA,NA,NA,NA,NA,1,NA,4,NA,NA,NA,NA,NA,NA,NA,0.1,NA,1,NA,NA,0.01,5,0.1,NA,NA,NA,NA,0.1,NA,NA,NA,NA,NA,NA,0.01,0.1,0.1,0.01,0.1,NA,0.01,0.1,0.01,NA,0.01,NA
8G,MD,25,1982,8,NA,NA,NA,NA,NA,NA,NA,NA,NA,NA,NA,NA,NA,2,NA,NA,NA,NA,NA,NA,NA,0.1,NA,2,NA,0.01,NA,NA,NA,NA,NA,0.01,NA,0.1,NA,0.01,NA,1,0.1,0.1,NA,NA,NA,1,NA,NA,NA,NA,NA,NA,0.01,0.01,0.01,0.01,0.01,NA,0.01,0.01,0.01,NA,0.01,NA
8I,MD,25,1982,8,NA,NA,NA,NA,NA,NA,NA,NA,NA,NA,NA,NA,NA,3,NA,NA,NA,NA,NA,NA,NA,0.01,NA,3,NA,NA,NA,NA,NA,NA,NA,1,NA,1,NA,NA,0.01,3,NA,0.01,0.01,NA,NA,NA,NA,NA,0.1,NA,NA,NA,0.01,0.01,0.01,0.01,0.01,NA,NA,0.01,0.01,NA,0.01,NA
0A,ML,25,1982,8,NA,0.01,NA,1,NA,NA,NA,NA,0.1,NA,15,NA,NA,NA,NA,NA,NA,NA,NA,NA,NA,NA,NA,0.1,NA,NA,NA,NA,NA,NA,0.01,NA,0.01,NA,NA,0.01,NA,NA,0.01,NA,NA,NA,NA,NA,NA,0.1,NA,NA,NA,NA,NA,0.01,0.1,0.01,NA,NA,NA,NA,0.01,NA,0.01,NA
0C,ML,25,1982,8,NA,NA,0.01,0.1,NA,NA,NA,NA,0.1,NA,1,NA,0.01,NA,NA,NA,NA,NA,NA,NA,NA,NA,NA,20,NA,NA,NA,NA,NA,NA,0.01,NA,NA,NA,NA,0.01,NA,NA,NA,NA,NA,NA,NA,NA,NA,1,NA,NA,NA,NA,0.01,0.01,0.01,NA,0.01,NA,NA,0.01,0.01,NA,0.01,NA
0E,ML,25,1982,8,NA,NA,NA,1,NA,NA,NA,NA,0.01,NA,3,NA,NA,NA,NA,NA,NA,NA,NA,NA,NA,NA,NA,40,NA,0.01,NA,NA,NA,0.01,0.01,NA,NA,NA,NA,0.01,NA,0.1,NA,0.01,NA,NA,NA,NA,NA,NA,4,NA,NA,NA,NA,0.01,0.01,NA,0.1,NA,0.1,NA,NA,NA,NA,NA
0G,ML,25,1982,8,NA,NA,NA,1,NA,NA,NA,NA,NA,NA,0.1,0.01,NA,NA,0.1,NA,NA,NA,NA,NA,NA,NA,NA,50,NA,0.01,NA,NA,NA,0.01,0.1,NA,NA,NA,NA,NA,NA,0.01,NA,NA,NA,NA,NA,NA,NA,NA,0.1,NA,NA,NA,0.01,0.01,0.01,NA,0.1,NA,0.01,0.1,0.1,NA,0.01,NA
0I,ML,25,1982,8,NA,NA,NA,0.01,NA,NA,NA,NA,NA,NA,NA,NA,NA,NA,NA,NA,NA,NA,NA,NA,NA,NA,NA,70,NA,0.01,NA,NA,NA,NA,0.01,NA,0.01,0.01,NA,0.01,0.01,0.1,NA,NA,NA,NA,NA,NA,NA,NA,0.1,NA,NA,NA,NA,0.01,0.1,0.01,NA,NA,NA,0.01,0.01,NA,NA,NA
4A,ML,25,1982,8,NA,NA,NA,0.01,NA,NA,NA,NA,NA,NA,0.01,NA,NA,NA,NA,NA,NA,NA,NA,NA,NA,NA,NA,15,NA,NA,NA,NA,NA,NA,NA,NA,NA,NA,NA,NA,NA,NA,0.01,NA,NA,NA,NA,NA,NA,NA,1,NA,NA,NA,NA,NA,0.01,NA,NA,NA,NA,NA,NA,NA,NA,NA
4C,ML,25,1982,8,NA,NA,NA,1,NA,NA,NA,NA,NA,NA,0.1,NA,NA,NA,NA,NA,NA,NA,NA,NA,NA,NA,0.01,10,NA,0.01,NA,NA,NA,0.01,NA,NA,NA,0.01,NA,0.01,0.01,NA,0.01,NA,NA,NA,NA,NA,NA,NA,NA,NA,NA,NA,NA,NA,0.01,NA,0.1,NA,0.01,0.01,0.1,NA,NA,NA
4E,ML,25,1982,8,NA,NA,NA,0.1,NA,NA,NA,NA,0.1,NA,1,NA,NA,NA,NA,NA,NA,NA,NA,NA,NA,NA,NA,70,NA,0.1,NA,NA,NA,NA,0.01,NA,NA,NA,NA,NA,NA,NA,0.01,NA,NA,NA,NA,NA,NA,NA,NA,NA,NA,NA,0.01,0.01,0.1,0.01,0.01,NA,0.01,0.1,NA,NA,0.01,NA
4G,ML,25,1982,8,NA,NA,0.01,0.01,NA,NA,NA,NA,NA,NA,0.1,NA,0.01,0.01,NA,NA,NA,NA,NA,NA,NA,NA,NA,10,NA,0.1,NA,NA,NA,0.01,0.01,NA,NA,0.01,NA,0.01,NA,NA,NA,NA,NA,NA,NA,NA,NA,NA,0.01,NA,NA,NA,NA,NA,0.01,NA,0.01,NA,0.1,NA,NA,NA,NA,NA
4I,ML,25,1982,8,NA,NA,NA,0.1,NA,NA,NA,NA,NA,NA,NA,NA,0.01,NA,NA,NA,NA,NA,NA,NA,NA,0.01,NA,65,NA,0.1,NA,NA,NA,0.01,0.01,NA,NA,0.01,NA,NA,NA,NA,0.1,0.01,NA,NA,NA,NA,NA,NA,NA,NA,NA,NA,NA,NA,0.1,0.01,0.01,NA,NA,0.1,NA,NA,0.01,NA
8A,ML,25,1982,8,NA,NA,NA,0.01,NA,NA,NA,NA,NA,NA,NA,NA,0.01,0.1,NA,NA,NA,NA,NA,NA,NA,NA,NA,55,NA,0.1,NA,NA,NA,0.01,NA,NA,NA,NA,NA,0.01,0.01,NA,0.1,NA,NA,NA,NA,NA,NA,NA,NA,NA,NA,NA,NA,NA,0.01,NA,0.01,NA,NA,0.1,0.01,NA,0.01,NA
8C,ML,25,1982,8,NA,NA,0.01,0.1,NA,NA,NA,NA,NA,NA,1,NA,NA,NA,NA,NA,NA,NA,NA,NA,NA,NA,NA,75,0.01,0.1,NA,NA,NA,NA,0.01,NA,NA,0.01,NA,0.01,NA,NA,0.1,NA,NA,NA,NA,NA,NA,NA,0.1,NA,NA,NA,NA,NA,NA,NA,0.01,NA,0.01,0.01,NA,NA,NA,NA
8E,ML,25,1982,8,NA,NA,0.1,NA,NA,NA,NA,NA,NA,NA,NA,NA,NA,0.01,NA,NA,NA,NA,NA,NA,NA,NA,0.01,85,NA,1,NA,NA,NA,NA,0.01,NA,NA,NA,NA,0.01,0.01,0.01,0.01,NA,NA,NA,NA,0.01,NA,NA,NA,NA,NA,NA,NA,NA,0.01,NA,NA,NA,NA,0.01,NA,NA,NA,NA
8G,ML,25,1982,8,NA,NA,NA,0.1,NA,NA,NA,NA,0.01,NA,0.01,NA,NA,NA,0.01,NA,NA,NA,NA,NA,NA,NA,NA,2,NA,NA,NA,NA,NA,NA,0.01,NA,NA,0.01,NA,0.01,NA,NA,0.1,NA,NA,NA,NA,NA,NA,NA,NA,NA,NA,NA,NA,NA,0.01,NA,NA,NA,NA,0.1,0.01,NA,0.01,NA
8I,ML,25,1982,8,NA,NA,NA,0.1,NA,NA,NA,NA,0.01,NA,0.1,NA,NA,NA,NA,NA,NA,NA,NA,NA,NA,NA,NA,45,NA,0.01,NA,0.01,NA,0.01,0.01,NA,NA,0.01,NA,0.01,0.01,0.01,NA,NA,NA,NA,NA,NA,NA,NA,NA,NA,NA,NA,NA,NA,0.01,NA,0.1,NA,NA,0.01,0.01,NA,NA,NA
0A,OI,25,1982,8,NA,NA,2,NA,NA,NA,NA,NA,NA,NA,NA,NA,2,2,NA,NA,NA,NA,NA,NA,NA,0.1,NA,30,NA,NA,NA,NA,NA,0.01,0.01,0.01,NA,NA,NA,0.01,0.01,0.1,1,1,0.01,NA,NA,NA,NA,NA,NA,NA,NA,NA,0.01,0.1,0.1,0.01,0.01,NA,NA,0.01,0.01,NA,0.01,NA
0C,OI,25,1982,8,NA,NA,NA,NA,NA,NA,NA,NA,NA,NA,NA,NA,2,5,NA,NA,NA,NA,NA,NA,NA,NA,NA,40,NA,NA,NA,NA,NA,NA,NA,NA,NA,NA,NA,0.01,NA,0.1,0.01,1,NA,NA,NA,NA,NA,NA,2,NA,NA,NA,0.01,0.01,0.01,0.01,0.01,NA,0.01,0.01,0.01,NA,0.01,NA
0E,OI,25,1982,8,NA,NA,NA,NA,NA,NA,NA,NA,NA,NA,NA,NA,0.1,7,NA,NA,NA,NA,NA,NA,NA,0.01,0.01,25,NA,NA,NA,0.01,NA,NA,NA,1,NA,0.1,NA,0.01,0.01,1,1,1,0.01,NA,NA,0.01,0.01,NA,1,NA,NA,NA,0.01,0.01,0.01,0.01,0.01,NA,0.01,0.01,0.01,NA,0.01,NA
0G,OI,25,1982,8,NA,NA,NA,NA,NA,NA,NA,NA,NA,NA,NA,NA,0.1,6,NA,NA,NA,NA,NA,NA,NA,0.1,NA,55,NA,0.01,NA,0.01,NA,NA,0.01,0.01,NA,0.1,NA,0.01,0.01,1,0.1,2,NA,NA,NA,0.01,NA,NA,0.01,NA,NA,NA,0.01,0.01,0.01,0.01,NA,NA,NA,0.1,0.01,NA,0.01,NA
0I,OI,25,1982,8,NA,NA,NA,NA,NA,NA,NA,NA,NA,NA,NA,NA,0.1,15,NA,NA,NA,NA,NA,NA,NA,0.01,NA,65,NA,NA,NA,0.01,NA,0.01,0.01,1,NA,0.1,0.01,0.01,NA,0.1,1,1,NA,NA,NA,NA,0.01,NA,3,NA,NA,NA,0.01,0.01,0.01,0.01,0.01,NA,0.01,0.01,0.01,NA,0.01,NA
4A,OI,25,1982,8,NA,NA,NA,NA,NA,NA,NA,NA,NA,NA,NA,NA,0.1,1,NA,NA,NA,NA,NA,NA,NA,1,NA,40,NA,NA,NA,NA,NA,NA,0.01,0.01,NA,0.1,NA,NA,0.01,0.1,0.1,2,NA,NA,NA,NA,NA,NA,3,NA,NA,NA,0.01,0.1,0.01,0.01,0.01,NA,0.01,0.01,0.01,NA,0.01,NA
4C,OI,25,1982,8,NA,NA,NA,NA,NA,NA,NA,NA,NA,NA,0.01,NA,NA,0.1,NA,NA,NA,NA,NA,NA,NA,1,NA,35,NA,NA,NA,NA,NA,NA,0.01,0.01,NA,1,NA,0.01,0.01,1,0.1,2,NA,NA,NA,NA,NA,NA,2,NA,NA,NA,0.01,0.01,0.01,0.01,0.01,NA,0.01,0.01,0.01,NA,0.01,NA
4E,OI,25,1982,8,NA,NA,NA,NA,NA,NA,NA,NA,NA,NA,NA,NA,0.1,1,NA,NA,NA,NA,NA,NA,NA,1,NA,20,NA,NA,NA,NA,NA,NA,0.01,NA,NA,1,0.01,0.01,NA,0.01,0.1,2,NA,NA,NA,NA,NA,NA,1,NA,NA,NA,0.01,0.01,0.01,0.01,0.01,NA,NA,0.01,0.01,NA,0.01,NA
4G,OI,25,1982,8,NA,NA,NA,NA,NA,NA,NA,NA,NA,NA,NA,NA,0.1,1,NA,NA,NA,NA,NA,NA,NA,0.1,NA,25,NA,NA,NA,0.01,NA,0.01,0.1,0.1,NA,1,NA,0.01,0.01,1,0.1,2,NA,NA,NA,NA,NA,NA,2,NA,NA,NA,0.01,0.01,0.01,0.01,0.01,NA,NA,0.01,0.01,NA,0.01,NA
4I,OI,25,1982,8,NA,NA,NA,NA,NA,NA,NA,NA,NA,NA,NA,NA,0.01,1,NA,NA,NA,NA,NA,NA,NA,0.1,NA,20,NA,NA,NA,NA,NA,NA,NA,0.01,0.01,0.1,NA,1,NA,1,NA,2,NA,NA,NA,NA,NA,NA,0.1,NA,NA,NA,0.01,0.01,0.01,0.01,0.1,NA,0.01,0.01,0.01,NA,0.01,NA
8A,OI,25,1982,8,NA,NA,NA,NA,NA,NA,NA,NA,NA,NA,NA,NA,0.1,5,NA,NA,NA,NA,NA,NA,NA,0.1,NA,65,NA,NA,NA,NA,NA,0.01,0.01,0.01,NA,1,NA,0.01,NA,1,0.1,0.1,NA,NA,NA,0.1,0.01,NA,0.1,NA,NA,NA,0.01,0.01,0.01,0.01,0.01,NA,NA,0.01,0.01,NA,0.01,NA
8C,OI,25,1982,8,NA,NA,NA,NA,NA,NA,NA,NA,NA,NA,NA,NA,0.01,1,NA,NA,NA,NA,NA,NA,NA,NA,NA,75,NA,NA,NA,NA,NA,NA,NA,0.1,NA,1,NA,NA,NA,0.1,0.1,1,NA,NA,NA,0.01,NA,NA,1,NA,NA,NA,0.01,0.01,0.01,0.01,0.01,NA,NA,0.01,0.01,NA,0.01,NA
8E,OI,25,1982,8,NA,NA,NA,NA,NA,NA,NA,NA,NA,NA,NA,NA,1,0.01,NA,NA,NA,NA,NA,NA,NA,1,NA,30,NA,NA,NA,NA,NA,0.01,0.1,0.01,NA,1,NA,0.01,0.01,0.01,0.1,0.1,NA,NA,NA,0.01,NA,NA,2,NA,NA,NA,0.01,0.01,0.01,0.01,0.01,NA,0.01,0.1,0.01,NA,0.01,NA
8G,OI,25,1982,8,NA,NA,NA,0.1,NA,NA,NA,NA,0.01,NA,0.1,NA,NA,NA,NA,NA,NA,NA,NA,NA,NA,NA,NA,0.1,NA,NA,NA,0.01,NA,NA,0.01,NA,NA,0.1,NA,0.01,NA,0.01,0.01,NA,NA,NA,NA,NA,NA,NA,1,NA,NA,NA,0.01,0.01,0.01,0.01,0.01,NA,0.01,0.01,0.1,NA,0.01,NA
8I,OI,25,1982,8,NA,NA,NA,NA,NA,NA,NA,NA,NA,NA,1,NA,0.01,NA,NA,NA,NA,NA,NA,NA,NA,0.01,NA,0.01,NA,NA,NA,NA,NA,0.01,0.01,NA,NA,NA,NA,NA,0.01,NA,0.1,NA,NA,NA,NA,NA,NA,NA,NA,NA,NA,NA,0.01,0.01,0.01,0.01,0.1,NA,0.1,0.01,0.01,0.01,0.01,NA
0A,SJ,25,1982,8,NA,NA,NA,0.01,NA,NA,NA,NA,NA,NA,NA,NA,NA,0.1,NA,NA,NA,NA,NA,NA,NA,0.1,NA,65,0.01,0.1,NA,NA,NA,NA,0.01,0.01,NA,0.1,NA,0.01,0.1,NA,1,0.1,NA,NA,NA,0.1,NA,NA,0.1,NA,NA,NA,0.01,0.01,0.1,0.1,0.1,NA,0.01,0.01,0.01,NA,0.01,NA
0C,SJ,25,1982,8,NA,NA,NA,0.1,NA,NA,NA,NA,NA,NA,NA,NA,0.01,0.1,NA,NA,NA,NA,NA,NA,NA,0.1,NA,75,NA,1,NA,NA,NA,0.01,0.01,NA,NA,0.1,NA,0.01,0.01,0.1,1,0.01,NA,NA,NA,0.1,NA,NA,2,NA,NA,NA,0.01,0.1,0.1,0.01,0.01,NA,NA,0.01,0.01,NA,0.01,NA
0E,SJ,25,1982,8,NA,NA,NA,NA,NA,NA,NA,NA,NA,NA,NA,NA,0.1,NA,NA,NA,NA,NA,NA,NA,NA,0.1,NA,75,NA,0.1,NA,NA,NA,0.01,NA,NA,NA,1,NA,NA,0.01,NA,0.1,0.1,NA,NA,NA,NA,NA,NA,3,NA,NA,NA,0.01,0.01,0.01,0.01,0.01,NA,0.01,0.01,0.01,NA,0.01,NA
0G,SJ,25,1982,8,NA,0.01,NA,0.01,NA,NA,NA,NA,NA,NA,0.01,NA,NA,1,NA,NA,NA,NA,NA,NA,NA,0.1,NA,75,NA,1,NA,NA,NA,NA,0.01,NA,NA,0.1,NA,0.01,0.01,0.01,0.1,0.1,NA,NA,NA,0.1,NA,NA,4,NA,NA,NA,0.01,0.01,0.1,0.01,0.01,NA,0.01,0.01,0.01,NA,0.01,NA
0I,SJ,25,1982,8,NA,NA,NA,NA,NA,NA,NA,NA,NA,NA,NA,NA,NA,NA,NA,NA,NA,NA,NA,NA,NA,NA,0.01,50,NA,0.1,NA,0.01,NA,0.01,0.01,NA,NA,0.1,NA,0.01,0.1,0.1,1,0.1,NA,NA,NA,0.1,NA,NA,2,NA,NA,NA,0.01,0.01,0.1,0.01,0.01,NA,0.01,0.01,0.01,NA,0.01,NA
4A,SJ,25,1982,8,NA,NA,NA,0.01,NA,NA,NA,NA,NA,NA,NA,NA,NA,0.01,NA,NA,NA,NA,NA,NA,NA,0.1,0.01,80,NA,1,NA,NA,NA,NA,0.01,0.01,NA,0.1,NA,0.01,0.01,0.01,0.1,NA,NA,NA,NA,0.01,NA,NA,3,NA,NA,NA,0.01,0.01,0.1,0.01,0.01,NA,0.01,0.01,0.01,NA,0.01,NA
4C,SJ,25,1982,8,NA,NA,NA,NA,0.01,NA,NA,NA,NA,NA,NA,NA,0.01,0.1,NA,NA,NA,NA,NA,NA,NA,0.1,NA,40,NA,NA,NA,NA,NA,NA,NA,NA,NA,0.1,NA,NA,NA,0.1,0.1,0.1,NA,NA,NA,0.01,NA,NA,3,NA,0.1,NA,0.01,0.01,0.01,0.01,0.01,NA,NA,0.01,0.01,NA,0.01,NA
4E,SJ,25,1982,8,NA,NA,NA,0.1,NA,NA,NA,NA,NA,NA,0.01,NA,0.01,NA,NA,0.01,NA,NA,NA,NA,NA,NA,NA,35,NA,0.01,NA,NA,NA,NA,0.01,NA,NA,0.1,NA,0.01,0.01,0.1,1,0.1,NA,NA,NA,0.1,NA,0.1,3,NA,NA,NA,0.01,0.01,0.01,0.01,0.01,NA,0.01,0.1,0.01,NA,0.01,NA
4G,SJ,25,1982,8,NA,NA,NA,0.1,NA,NA,NA,NA,NA,NA,NA,NA,0.01,0.01,NA,NA,NA,NA,NA,NA,NA,0.1,NA,75,NA,1,NA,NA,NA,NA,NA,NA,NA,NA,NA,NA,NA,NA,0.1,1,NA,NA,NA,0.1,NA,NA,2,NA,NA,NA,0.01,0.01,0.1,0.01,0.01,NA,NA,0.01,0.01,NA,0.01,NA
4I,SJ,25,1982,8,NA,NA,NA,0.01,NA,NA,NA,NA,NA,NA,NA,NA,0.01,0.1,NA,NA,NA,NA,NA,NA,NA,1,NA,70,NA,0.1,NA,NA,NA,NA,0.01,NA,NA,0.1,NA,0.01,NA,0.1,0.1,NA,NA,NA,NA,NA,NA,NA,3,NA,NA,NA,0.01,0.01,0.1,0.01,0.01,NA,NA,0.1,0.01,NA,0.01,NA
8A,SJ,25,1982,8,NA,NA,NA,NA,NA,NA,NA,NA,NA,NA,NA,NA,0.01,NA,NA,NA,NA,NA,NA,NA,NA,0.1,NA,80,0.01,0.01,NA,NA,NA,NA,0.01,NA,NA,0.1,NA,0.01,NA,0.1,1,0.1,NA,NA,NA,0.1,NA,NA,4,NA,NA,NA,0.01,0.01,0.1,0.01,0.01,NA,0.01,0.01,0.01,NA,0.01,NA
8C,SJ,25,1982,8,NA,NA,NA,0.01,NA,NA,NA,NA,NA,NA,NA,NA,NA,NA,NA,NA,NA,NA,NA,NA,NA,0.1,0.01,70,NA,0.01,NA,NA,NA,NA,0.01,NA,NA,0.1,NA,NA,0.01,0.1,0.1,0.1,NA,NA,NA,0.1,NA,NA,2,NA,NA,NA,0.01,0.01,0.1,0.01,0.01,NA,0.01,0.1,0.01,NA,0.01,NA
8E,SJ,25,1982,8,NA,NA,NA,0.01,NA,NA,NA,NA,NA,NA,NA,NA,NA,0.1,NA,NA,NA,NA,NA,NA,NA,0.1,NA,45,NA,0.1,NA,NA,NA,NA,0.1,NA,NA,0.1,NA,0.01,0.01,0.1,0.01,0.01,NA,NA,NA,NA,NA,NA,2,NA,NA,NA,0.01,0.01,0.1,0.01,0.1,NA,0.01,0.01,0.01,NA,0.01,NA
8G,SJ,25,1982,8,NA,NA,NA,NA,NA,NA,NA,NA,NA,NA,NA,NA,0.01,0.01,NA,NA,NA,NA,0.01,NA,NA,0.1,NA,80,NA,0.1,NA,0.01,NA,0.01,0.01,0.01,NA,0.1,NA,0.01,0.1,0.1,0.1,0.1,NA,NA,NA,0.01,NA,NA,3,NA,NA,NA,0.01,0.01,0.1,0.01,0.01,NA,NA,0.01,0.01,NA,0.01,NA
8I,SJ,25,1982,8,NA,NA,NA,NA,NA,NA,NA,NA,NA,NA,NA,NA,0.01,0.1,NA,NA,NA,NA,NA,NA,NA,0.01,0.01,75,NA,1,NA,NA,NA,0.01,0.1,NA,NA,0.1,NA,NA,0.01,0.1,1,0.1,NA,NA,NA,0.1,NA,NA,1,NA,NA,NA,0.01,0.01,0.1,0.01,0.1,NA,0.01,0.1,0.01,NA,0.01,NA
0A,BH,25,1982,8,NA,NA,NA,0.01,NA,NA,NA,NA,NA,NA,0.01,NA,0.01,NA,NA,NA,NA,NA,NA,NA,NA,NA,0.01,45,NA,NA,NA,NA,NA,NA,0.01,NA,NA,0.1,NA,0.01,0.01,0.1,1,0.1,NA,NA,NA,NA,NA,NA,3,0.01,0.01,NA,0.01,1,0.1,0.01,2,NA,0.01,0.1,0.1,NA,1,NA
0C,BH,25,1982,8,NA,NA,NA,0.1,NA,NA,NA,NA,0.01,NA,0.1,NA,0.1,1,NA,NA,NA,NA,NA,NA,NA,NA,NA,55,NA,NA,NA,NA,NA,NA,0.1,NA,NA,1,0.01,0.01,0.01,1,0.1,0.1,NA,NA,NA,NA,NA,1,4,NA,NA,NA,0.01,0.01,0.1,0.01,0.01,NA,NA,0.01,0.1,NA,0.1,NA
0E,BH,25,1982,8,NA,NA,NA,0.01,NA,NA,NA,NA,NA,NA,0.01,NA,0.1,0.01,NA,0.01,NA,0.01,NA,NA,NA,0.01,NA,25,NA,0.01,NA,NA,NA,NA,0.1,NA,NA,1,NA,0.01,0.01,0.1,0.1,0.1,NA,NA,NA,NA,NA,NA,1,NA,0.01,NA,0.01,0.1,0.1,0.01,0.1,NA,NA,0.1,0.01,NA,0.01,NA
0G,BH,25,1982,8,NA,NA,0.1,NA,NA,NA,NA,NA,NA,NA,NA,NA,0.01,0.1,NA,NA,NA,NA,NA,NA,NA,0.01,NA,50,NA,NA,NA,NA,NA,0.01,0.01,NA,NA,0.1,NA,0.01,0.01,0.01,0.1,0.01,NA,NA,NA,NA,NA,1,5,NA,NA,NA,0.1,0.01,0.01,0.01,0.1,NA,NA,0.01,0.01,NA,0.01,NA
0I,BH,25,1982,8,NA,NA,NA,NA,NA,NA,NA,NA,NA,NA,NA,NA,0.1,NA,NA,NA,NA,NA,NA,NA,NA,NA,NA,50,NA,NA,NA,NA,NA,NA,0.1,NA,NA,0.1,NA,0.01,0.01,0.1,1,NA,NA,NA,NA,NA,NA,0.1,4,NA,NA,NA,0.01,0.1,0.1,0.01,0.1,NA,NA,0.01,0.01,NA,0.1,NA
4A,BH,25,1982,8,NA,NA,0.1,0.1,NA,NA,NA,NA,NA,NA,NA,NA,NA,1,NA,NA,NA,NA,NA,NA,NA,NA,NA,70,NA,NA,NA,NA,NA,NA,0.1,NA,NA,0.1,NA,0.01,NA,0.1,0.1,0.1,NA,NA,NA,NA,NA,NA,1,NA,NA,NA,0.01,0.01,0.01,0.01,0.01,NA,NA,0.1,0.01,NA,0.01,NA
4C,BH,25,1982,8,NA,NA,0.1,0.01,0.01,NA,NA,NA,NA,NA,0.1,NA,0.1,1,NA,NA,NA,NA,NA,NA,NA,NA,NA,25,NA,NA,NA,NA,NA,0.01,0.1,0.01,NA,1,NA,0.01,0.1,0.1,0.1,0.1,NA,NA,NA,NA,NA,NA,2,NA,NA,NA,0.01,0.01,0.1,0.01,1,NA,NA,0.1,0.01,NA,0.01,NA
4E,BH,25,1982,8,NA,NA,NA,0.01,NA,NA,NA,NA,NA,NA,NA,NA,0.1,1,NA,NA,NA,NA,NA,NA,NA,0.1,NA,65,NA,NA,NA,NA,NA,0.01,0.1,NA,NA,1,NA,0.1,0.01,0.1,0.1,1,NA,NA,NA,NA,NA,NA,4,NA,NA,0.01,0.01,0.01,0.01,0.01,0.01,NA,NA,0.01,0.01,NA,0.1,NA
4G,BH,25,1982,8,NA,NA,NA,NA,NA,NA,NA,NA,NA,NA,NA,NA,1,NA,NA,NA,NA,NA,NA,NA,NA,0.01,0.01,65,NA,NA,NA,NA,NA,0.01,NA,0.01,NA,2,NA,0.01,NA,0.1,1,0.1,NA,NA,NA,NA,NA,NA,1,NA,NA,NA,0.01,0.1,0.1,0.01,0.1,NA,NA,0.1,0.1,NA,0.01,NA
4I,BH,25,1982,8,NA,NA,NA,NA,NA,NA,NA,NA,NA,NA,NA,NA,NA,1,NA,NA,NA,NA,NA,NA,NA,0.1,NA,75,NA,NA,NA,NA,NA,NA,0.01,NA,NA,0.1,NA,0.01,0.1,0.1,1,1,0.01,NA,NA,NA,NA,0.1,2,NA,NA,NA,0.01,0.1,0.1,NA,0.01,NA,NA,0.1,0.01,NA,0.1,NA
8A,BH,25,1982,8,NA,NA,NA,0.1,NA,NA,NA,NA,0.01,NA,1,NA,0.1,0.01,NA,0.1,0.1,NA,NA,NA,NA,0.01,NA,20,NA,NA,NA,NA,NA,0.01,0.1,NA,NA,2,NA,0.01,0.01,0.1,1,0.01,NA,NA,NA,NA,NA,NA,1,NA,NA,NA,0.01,0.01,0.01,0.01,1,NA,NA,0.1,0.1,NA,0.1,NA
8C,BH,25,1982,8,NA,NA,0.1,0.1,NA,NA,NA,NA,NA,NA,0.1,NA,1,NA,NA,0.01,NA,NA,NA,NA,NA,0.01,NA,65,NA,NA,NA,NA,NA,0.01,NA,0.01,NA,1,NA,0.01,NA,0.1,0.1,0.01,NA,NA,NA,NA,NA,0.1,2,NA,NA,NA,0.01,0.01,0.01,0.01,0.1,NA,0.01,0.01,0.1,NA,0.1,NA
8E,BH,25,1982,8,NA,NA,NA,0.01,NA,NA,NA,NA,NA,NA,NA,NA,1,NA,NA,NA,NA,NA,NA,NA,NA,NA,0.01,75,NA,NA,NA,NA,NA,NA,0.01,NA,NA,0.1,NA,NA,0.01,0.1,0.1,0.1,NA,NA,NA,NA,NA,NA,0.1,NA,NA,NA,0.01,0.01,0.1,0.01,0.1,NA,NA,1,0.1,NA,0.01,NA
8G,BH,25,1982,8,NA,NA,NA,0.1,NA,NA,NA,NA,NA,NA,NA,NA,0.1,NA,NA,NA,NA,NA,NA,NA,NA,NA,NA,20,NA,NA,NA,NA,NA,0.01,0.1,0.01,NA,1,NA,0.01,NA,0.1,1,NA,NA,NA,NA,NA,NA,NA,1,NA,NA,NA,0.01,0.01,0.01,0.01,1,NA,NA,0.01,0.01,NA,0.01,NA
8I,BH,25,1982,8,NA,NA,NA,0.01,NA,NA,NA,NA,NA,NA,NA,NA,NA,0.1,NA,NA,NA,NA,NA,NA,NA,0.01,NA,75,NA,NA,NA,NA,NA,0.01,NA,NA,NA,0.1,NA,0.01,0.1,1,0.1,0.1,NA,NA,NA,NA,NA,NA,4,NA,NA,NA,0.01,0.1,0.01,0.01,0.01,NA,NA,0.01,0.1,NA,0.01,NA
0A,JS,25,1982,8,NA,NA,NA,NA,NA,NA,NA,NA,NA,NA,NA,NA,NA,NA,NA,NA,NA,NA,NA,NA,NA,0.1,0.01,80,0.01,0.1,NA,NA,NA,NA,0.1,NA,NA,0.1,NA,0.1,NA,0.1,1,0.1,NA,NA,NA,0.1,NA,NA,1,NA,NA,NA,0.01,0.01,0.1,0.01,0.01,NA,NA,0.1,0.01,NA,0.01,NA
0C,JS,25,1982,8,NA,NA,NA,NA,NA,NA,NA,NA,NA,NA,NA,NA,NA,0.1,NA,NA,NA,NA,NA,NA,NA,0.1,0.01,60,NA,1,NA,NA,NA,0.01,0.1,NA,NA,1,NA,0.1,0.01,0.1,1,NA,NA,NA,NA,0.1,NA,NA,1,NA,NA,NA,0.01,0.01,0.1,0.01,0.01,NA,NA,0.1,0.01,NA,0.01,NA
0E,JS,25,1982,8,NA,NA,NA,NA,NA,NA,NA,NA,NA,NA,NA,NA,NA,0.1,NA,NA,NA,NA,NA,NA,NA,0.1,0.1,80,NA,1,NA,0.01,NA,0.01,0.1,0.1,NA,0.1,NA,0.1,0.1,0.1,1,0.1,NA,NA,NA,0.1,NA,NA,1,NA,NA,NA,0.01,0.01,0.01,0.01,0.01,NA,NA,0.01,0.01,NA,0.01,NA
0G,JS,25,1982,8,NA,NA,NA,NA,NA,NA,NA,NA,NA,NA,NA,NA,NA,0.1,NA,NA,NA,NA,NA,NA,NA,0.1,0.1,75,NA,1,NA,NA,NA,0.01,0.1,0.1,NA,0.1,NA,0.1,0.01,0.1,1,NA,NA,NA,0.01,1,NA,NA,2,NA,0.01,NA,0.01,0.01,0.01,0.01,0.01,NA,NA,0.1,0.01,NA,0.01,NA
0I,JS,25,1982,8,NA,NA,NA,NA,NA,NA,NA,NA,NA,NA,NA,NA,0.01,0.1,NA,NA,NA,NA,NA,NA,NA,0.1,0.01,75,NA,0.1,NA,NA,NA,NA,NA,0.01,NA,0.1,0.01,0.01,0.01,0.1,1,0.1,NA,NA,NA,NA,NA,NA,0.1,NA,NA,NA,0.01,0.01,0.01,0.01,0.01,NA,NA,0.1,0.1,NA,0.01,NA
4A,JS,25,1982,8,NA,NA,NA,NA,NA,NA,NA,NA,NA,NA,NA,NA,NA,0.01,NA,NA,NA,NA,NA,NA,NA,0.1,0.01,85,NA,1,NA,NA,NA,NA,0.01,NA,NA,0.1,NA,0.1,0.1,0.01,0.1,1,NA,NA,NA,1,NA,NA,NA,NA,NA,NA,0.01,0.01,0.01,0.01,0.01,NA,NA,0.01,0.01,NA,0.01,NA
4C,JS,25,1982,8,NA,NA,NA,NA,NA,NA,NA,NA,NA,NA,NA,NA,NA,0.1,NA,NA,NA,NA,NA,NA,NA,0.1,0.01,70,NA,0.1,NA,NA,NA,NA,NA,0.01,NA,0.1,NA,NA,0.01,NA,1,NA,0.01,NA,NA,2,NA,NA,1,NA,NA,NA,0.01,0.01,0.1,0.01,0.01,NA,NA,NA,0.01,NA,0.01,NA
4E,JS,25,1982,8,NA,NA,NA,NA,NA,NA,NA,NA,NA,NA,NA,NA,NA,NA,NA,NA,NA,NA,NA,NA,NA,0.1,NA,65,0.01,0.01,NA,NA,NA,0.01,0.1,NA,NA,0.1,NA,0.01,0.01,0.1,1,NA,NA,NA,NA,0.1,NA,NA,1,NA,NA,NA,0.01,0.01,0.01,0.01,0.1,NA,NA,1,0.01,NA,0.01,NA
4G,JS,25,1982,8,NA,NA,NA,NA,NA,NA,NA,NA,NA,NA,NA,NA,NA,1,NA,NA,NA,NA,NA,NA,NA,0.1,NA,55,NA,0.1,NA,NA,NA,NA,NA,NA,NA,0.1,NA,0.01,0.01,0.1,1,0.01,NA,NA,NA,0.1,0.01,NA,0.1,NA,NA,NA,0.01,0.1,0.01,0.01,0.1,NA,NA,1,0.1,NA,0.01,NA
4I,JS,25,1982,8,NA,NA,NA,NA,NA,NA,NA,NA,NA,NA,NA,NA,NA,0.1,NA,NA,NA,NA,NA,NA,NA,0.1,0.01,50,NA,0.01,NA,0.01,NA,NA,NA,0.01,NA,NA,NA,0.01,0.1,1,1,0.1,0.01,NA,NA,0.1,NA,NA,NA,NA,NA,NA,0.01,0.01,0.01,0.01,0.1,NA,NA,0.01,0.01,NA,0.01,NA
8A,JS,25,1982,8,NA,NA,NA,NA,NA,NA,NA,NA,NA,NA,NA,NA,0.01,NA,NA,NA,NA,NA,NA,NA,NA,1,NA,65,NA,0.1,NA,NA,NA,0.01,0.1,0.1,NA,1,NA,0.01,0.1,1,NA,NA,NA,NA,NA,NA,NA,NA,NA,NA,NA,NA,0.01,0.01,0.1,0.01,0.1,NA,NA,0.1,0.01,NA,0.01,NA
8C,JS,25,1982,8,NA,NA,NA,NA,NA,NA,NA,NA,NA,NA,NA,NA,NA,0.01,NA,NA,NA,NA,NA,NA,NA,0.1,NA,55,NA,0.01,NA,NA,NA,NA,1,NA,NA,0.1,NA,0.1,0.01,0.1,1,0.1,NA,NA,NA,NA,NA,NA,4,NA,NA,NA,0.01,0.01,0.1,0.01,0.1,NA,NA,0.1,0.01,NA,0.01,NA
8E,JS,25,1982,8,NA,NA,NA,NA,NA,NA,NA,NA,NA,NA,NA,NA,NA,0.1,NA,NA,NA,NA,NA,NA,NA,0.1,0.01,75,NA,1,NA,NA,NA,NA,0.1,NA,NA,0.1,NA,0.01,0.01,0.1,NA,0.1,NA,NA,NA,0.01,NA,NA,1,NA,NA,NA,0.01,0.01,0.01,0.01,0.01,NA,NA,0.01,0.01,NA,0.01,NA
8G,JS,25,1982,8,NA,NA,NA,NA,NA,NA,NA,NA,NA,NA,NA,NA,NA,0.1,NA,NA,NA,NA,NA,NA,NA,0.01,0.1,90,NA,1,NA,NA,NA,0.01,0.01,0.1,NA,0.1,NA,0.01,NA,0.1,0.01,NA,NA,NA,NA,0.1,NA,NA,NA,NA,NA,NA,0.01,0.01,0.01,0.01,0.01,NA,NA,0.01,0.01,NA,0.01,NA
8I,JS,25,1982,8,NA,NA,NA,NA,NA,NA,NA,NA,NA,NA,NA,NA,NA,0.1,NA,NA,NA,NA,NA,NA,NA,1,NA,75,NA,0.1,NA,NA,NA,NA,0.01,NA,NA,0.1,NA,0.1,0.01,0.1,1,1,NA,NA,NA,NA,NA,NA,NA,NA,NA,NA,0.01,0.01,0.1,0.01,0.01,NA,NA,0.01,NA,NA,0.01,NA
0A,RL,25,1982,8,NA,NA,NA,0.1,NA,NA,NA,NA,3,0.1,15,NA,0.01,NA,NA,NA,1,NA,NA,NA,NA,NA,NA,10,NA,NA,NA,NA,NA,NA,0.01,NA,NA,0.01,NA,NA,NA,0.01,0.01,NA,NA,NA,NA,NA,NA,NA,1,NA,NA,NA,0.01,0.01,0.1,0.01,0.1,NA,NA,0.01,0.1,NA,0.1,NA
0C,RL,25,1982,8,NA,NA,NA,NA,NA,NA,NA,NA,2,0.01,15,NA,0.01,NA,NA,0.1,1,NA,NA,NA,NA,NA,NA,55,NA,NA,NA,NA,NA,NA,0.01,0.01,0.01,0.1,NA,NA,0.01,0.1,0.1,NA,NA,NA,NA,NA,NA,NA,7,NA,NA,NA,0.01,0.01,0.1,0.01,0.1,NA,0.1,0.01,1,NA,1,NA
0E,RL,25,1982,8,NA,NA,NA,1,NA,NA,NA,NA,NA,NA,5,NA,0.1,NA,NA,NA,0.1,NA,NA,NA,NA,0.01,NA,75,NA,NA,NA,NA,NA,NA,0.01,NA,NA,1,NA,0.01,0.1,0.1,0.01,NA,NA,NA,NA,NA,NA,NA,2,NA,NA,NA,0.01,0.01,0.1,0.01,0.1,NA,0.01,0.01,0.1,NA,0.1,NA
0G,RL,25,1982,8,NA,NA,NA,0.1,NA,NA,NA,NA,0.01,NA,7,NA,0.1,NA,NA,NA,0.01,NA,NA,NA,NA,0.01,NA,65,NA,NA,NA,NA,NA,NA,0.1,0.01,NA,0.1,0.01,NA,NA,0.1,0.1,NA,NA,NA,NA,NA,NA,NA,10,NA,NA,NA,0.01,0.01,0.1,0.01,0.1,NA,0.01,0.01,0.01,NA,0.1,NA
0I,RL,25,1982,8,NA,NA,NA,NA,NA,NA,NA,NA,NA,NA,0.01,NA,0.01,NA,NA,NA,NA,NA,NA,NA,NA,0.01,NA,70,NA,NA,NA,NA,NA,NA,0.01,NA,NA,0.1,NA,0.1,0.01,0.01,0.01,NA,NA,NA,NA,NA,NA,NA,2,NA,NA,NA,0.01,0.01,0.1,NA,0.01,NA,NA,0.01,0.01,NA,0.1,NA
4A,RL,25,1982,8,NA,NA,NA,1,NA,NA,NA,NA,20,NA,65,NA,NA,NA,NA,0.1,2,NA,NA,NA,NA,NA,NA,2,NA,NA,NA,NA,NA,NA,0.01,NA,NA,0.01,NA,NA,NA,NA,0.01,NA,NA,NA,NA,NA,NA,NA,NA,NA,NA,NA,0.01,0.01,0.01,0.01,0.1,NA,0.01,0.01,0.01,NA,0.1,NA
4C,RL,25,1982,8,NA,NA,NA,0.01,NA,NA,NA,NA,NA,NA,2,NA,NA,NA,NA,0.1,NA,NA,NA,NA,NA,NA,NA,40,NA,NA,NA,NA,NA,NA,0.1,NA,NA,0.01,NA,NA,NA,0.01,0.1,NA,NA,NA,NA,NA,NA,1,2,NA,NA,NA,0.01,0.01,0.1,0.1,0.1,NA,0.01,0.01,0.01,NA,0.1,NA
4E,RL,25,1982,8,NA,NA,NA,0.1,NA,NA,NA,NA,2,NA,5,NA,2,NA,NA,0.1,0.01,NA,NA,NA,NA,NA,NA,30,NA,NA,NA,NA,NA,NA,0.01,NA,NA,0.1,NA,NA,0.01,NA,0.1,NA,NA,NA,NA,NA,NA,2,2,NA,NA,NA,0.01,0.01,0.1,0.1,0.01,NA,0.01,0.1,0.01,NA,0.1,NA
4G,RL,25,1982,8,NA,NA,NA,0.1,NA,NA,NA,NA,5,NA,30,NA,0.1,NA,NA,0.01,0.1,NA,NA,NA,NA,NA,NA,25,NA,NA,NA,NA,NA,NA,0.01,0.01,NA,0.1,NA,NA,NA,0.1,0.1,NA,NA,NA,NA,NA,NA,0.1,1,2,NA,NA,0.01,0.01,0.01,0.01,0.01,NA,NA,0.01,0.01,NA,0.1,NA
4I,RL,25,1982,8,NA,NA,NA,0.1,NA,NA,NA,NA,10,0.1,20,NA,NA,NA,NA,1,NA,NA,NA,NA,NA,NA,NA,60,NA,0.1,NA,NA,NA,NA,NA,NA,NA,0.1,NA,NA,0.1,0.1,NA,0.01,NA,NA,NA,NA,NA,1,2,NA,NA,NA,0.01,0.01,0.1,0.01,0.1,NA,0.01,0.01,0.01,NA,0.1,NA
8A,RL,25,1982,8,NA,NA,NA,0.1,NA,NA,NA,NA,5,NA,50,NA,NA,NA,NA,0.01,0.1,NA,NA,NA,NA,NA,NA,30,NA,1,NA,NA,NA,NA,0.01,NA,NA,0.1,NA,NA,NA,NA,0.01,0.01,NA,NA,NA,0.01,NA,NA,1,NA,NA,NA,0.01,0.01,0.01,0.01,0.01,NA,0.01,0.01,0.01,NA,0.1,NA
8C,RL,25,1982,8,NA,NA,NA,0.1,0.1,NA,NA,NA,1,NA,2,NA,0.01,NA,NA,NA,0.1,NA,NA,NA,NA,0.01,NA,85,NA,0.1,NA,NA,NA,NA,0.01,NA,NA,0.01,NA,NA,NA,0.01,0.01,0.01,NA,NA,NA,NA,NA,1,4,NA,NA,NA,0.1,0.01,0.01,0.01,0.1,NA,0.01,0.01,0.01,NA,0.01,NA
8E,RL,25,1982,8,NA,NA,0.1,1,NA,NA,NA,NA,0.01,NA,3,NA,0.1,NA,NA,0.1,1,NA,NA,NA,NA,0.01,NA,55,NA,0.1,NA,NA,NA,NA,0.01,NA,NA,0.1,NA,0.01,NA,0.1,0.1,0.01,NA,NA,NA,0.01,NA,0.1,2,NA,NA,NA,0.01,0.01,0.01,NA,0.1,NA,NA,0.1,0.1,NA,1,NA
8G,RL,25,1982,8,NA,NA,NA,1,NA,NA,NA,NA,0.1,NA,3,NA,0.01,NA,NA,0.01,NA,NA,NA,NA,NA,NA,NA,75,NA,1,NA,NA,NA,NA,0.01,NA,NA,0.1,NA,0.01,0.01,0.1,0.01,NA,NA,NA,NA,NA,NA,0.1,5,NA,NA,NA,0.01,0.01,0.01,0.01,0.01,NA,NA,0.01,0.01,NA,0.01,NA
8I,RL,25,1982,8,NA,NA,NA,0.1,NA,NA,NA,NA,0.1,NA,1,NA,0.1,NA,NA,NA,NA,NA,NA,NA,NA,0.01,NA,85,NA,NA,NA,NA,NA,NA,NA,NA,NA,1,NA,NA,0.01,0.1,0.1,0.01,NA,NA,NA,NA,NA,0.1,3,NA,NA,NA,0.01,0.01,0.01,0.01,0.01,NA,NA,0.01,0.01,NA,0.01,NA
0A,LF,25,1982,8,NA,NA,NA,NA,NA,NA,NA,NA,NA,NA,NA,NA,NA,1,NA,NA,NA,NA,NA,NA,NA,1,NA,65,NA,1,NA,NA,NA,NA,NA,NA,NA,0.1,NA,NA,NA,0.1,1,0.1,0.01,NA,NA,0.1,NA,NA,2,NA,NA,NA,0.01,0.01,0.01,0.01,0.1,NA,NA,0.01,0.01,NA,0.01,NA
0C,LF,25,1982,8,NA,NA,NA,1,NA,NA,NA,NA,NA,NA,1,NA,NA,1,NA,NA,NA,NA,NA,NA,NA,1,NA,75,NA,2,NA,NA,NA,NA,0.1,NA,NA,1,NA,0.01,0.01,1,0.1,0.1,NA,NA,NA,1,NA,NA,1,NA,NA,NA,0.01,0.01,0.1,0.01,0.01,NA,NA,0.01,0.01,NA,0.01,NA
0E,LF,25,1982,8,NA,NA,NA,1,NA,NA,NA,NA,NA,NA,2,NA,NA,NA,NA,0.01,0.1,NA,NA,NA,NA,0.1,0.01,75,0.01,2,NA,NA,NA,NA,NA,0.01,NA,1,NA,0.01,NA,1,0.1,0.1,NA,NA,NA,1,NA,NA,2,NA,NA,NA,0.01,0.01,0.01,0.01,0.01,NA,NA,0.1,0.01,NA,0.01,NA
0G,LF,25,1982,8,NA,NA,NA,1,NA,NA,NA,NA,NA,NA,2,NA,NA,NA,NA,NA,0.1,NA,NA,NA,NA,0.1,0.1,75,0.01,1,NA,NA,NA,NA,0.01,NA,NA,0.1,NA,NA,NA,0.1,NA,0.1,NA,NA,NA,0.1,NA,NA,3,NA,NA,NA,0.01,0.1,0.1,0.1,0.1,NA,NA,0.1,0.01,NA,0.1,NA
0I,LF,25,1982,8,NA,NA,NA,1,NA,NA,NA,NA,0.1,NA,1,NA,NA,NA,NA,NA,1,NA,NA,NA,NA,0.1,NA,50,NA,1,NA,NA,NA,NA,NA,NA,NA,0.01,NA,NA,NA,0.1,NA,NA,NA,NA,NA,0.01,NA,NA,2,NA,NA,NA,0.01,1,0.01,0.1,1,NA,NA,0.01,0.01,NA,1,NA
4A,LF,25,1982,8,NA,NA,NA,2,NA,NA,NA,NA,NA,NA,0.1,NA,NA,NA,NA,NA,NA,NA,NA,NA,NA,0.1,0.1,75,NA,1,NA,NA,NA,NA,0.1,NA,NA,1,NA,NA,NA,1,0.01,0.01,NA,NA,NA,0.01,NA,NA,1,NA,NA,NA,0.01,0.1,0.01,0.01,1,NA,NA,0.01,0.01,NA,0.01,NA
4C,LF,25,1982,8,NA,NA,NA,0.1,NA,NA,NA,NA,NA,NA,1,NA,NA,NA,NA,NA,NA,NA,NA,NA,NA,1,0.1,70,NA,2,NA,NA,NA,NA,0.01,NA,NA,0.1,NA,NA,NA,0.1,NA,NA,NA,NA,NA,0.01,NA,NA,1,NA,NA,NA,0.01,0.01,0.01,0.01,0.01,NA,NA,0.01,0.01,NA,0.01,NA
4E,LF,25,1982,8,NA,NA,NA,1,NA,NA,NA,NA,NA,NA,NA,NA,NA,0.1,NA,NA,NA,NA,NA,NA,NA,1,NA,75,0.01,2,NA,NA,NA,0.01,0.01,NA,NA,2,0.01,0.01,0.01,2,NA,0.1,NA,0.01,NA,0.1,NA,NA,2,NA,NA,NA,0.01,0.01,0.1,0.01,0.01,NA,NA,0.1,0.1,NA,0.01,NA
4G,LF,25,1982,8,NA,NA,NA,2,NA,NA,NA,NA,NA,NA,1,NA,NA,NA,NA,NA,NA,NA,NA,NA,NA,0.1,0.01,60,NA,0.1,NA,NA,NA,NA,NA,NA,NA,2,NA,0.01,NA,1,NA,0.01,NA,NA,NA,1,NA,NA,0.1,NA,NA,NA,0.01,0.01,0.01,0.01,0.1,NA,NA,0.1,0.01,NA,0.01,NA
4I,LF,25,1982,8,NA,NA,NA,1,NA,NA,NA,NA,0.01,NA,0.1,NA,NA,NA,NA,0.01,0.01,NA,NA,NA,NA,0.1,NA,75,0.01,2,NA,NA,NA,NA,0.1,NA,NA,1,NA,NA,NA,0.1,0.01,NA,NA,NA,NA,0.01,NA,NA,0.1,NA,NA,NA,0.01,0.01,0.01,0.01,0.01,NA,NA,0.01,0.01,NA,0.01,NA
8A,LF,25,1982,8,NA,NA,NA,1,NA,NA,NA,NA,0.01,NA,3,NA,0.01,NA,NA,NA,0.1,NA,NA,NA,NA,0.01,NA,70,NA,2,NA,0.01,NA,NA,NA,NA,NA,1,NA,0.01,0.01,0.1,NA,NA,NA,NA,NA,1,NA,NA,2,NA,NA,NA,0.01,0.01,1,0.01,0.1,NA,NA,0.1,0.01,NA,0.01,NA
8C,LF,25,1982,8,NA,NA,NA,0.1,NA,NA,NA,NA,NA,NA,1,NA,NA,NA,NA,NA,0.01,NA,NA,NA,NA,1,0.01,75,NA,1,0.01,NA,NA,NA,0.01,NA,NA,0.1,NA,NA,NA,0.1,0.1,0.1,NA,NA,NA,0.1,NA,NA,3,NA,NA,NA,0.01,0.01,0.01,0.01,0.1,NA,NA,0.1,0.01,NA,0.01,NA
8E,LF,25,1982,8,NA,NA,NA,2,NA,NA,NA,NA,NA,NA,3,NA,NA,NA,NA,NA,NA,NA,NA,NA,NA,1,NA,60,NA,5,NA,NA,NA,NA,0.01,NA,NA,0.1,NA,NA,NA,0.1,NA,0.01,NA,NA,NA,1,NA,NA,2,NA,NA,NA,0.01,0.01,0.01,0.01,0.1,NA,NA,0.01,0.01,NA,0.01,NA
8G,LF,25,1982,8,NA,NA,NA,0.1,NA,NA,NA,NA,NA,NA,1,NA,NA,NA,NA,NA,NA,NA,NA,NA,NA,0.1,0.01,75,NA,2,NA,NA,NA,NA,NA,NA,NA,0.1,NA,NA,0.01,0.1,0.1,0.1,NA,NA,NA,1,NA,0.01,1,NA,NA,NA,0.01,0.01,0.01,0.01,0.01,NA,NA,NA,0.01,NA,0.01,NA
8I,LF,25,1982,8,NA,NA,NA,1,NA,NA,NA,NA,NA,NA,0.1,NA,NA,0.1,NA,NA,NA,NA,NA,NA,NA,0.1,0.1,80,NA,0.1,NA,NA,NA,0.01,0.01,NA,NA,0.1,NA,NA,0.01,0.1,NA,0.1,NA,NA,NA,0.1,NA,NA,2,NA,NA,NA,0.01,0.01,0.01,0.01,0.01,NA,NA,0.01,0.01,NA,0.01,NA
0A,MO,25,1982,8,NA,NA,NA,1,NA,NA,NA,NA,0.1,NA,7,NA,0.1,NA,NA,NA,NA,NA,NA,NA,NA,NA,NA,40,NA,0.01,NA,NA,NA,NA,0.01,0.01,NA,0.1,NA,NA,NA,0.1,NA,0.1,NA,NA,NA,NA,NA,NA,4,NA,NA,NA,0.01,0.01,0.01,0.01,0.1,NA,NA,0.01,0.01,NA,0.1,NA
0C,MO,25,1982,8,NA,NA,NA,1,0.01,NA,NA,NA,2,NA,10,NA,1,NA,NA,NA,NA,NA,NA,NA,NA,NA,NA,70,NA,0.1,NA,NA,NA,NA,0.01,NA,NA,1,NA,NA,NA,0.1,NA,0.01,NA,NA,NA,NA,NA,NA,3,NA,NA,1,0.01,0.01,0.01,0.01,0.01,NA,0.01,0.01,0.01,NA,0.01,NA
0E,MO,25,1982,8,NA,NA,NA,2,NA,NA,NA,NA,NA,NA,5,NA,NA,NA,NA,0.1,NA,NA,NA,NA,NA,0.1,NA,8,NA,NA,NA,NA,NA,NA,NA,0.01,NA,NA,NA,NA,0.01,2,0.1,0.1,NA,NA,NA,NA,NA,NA,2,NA,NA,NA,0.01,0.01,0.01,0.01,0.01,NA,NA,0.01,0.01,NA,0.01,NA
0G,MO,25,1982,8,NA,NA,NA,2,0.1,NA,NA,NA,3,NA,15,NA,NA,NA,NA,NA,NA,NA,NA,NA,NA,NA,NA,55,NA,NA,NA,NA,NA,0.01,0.1,0.01,NA,1,NA,NA,0.01,1,0.1,0.01,NA,NA,NA,NA,NA,NA,1,NA,NA,NA,0.01,0.01,0.01,0.01,0.1,NA,0.01,0.01,0.01,NA,0.1,NA
0I,MO,25,1982,8,NA,NA,NA,5,NA,NA,NA,NA,NA,NA,1,NA,0.1,NA,NA,0.01,NA,NA,NA,NA,NA,0.01,NA,20,NA,NA,NA,NA,NA,NA,0.01,0.1,NA,2,NA,NA,NA,3,0.1,NA,0.01,NA,NA,NA,NA,NA,3,NA,NA,NA,0.01,0.01,0.01,0.01,0.01,NA,0.01,0.01,0.01,NA,1,NA
4A,MO,25,1982,8,NA,NA,NA,1,NA,NA,NA,NA,NA,NA,NA,NA,0.1,NA,NA,0.1,NA,NA,NA,NA,NA,0.1,NA,40,NA,NA,0.1,NA,NA,NA,NA,NA,NA,1,NA,NA,NA,2,0.1,0.1,NA,NA,NA,NA,NA,NA,2,NA,NA,NA,0.01,0.01,0.01,0.01,0.01,NA,NA,0.01,0.01,NA,0.01,NA
4C,MO,25,1982,8,NA,NA,NA,3,NA,NA,NA,NA,NA,NA,1,NA,2,NA,NA,0.1,NA,NA,NA,NA,NA,0.1,NA,15,NA,0.1,NA,NA,NA,NA,0.1,0.01,NA,0.1,NA,0.01,0.01,2,0.1,NA,NA,NA,NA,NA,NA,NA,0.1,NA,NA,NA,0.01,0.01,0.01,0.01,0.1,NA,0.01,0.01,0.01,NA,0.1,NA
4E,MO,25,1982,8,NA,NA,NA,1,NA,NA,NA,NA,NA,NA,NA,NA,0.01,NA,NA,NA,NA,NA,NA,NA,NA,0.01,NA,10,NA,NA,0.01,NA,NA,NA,1,NA,NA,0.1,NA,NA,NA,1,0.1,0.01,NA,NA,NA,NA,NA,NA,0.1,NA,NA,NA,0.01,0.01,0.01,0.01,0.01,NA,NA,0.01,0.01,NA,0.01,NA
4G,MO,25,1982,8,NA,NA,NA,2,NA,NA,NA,NA,NA,NA,1,NA,1,NA,NA,NA,NA,NA,NA,NA,NA,0.1,NA,25,NA,0.01,0.01,NA,NA,NA,0.01,NA,NA,1,NA,0.01,NA,2,NA,0.1,NA,NA,NA,NA,NA,NA,5,NA,NA,NA,0.01,0.01,0.01,0.01,0.01,NA,NA,0.1,0.01,NA,0.01,NA
4I,MO,25,1982,8,NA,NA,NA,4,NA,NA,NA,NA,0.1,NA,5,NA,NA,NA,NA,NA,NA,NA,NA,NA,NA,NA,NA,35,NA,0.1,NA,NA,NA,NA,NA,NA,NA,0.1,NA,0.01,0.01,0.1,0.1,NA,NA,NA,NA,NA,NA,0.1,3,NA,NA,NA,0.01,0.01,0.01,0.01,0.1,NA,0.01,0.1,0.01,NA,0.1,NA
8A,MO,25,1982,8,NA,NA,NA,2,NA,NA,NA,NA,NA,NA,NA,NA,0.1,0.1,NA,NA,NA,NA,NA,NA,NA,0.1,NA,40,NA,0.1,0.1,NA,NA,NA,0.01,0.1,NA,1,NA,0.01,NA,2,NA,0.1,NA,NA,NA,NA,NA,NA,NA,NA,NA,NA,0.01,0.01,0.01,0.01,0.01,NA,0.01,0.01,0.01,NA,0.01,NA
8C,MO,25,1982,8,NA,NA,NA,2,0.01,NA,NA,NA,0.1,NA,1,NA,3,NA,NA,NA,NA,NA,NA,NA,NA,0.1,NA,75,0.01,0.1,0.1,NA,NA,NA,NA,NA,NA,1,NA,0.1,0.01,1,0.1,0.1,NA,NA,NA,NA,NA,NA,1,NA,NA,NA,0.01,0.01,0.01,0.01,0.01,NA,0.01,0.01,0.01,NA,0.01,NA
8E,MO,25,1982,8,NA,NA,NA,2,NA,NA,NA,NA,0.01,NA,0.1,NA,0.01,NA,NA,NA,NA,NA,NA,NA,NA,0.01,NA,65,NA,0.01,NA,NA,NA,0.01,0.1,NA,NA,0.1,NA,NA,NA,2,0.1,0.1,NA,NA,NA,NA,NA,NA,7,NA,NA,NA,0.01,0.01,0.01,0.01,0.01,NA,0.01,0.01,0.01,NA,0.01,NA
8G,MO,25,1982,8,NA,NA,NA,1,NA,NA,NA,NA,NA,NA,NA,NA,NA,0.1,NA,NA,NA,NA,NA,NA,NA,0.1,NA,80,NA,NA,NA,NA,NA,NA,0.1,0.01,NA,2,NA,0.01,0.01,1,0.1,NA,NA,NA,NA,NA,NA,NA,3,NA,NA,NA,0.01,0.01,0.1,0.01,0.1,NA,0.1,0.01,0.1,NA,0.1,NA
8I,MO,25,1982,8,NA,NA,NA,0.1,NA,NA,NA,NA,NA,NA,NA,NA,0.1,0.01,NA,NA,NA,NA,NA,NA,NA,0.1,NA,15,NA,NA,NA,NA,NA,NA,0.01,NA,NA,1,NA,NA,NA,2,0.1,0.1,NA,NA,NA,NA,NA,NA,2,1,NA,NA,0.01,NA,0.01,0.01,0.01,NA,NA,0.01,0.01,NA,0.01,NA
0A,OP,25,1982,8,NA,NA,NA,0.01,NA,NA,NA,NA,NA,NA,NA,NA,1,0.01,NA,NA,NA,NA,NA,NA,NA,NA,NA,1,NA,NA,NA,NA,NA,NA,0.01,0.01,NA,0.01,NA,0.01,0.01,0.1,0.01,0.01,NA,NA,NA,0.1,NA,0.01,2,NA,NA,NA,0.01,0.01,0.01,0.01,0.01,NA,0.01,0.01,0.01,NA,0.1,NA
0C,OP,25,1982,8,NA,NA,NA,NA,NA,NA,NA,NA,NA,NA,NA,NA,0.1,NA,NA,NA,NA,NA,NA,NA,NA,NA,NA,0.01,NA,NA,NA,NA,NA,NA,0.01,NA,NA,0.01,NA,0.1,0.01,NA,0.01,0.01,NA,NA,NA,0.01,NA,NA,1,NA,NA,NA,0.01,0.01,0.01,0.01,0.1,NA,0.01,0.01,0.01,NA,0.01,NA
0E,OP,25,1982,8,NA,NA,NA,NA,NA,NA,NA,NA,NA,NA,NA,NA,0.1,NA,NA,NA,NA,NA,NA,NA,NA,NA,NA,0.1,NA,NA,NA,NA,NA,NA,0.01,NA,NA,NA,NA,NA,NA,0.01,0.01,NA,NA,NA,NA,0.01,0.01,0.1,2,NA,NA,NA,0.01,0.01,0.1,0.01,0.01,NA,0.01,0.1,0.01,NA,0.01,NA
0G,OP,25,1982,8,NA,NA,0.01,NA,0.01,NA,NA,NA,NA,NA,NA,NA,0.1,NA,NA,NA,NA,NA,NA,NA,NA,NA,NA,2,NA,NA,NA,NA,NA,NA,0.01,0.01,NA,0.01,NA,0.1,NA,0.01,0.1,0.1,NA,NA,NA,0.1,NA,NA,1,NA,NA,NA,0.01,0.01,0.01,0.01,0.01,NA,0.01,0.01,0.01,NA,0.01,NA
0I,OP,25,1982,8,NA,NA,NA,0.01,NA,NA,NA,NA,NA,NA,NA,NA,1,NA,NA,NA,NA,NA,NA,NA,NA,NA,NA,0.01,NA,NA,NA,NA,NA,NA,0.1,0.01,NA,0.1,NA,0.01,NA,1,0.1,0.01,NA,NA,NA,1,NA,0.1,2,NA,NA,NA,0.01,0.01,0.01,0.01,0.1,NA,0.01,0.01,0.01,NA,0.01,NA
4A,OP,25,1982,8,NA,NA,NA,0.01,0.1,NA,NA,NA,NA,NA,NA,NA,0.1,0.01,NA,NA,NA,NA,NA,NA,NA,NA,NA,0.1,NA,NA,NA,NA,NA,NA,0.1,0.01,NA,1,NA,0.01,NA,0.1,0.1,1,NA,NA,NA,0.01,NA,NA,1,NA,NA,NA,0.01,0.01,0.01,0.01,0.1,NA,0.01,0.01,0.01,NA,0.1,NA
4C,OP,25,1982,8,NA,NA,0.01,NA,0.01,NA,NA,NA,NA,NA,NA,NA,0.1,0.01,NA,0.1,NA,NA,NA,NA,NA,NA,NA,0.01,NA,NA,NA,NA,NA,NA,0.01,0.1,NA,1,NA,0.01,0.01,0.1,NA,1,NA,NA,NA,0.01,0.01,NA,1,NA,NA,NA,0.01,0.01,0.01,0.01,0.1,NA,0.01,0.1,0.01,NA,0.1,NA
4E,OP,25,1982,8,NA,NA,NA,1,1,NA,NA,NA,0.01,NA,1,NA,0.01,0.1,NA,NA,NA,NA,NA,NA,NA,NA,NA,0.01,NA,NA,NA,0.01,NA,NA,0.1,0.1,NA,NA,NA,0.01,NA,1,0.1,0.1,NA,NA,NA,0.01,NA,0.01,3,NA,NA,NA,0.01,0.01,0.01,0.01,0.01,NA,NA,0.1,0.01,NA,0.01,NA
4G,OP,25,1982,8,NA,NA,NA,0.1,0.1,NA,NA,NA,0.01,NA,1,NA,NA,NA,NA,NA,NA,NA,NA,NA,NA,NA,NA,0.01,NA,NA,NA,NA,NA,NA,NA,NA,NA,0.1,NA,NA,NA,0.1,1,NA,NA,NA,NA,0.01,NA,NA,2,NA,NA,NA,0.01,0.01,0.01,0.01,0.1,NA,0.1,0.01,0.1,NA,0.1,NA
4I,OP,25,1982,8,NA,NA,NA,0.1,0.1,NA,NA,NA,NA,NA,1,NA,0.01,NA,NA,NA,NA,NA,NA,NA,NA,0.01,NA,1,NA,NA,NA,0.01,NA,NA,0.1,NA,0.1,1,NA,0.01,NA,0.1,0.01,1,NA,NA,NA,0.01,0.01,0.01,1,NA,NA,NA,0.01,0.01,0.01,0.01,0.01,NA,0.01,0.1,0.01,NA,0.1,NA
8A,OP,25,1982,8,NA,NA,NA,0.1,0.1,NA,NA,NA,NA,NA,2,NA,NA,NA,NA,NA,NA,NA,NA,NA,NA,NA,NA,0.01,NA,NA,NA,NA,NA,NA,0.01,NA,NA,0.01,NA,0.01,0.01,0.01,0.01,NA,NA,NA,NA,0.01,NA,NA,0.1,NA,NA,NA,0.01,0.01,0.01,0.01,0.1,NA,0.01,0.01,0.01,NA,0.1,NA
8C,OP,25,1982,8,NA,NA,NA,1,2,NA,NA,NA,NA,NA,2,NA,0.1,NA,NA,NA,NA,NA,NA,NA,NA,NA,NA,0.01,NA,NA,NA,NA,NA,NA,0.01,NA,NA,0.1,NA,0.01,NA,0.01,0.1,0.1,NA,NA,NA,NA,NA,0.1,1,NA,NA,NA,0.01,0.01,0.1,0.01,0.1,NA,0.01,0.1,0.1,NA,0.1,NA
8E,OP,25,1982,8,NA,NA,NA,0.1,0.1,NA,NA,NA,NA,NA,1,NA,2,NA,NA,NA,NA,NA,NA,NA,NA,NA,NA,0.01,NA,NA,NA,NA,NA,NA,NA,0.1,NA,1,NA,NA,0.01,1,1,0.1,NA,NA,NA,2,NA,NA,4,NA,NA,NA,0.01,0.01,0.01,0.01,0.1,NA,0.1,0.01,0.01,NA,0.1,NA
8G,OP,25,1982,8,NA,NA,NA,1,3,NA,NA,NA,0.01,NA,2,NA,NA,0.01,NA,NA,NA,NA,NA,NA,NA,NA,NA,0.1,NA,NA,NA,NA,NA,NA,0.01,NA,NA,NA,NA,0.01,NA,0.1,0.1,0.1,NA,NA,NA,0.01,NA,NA,1,NA,NA,NA,0.01,0.01,0.01,0.01,0.1,NA,0.01,0.1,0.01,NA,0.1,NA
8I,OP,25,1982,8,NA,NA,NA,0.1,0.1,NA,NA,NA,0.1,NA,4,NA,0.1,NA,NA,NA,NA,NA,NA,NA,NA,NA,NA,3,NA,NA,0.01,NA,NA,NA,NA,NA,NA,NA,NA,NA,NA,0.1,0.1,NA,NA,NA,NA,0.1,NA,0.1,3,NA,NA,NA,0.01,0.01,0.01,0.01,0.01,NA,0.01,0.01,0.01,NA,0.01,NA
0A,BP,25,1982,8,NA,0.01,NA,0.01,NA,NA,NA,0.01,4,NA,2,NA,NA,NA,NA,NA,0.01,NA,NA,NA,NA,NA,NA,0.1,NA,NA,NA,NA,NA,0.1,NA,0.01,NA,0.1,NA,NA,NA,0.01,0.01,NA,NA,NA,NA,NA,NA,0.1,NA,NA,NA,NA,0.01,0.01,0.1,0.01,0.1,NA,NA,0.1,NA,NA,0.01,NA
0C,BP,25,1982,8,NA,NA,NA,0.1,NA,NA,NA,NA,15,NA,8,NA,NA,NA,NA,NA,1,NA,NA,NA,NA,NA,NA,0.01,NA,NA,NA,NA,NA,0.01,NA,NA,NA,NA,NA,NA,NA,0.01,0.1,NA,NA,NA,NA,NA,NA,1,NA,NA,NA,NA,0.01,0.01,0.1,NA,0.1,NA,NA,NA,NA,NA,0.01,NA
0E,BP,25,1982,8,NA,NA,NA,NA,NA,NA,NA,0.01,1,NA,0.1,NA,0.01,NA,NA,NA,NA,NA,NA,NA,NA,NA,NA,0.01,NA,NA,NA,NA,NA,NA,NA,NA,NA,0.01,NA,0.01,NA,0.1,0.1,0.1,NA,NA,NA,NA,NA,3,NA,NA,1,NA,0.01,0.01,0.1,0.01,0.1,NA,NA,0.01,0.01,NA,0.01,NA
0G,BP,25,1982,8,NA,NA,NA,NA,NA,NA,NA,NA,2,NA,6,NA,0.01,NA,NA,0.1,1,NA,NA,0.01,NA,NA,NA,3,NA,NA,NA,NA,NA,0.01,NA,0.01,NA,0.1,NA,0.01,NA,0.1,1,0.01,NA,NA,NA,NA,NA,NA,NA,NA,NA,NA,0.01,0.01,0.1,NA,0.1,NA,NA,0.1,0.01,NA,0.01,NA
0I,BP,25,1982,8,NA,NA,NA,0.1,NA,NA,NA,NA,1,NA,5,NA,0.01,NA,NA,0.1,0.1,NA,NA,NA,NA,NA,0.01,35,NA,0.01,NA,NA,NA,NA,NA,NA,NA,0.1,NA,NA,NA,0.01,0.1,0.1,NA,NA,NA,NA,NA,1,1,NA,NA,0.01,0.01,0.01,1,NA,0.01,NA,NA,0.1,NA,NA,0.01,NA
4A,BP,25,1982,8,NA,NA,NA,0.01,0.01,NA,NA,NA,3,NA,2,NA,0.01,NA,NA,0.01,0.1,NA,NA,NA,NA,NA,NA,2,NA,NA,NA,NA,NA,NA,NA,NA,NA,1,NA,NA,NA,0.1,0.1,0.01,NA,NA,NA,0.01,NA,0.1,NA,NA,0.1,0.1,0.01,0.1,0.1,NA,0.1,NA,NA,0.1,0.1,NA,0.01,NA
4C,BP,25,1982,8,NA,NA,NA,NA,0.01,NA,NA,NA,NA,NA,2,NA,NA,NA,NA,0.1,0.1,NA,NA,NA,NA,NA,NA,5,NA,NA,NA,NA,NA,0.01,NA,0.01,NA,1,NA,NA,0.1,0.1,0.1,0.1,NA,NA,NA,NA,NA,NA,NA,NA,NA,NA,0.01,0.1,0.1,0.01,0.1,NA,NA,0.1,0.1,NA,0.01,NA
4E,BP,25,1982,8,NA,0.01,NA,0.01,NA,NA,NA,NA,2,NA,3,NA,0.01,NA,NA,NA,0.1,0.01,NA,NA,NA,NA,NA,10,NA,NA,NA,NA,NA,NA,NA,NA,NA,0.1,NA,0.01,0.01,0.1,1,0.01,NA,NA,NA,NA,NA,0.1,1,NA,0.01,NA,0.01,0.01,0.1,NA,0.1,NA,NA,0.1,0.01,NA,0.01,NA
4G,BP,25,1982,8,NA,NA,NA,NA,NA,NA,NA,NA,0.01,NA,0.1,NA,0.01,NA,NA,0.1,NA,NA,NA,NA,NA,NA,NA,7,NA,NA,NA,NA,NA,0.01,NA,0.01,NA,0.1,NA,0.01,NA,NA,0.1,NA,NA,NA,NA,NA,NA,NA,NA,NA,0.01,NA,0.01,0.01,0.01,0.01,0.1,NA,NA,0.01,0.1,NA,0.01,NA
4I,BP,25,1982,8,NA,NA,NA,NA,NA,NA,NA,NA,0.01,NA,0.1,NA,NA,NA,NA,0.01,0.1,NA,NA,NA,NA,NA,NA,25,NA,0.01,NA,NA,NA,0.01,2,0.01,NA,2,NA,NA,NA,0.1,0.1,NA,NA,NA,NA,NA,NA,0.01,1,NA,NA,NA,NA,0.01,0.1,NA,0.01,NA,NA,0.1,0.01,NA,NA,NA
8A,BP,25,1982,8,NA,NA,0.01,0.01,NA,NA,NA,NA,1,NA,2,NA,0.01,NA,NA,0.01,1,NA,NA,NA,NA,NA,0.01,8,NA,NA,NA,NA,NA,0.01,0.01,0.01,NA,1,NA,0.01,0.01,NA,0.1,0.1,NA,NA,NA,NA,NA,1,1,NA,1,NA,0.01,NA,0.01,NA,0.01,NA,NA,0.1,0.01,NA,0.01,NA
8C,BP,25,1982,8,NA,NA,NA,0.01,0.1,NA,NA,NA,2,NA,3,NA,NA,NA,NA,0.1,0.1,NA,NA,NA,NA,NA,NA,6,NA,NA,NA,NA,NA,NA,NA,0.01,NA,0.1,NA,NA,NA,0.01,0.1,0.01,NA,NA,NA,NA,0.01,0.1,1,NA,NA,NA,NA,NA,1,NA,NA,NA,NA,NA,NA,NA,NA,NA
8E,BP,25,1982,8,NA,NA,NA,0.01,NA,NA,NA,NA,1,NA,3,NA,NA,NA,NA,NA,0.01,NA,NA,NA,NA,NA,NA,7,NA,NA,NA,NA,NA,0.01,0.1,0.01,NA,1,NA,NA,0.01,0.1,1,NA,NA,NA,NA,NA,NA,NA,1,NA,NA,NA,0.01,0.01,0.1,NA,0.1,NA,NA,0.01,0.01,NA,0.01,NA
8G,BP,25,1982,8,NA,NA,NA,0.01,0.01,NA,NA,NA,1,NA,7,NA,NA,NA,NA,0.1,NA,NA,NA,NA,NA,NA,NA,6,NA,NA,NA,NA,NA,0.01,0.01,NA,NA,1,NA,NA,NA,0.01,0.1,0.1,NA,NA,NA,NA,NA,0.01,2,NA,1,0.1,0.01,0.01,0.01,NA,0.1,NA,0.01,0.1,0.1,NA,0.01,NA
8I,BP,25,1982,8,NA,NA,1,NA,NA,NA,NA,NA,0.01,NA,3,NA,0.1,NA,NA,NA,1,NA,NA,NA,NA,0.01,NA,7,NA,NA,NA,NA,NA,NA,0.01,0.01,NA,0.1,NA,NA,0.01,NA,1,0.1,NA,NA,0.01,NA,NA,NA,NA,NA,0.01,0.01,0.01,0.01,0.1,NA,0.1,NA,0.01,0.01,0.01,NA,0.01,NA
0A,TT,25,1982,8,NA,0.01,0.1,0.1,0.01,NA,NA,NA,3,NA,3,NA,0.1,NA,NA,NA,0.01,NA,NA,NA,NA,NA,NA,1,NA,NA,NA,NA,NA,0.01,0.01,NA,NA,0.1,NA,0.01,0.01,0.1,0.01,NA,NA,NA,NA,NA,NA,1,NA,NA,0.1,1,0.01,0.01,0.01,NA,0.01,NA,NA,0.01,0.01,NA,0.1,NA
0C,TT,25,1982,8,NA,NA,NA,0.1,0.01,NA,NA,NA,3,NA,60,NA,1,NA,NA,0.1,1,NA,NA,NA,NA,NA,NA,1,NA,NA,NA,NA,NA,0.01,0.1,NA,NA,0.1,NA,0.01,0.01,0.01,0.1,0.01,NA,NA,NA,NA,NA,1,NA,NA,NA,NA,0.01,0.01,0.1,NA,0.01,NA,NA,0.01,0.01,NA,0.01,NA
0E,TT,25,1982,8,NA,NA,NA,0.1,NA,NA,NA,NA,2,NA,20,NA,1,NA,NA,0.1,0.1,NA,NA,NA,NA,NA,NA,2,NA,NA,NA,NA,NA,NA,0.01,0.01,NA,0.1,NA,0.01,NA,0.1,0.1,NA,NA,NA,NA,NA,NA,NA,NA,NA,0.1,1,0.01,0.01,0.1,NA,0.01,NA,NA,0.01,0.01,NA,0.01,NA
0G,TT,25,1982,8,NA,NA,NA,0.01,0.01,NA,NA,NA,30,NA,35,0.01,0.1,NA,NA,0.01,0.1,NA,NA,NA,NA,NA,NA,3,NA,NA,NA,NA,NA,NA,0.01,NA,NA,0.01,NA,0.01,0.01,NA,NA,NA,NA,NA,NA,NA,NA,2,NA,NA,1,NA,0.01,0.01,0.01,0.01,0.01,NA,NA,0.01,0.01,NA,0.01,NA
0I,TT,25,1982,8,NA,NA,NA,0.1,NA,NA,NA,NA,3,NA,8,NA,1,NA,NA,NA,NA,NA,NA,NA,NA,NA,NA,2,NA,0.01,NA,NA,NA,0.01,NA,NA,NA,1,NA,0.01,0.01,0.1,0.1,NA,NA,NA,NA,NA,NA,2,NA,NA,0.01,0.01,0.01,0.01,0.1,NA,0.1,NA,NA,0.01,0.01,NA,0.01,NA
4A,TT,25,1982,8,NA,NA,NA,0.1,NA,NA,NA,NA,15,NA,65,0.01,0.01,NA,NA,0.01,NA,NA,NA,NA,NA,0.01,NA,0.1,NA,NA,NA,NA,NA,0.01,0.01,NA,NA,0.01,NA,NA,NA,0.1,0.1,NA,NA,NA,NA,NA,NA,0.1,NA,NA,0.1,0.1,0.01,0.01,0.01,NA,0.1,NA,NA,0.01,0.01,NA,0.01,NA
4C,TT,25,1982,8,NA,NA,NA,NA,0.01,NA,NA,NA,15,NA,60,NA,0.01,NA,NA,NA,5,NA,NA,NA,NA,NA,NA,1,NA,NA,NA,NA,NA,0.01,0.01,NA,NA,NA,NA,NA,NA,NA,NA,NA,NA,NA,NA,NA,NA,1,NA,NA,1,NA,0.01,0.01,0.1,NA,0.1,NA,NA,0.01,NA,NA,0.01,NA
4E,TT,25,1982,8,NA,NA,NA,0.1,NA,NA,NA,NA,25,NA,30,NA,0.1,NA,NA,NA,0.1,NA,NA,NA,NA,NA,NA,1,NA,NA,NA,NA,NA,NA,0.01,NA,NA,NA,NA,NA,NA,NA,0.01,NA,NA,NA,NA,NA,NA,0.1,1,NA,0.1,NA,0.01,0.01,0.01,NA,0.01,NA,NA,0.01,0.01,NA,0.01,NA
4G,TT,25,1982,8,NA,NA,NA,NA,NA,NA,NA,NA,20,NA,30,NA,0.1,NA,NA,NA,1,NA,NA,NA,NA,NA,NA,0.1,NA,NA,NA,NA,NA,0.01,NA,NA,NA,0.01,NA,NA,NA,0.01,0.1,0.01,NA,NA,NA,NA,NA,0.01,NA,NA,0.1,0.01,0.01,0.01,0.1,NA,0.01,NA,NA,0.01,0.01,NA,0.1,NA
4I,TT,25,1982,8,NA,NA,NA,0.1,NA,NA,NA,NA,20,NA,50,NA,0.1,NA,NA,NA,1,NA,NA,NA,NA,NA,NA,0.01,NA,NA,NA,NA,NA,NA,0.01,NA,NA,0.01,NA,NA,0.01,0.01,0.1,NA,NA,NA,NA,NA,NA,0.01,NA,NA,NA,NA,0.01,0.01,0.1,NA,0.01,NA,NA,0.01,0.01,NA,0.01,NA
8A,TT,25,1982,8,NA,NA,NA,NA,NA,NA,NA,NA,15,NA,25,NA,1,NA,NA,NA,0.1,NA,NA,NA,NA,NA,NA,3,NA,NA,NA,NA,NA,NA,NA,NA,NA,1,NA,0.01,0.01,0.1,1,0.1,NA,NA,NA,NA,NA,1,NA,NA,1,1,NA,NA,NA,NA,NA,NA,NA,NA,NA,NA,NA,NA
8C,TT,25,1982,8,NA,NA,NA,0.1,NA,NA,NA,NA,15,NA,40,NA,0.1,NA,NA,NA,0.1,NA,NA,NA,NA,NA,NA,0.01,NA,NA,NA,NA,NA,NA,NA,NA,NA,0.01,NA,NA,0.01,0.01,0.01,NA,NA,NA,NA,NA,NA,1,NA,NA,NA,NA,0.01,0.01,0.01,NA,0.01,NA,NA,0.01,0.01,NA,0.1,NA
8E,TT,25,1982,8,NA,NA,NA,0.1,0.01,NA,NA,NA,15,NA,60,NA,0.01,NA,NA,0.1,0.01,NA,NA,NA,NA,NA,NA,3,NA,NA,NA,NA,NA,0.01,0.01,NA,NA,NA,NA,NA,NA,0.1,0.1,NA,NA,NA,NA,NA,NA,1,NA,NA,0.1,0.1,0.01,0.01,0.01,NA,0.01,NA,NA,0.01,0.01,NA,0.01,NA
8G,TT,25,1982,8,NA,NA,NA,NA,NA,NA,NA,NA,5,NA,15,NA,3,NA,NA,NA,0.1,NA,NA,NA,NA,NA,NA,1,NA,NA,NA,NA,NA,NA,0.01,NA,NA,0.1,NA,NA,0.01,0.1,0.1,0.01,NA,NA,NA,NA,NA,NA,0.01,NA,NA,NA,0.01,0.1,0.1,0.01,0.1,NA,NA,0.01,0.01,NA,0.1,NA
8I,TT,25,1982,8,NA,NA,NA,0.1,NA,NA,NA,NA,0.1,NA,5,NA,1,NA,NA,0.1,2,NA,NA,NA,NA,NA,NA,0.1,NA,NA,NA,NA,NA,NA,0.01,NA,NA,1,NA,NA,NA,0.1,0.1,0.01,NA,NA,NA,NA,NA,0.1,NA,NA,NA,0.01,0.01,0.01,0.1,NA,0.1,NA,NA,0.01,0.01,NA,0.1,NA
