component,sample_date,biomass_g_per_m2,stand
alder_leaves,1983-06-07,0,1
alder_leaves,1983-06-07,0,1
alder_leaves,1983-06-07,0,1
alder_leaves,1983-06-07,0,1
alder_leaves,1983-06-07,0,1
alder_leaves,1983-06-07,0,1
alder_leaves,1983-06-07,0.1,1
alder_leaves,1983-06-07,0.1,1
alder_leaves,1983-06-07,0.16,1
alder_leaves,1983-06-07,0.18,1
alder_leaves,1983-06-07,0.32,1
alder_leaves,1983-06-07,0.52,1
aspen_leaves,1983-06-07,0,1
aspen_leaves,1983-06-07,0,1
aspen_leaves,1983-06-07,0,1
aspen_leaves,1983-06-07,0,1
aspen_leaves,1983-06-07,0,1
aspen_leaves,1983-06-07,0,1
aspen_leaves,1983-06-07,0,1
aspen_leaves,1983-06-07,0,1
aspen_leaves,1983-06-07,0,1
aspen_leaves,1983-06-07,0,1
aspen_leaves,1983-06-07,0,1
aspen_leaves,1983-06-07,0,1
female_cones,1983-06-07,0,1
female_cones,1983-06-07,0,1
female_cones,1983-06-07,0,1
female_cones,1983-06-07,0,1
female_cones,1983-06-07,0,1
female_cones,1983-06-07,0,1
female_cones,1983-06-07,0,1
female_cones,1983-06-07,0,1
female_cones,1983-06-07,0,1
female_cones,1983-06-07,0,1
female_cones,1983-06-07,0,1
female_cones,1983-06-07,0,1
fir_needles,1983-06-07,0,1
fir_needles,1983-06-07,0,1
fir_needles,1983-06-07,0,1
fir_needles,1983-06-07,0,1
fir_needles,1983-06-07,0,1
fir_needles,1983-06-07,0,1
fir_needles,1983-06-07,0,1
fir_needles,1983-06-07,0,1
fir_needles,1983-06-07,0,1
fir_needles,1983-06-07,0,1
fir_needles,1983-06-07,0,1
fir_needles,1983-06-07,0,1
male_cones,1983-06-07,0,1
male_cones,1983-06-07,0.04,1
male_cones,1983-06-07,0.05,1
male_cones,1983-06-07,0.08,1
male_cones,1983-06-07,0.08,1
male_cones,1983-06-07,0.08,1
male_cones,1983-06-07,0.08,1
male_cones,1983-06-07,0.08,1
male_cones,1983-06-07,0.12,1
male_cones,1983-06-07,0.12,1
male_cones,1983-06-07,0.12,1
male_cones,1983-06-07,0.16,1
pine_needles,1983-06-07,1.48,1
pine_needles,1983-06-07,1.88,1
pine_needles,1983-06-07,3.46,1
pine_needles,1983-06-07,4.08,1
pine_needles,1983-06-07,5.53,1
pine_needles,1983-06-07,5.53,1
pine_needles,1983-06-07,6.32,1
pine_needles,1983-06-07,7.08,1
pine_needles,1983-06-07,7.52,1
pine_needles,1983-06-07,7.8,1
pine_needles,1983-06-07,9.04,1
pine_needles,1983-06-07,10.08,1
spruce_needles,1983-06-07,0,1
spruce_needles,1983-06-07,0,1
spruce_needles,1983-06-07,0,1
spruce_needles,1983-06-07,0,1
spruce_needles,1983-06-07,0,1
spruce_needles,1983-06-07,0,1
spruce_needles,1983-06-07,0,1
spruce_needles,1983-06-07,0,1
spruce_needles,1983-06-07,0,1
spruce_needles,1983-06-07,0,1
spruce_needles,1983-06-07,0,1
spruce_needles,1983-06-07,0,1
structural,1983-06-07,0,1
structural,1983-06-07,0.04,1
structural,1983-06-07,0.08,1
structural,1983-06-07,0.08,1
structural,1983-06-07,0.12,1
structural,1983-06-07,0.2,1
structural,1983-06-07,0.22,1
structural,1983-06-07,0.22,1
structural,1983-06-07,0.24,1
structural,1983-06-07,0.28,1
structural,1983-06-07,0.33,1
structural,1983-06-07,1.12,1
total_litter,1983-06-07,1.72,1
total_litter,1983-06-07,2.36,1
total_litter,1983-06-07,4.02,1
total_litter,1983-06-07,4.28,1
total_litter,1983-06-07,5.93,1
total_litter,1983-06-07,5.93,1
total_litter,1983-06-07,6.72,1
total_litter,1983-06-07,7.48,1
total_litter,1983-06-07,7.52,1
total_litter,1983-06-07,8.16,1
total_litter,1983-06-07,9.2,1
total_litter,1983-06-07,11.8,1
alder_leaves,1983-07-02,0,1
alder_leaves,1983-07-02,0,1
alder_leaves,1983-07-02,0,1
alder_leaves,1983-07-02,0,1
alder_leaves,1983-07-02,0,1
alder_leaves,1983-07-02,0,1
alder_leaves,1983-07-02,0,1
alder_leaves,1983-07-02,0,1
alder_leaves,1983-07-02,0.08,1
alder_leaves,1983-07-02,0.18,1
alder_leaves,1983-07-02,0.4,1
alder_leaves,1983-07-02,0.44,1
aspen_leaves,1983-07-02,0,1
aspen_leaves,1983-07-02,0,1
aspen_leaves,1983-07-02,0,1
aspen_leaves,1983-07-02,0,1
aspen_leaves,1983-07-02,0,1
aspen_leaves,1983-07-02,0,1
aspen_leaves,1983-07-02,0,1
aspen_leaves,1983-07-02,0,1
aspen_leaves,1983-07-02,0,1
aspen_leaves,1983-07-02,0,1
aspen_leaves,1983-07-02,0,1
aspen_leaves,1983-07-02,0,1
female_cones,1983-07-02,0,1
female_cones,1983-07-02,0,1
female_cones,1983-07-02,0,1
female_cones,1983-07-02,0,1
female_cones,1983-07-02,0,1
female_cones,1983-07-02,0,1
female_cones,1983-07-02,0,1
female_cones,1983-07-02,0,1
female_cones,1983-07-02,0,1
female_cones,1983-07-02,0,1
female_cones,1983-07-02,0,1
female_cones,1983-07-02,0,1
fir_needles,1983-07-02,0,1
fir_needles,1983-07-02,0,1
fir_needles,1983-07-02,0,1
fir_needles,1983-07-02,0,1
fir_needles,1983-07-02,0,1
fir_needles,1983-07-02,0,1
fir_needles,1983-07-02,0,1
fir_needles,1983-07-02,0,1
fir_needles,1983-07-02,0,1
fir_needles,1983-07-02,0,1
fir_needles,1983-07-02,0,1
fir_needles,1983-07-02,0,1
male_cones,1983-07-02,0.44,1
male_cones,1983-07-02,0.72,1
male_cones,1983-07-02,0.88,1
male_cones,1983-07-02,2.04,1
male_cones,1983-07-02,2.2,1
male_cones,1983-07-02,2.4,1
male_cones,1983-07-02,2.78,1
male_cones,1983-07-02,2.88,1
male_cones,1983-07-02,3.4,1
male_cones,1983-07-02,3.72,1
male_cones,1983-07-02,3.72,1
male_cones,1983-07-02,7.4,1
pine_needles,1983-07-02,5.6,1
pine_needles,1983-07-02,8.4,1
pine_needles,1983-07-02,8.86,1
pine_needles,1983-07-02,10.8,1
pine_needles,1983-07-02,16.32,1
pine_needles,1983-07-02,18.24,1
pine_needles,1983-07-02,18.64,1
pine_needles,1983-07-02,18.84,1
pine_needles,1983-07-02,24.76,1
pine_needles,1983-07-02,25.92,1
pine_needles,1983-07-02,26.52,1
pine_needles,1983-07-02,33.24,1
spruce_needles,1983-07-02,0,1
spruce_needles,1983-07-02,0,1
spruce_needles,1983-07-02,0,1
spruce_needles,1983-07-02,0,1
spruce_needles,1983-07-02,0,1
spruce_needles,1983-07-02,0,1
spruce_needles,1983-07-02,0,1
spruce_needles,1983-07-02,0,1
spruce_needles,1983-07-02,0,1
spruce_needles,1983-07-02,0,1
spruce_needles,1983-07-02,0,1
spruce_needles,1983-07-02,0,1
structural,1983-07-02,0,1
structural,1983-07-02,0.12,1
structural,1983-07-02,0.2,1
structural,1983-07-02,0.48,1
structural,1983-07-02,1.28,1
structural,1983-07-02,1.44,1
structural,1983-07-02,1.49,1
structural,1983-07-02,1.54,1
structural,1983-07-02,2.28,1
structural,1983-07-02,2.28,1
structural,1983-07-02,2.6,1
structural,1983-07-02,4.76,1
total_litter,1983-07-02,6.04,1
total_litter,1983-07-02,9.48,1
total_litter,1983-07-02,12.57,1
total_litter,1983-07-02,14.72,1
total_litter,1983-07-02,17.52,1
total_litter,1983-07-02,21.88,1
total_litter,1983-07-02,23.24,1
total_litter,1983-07-02,24.64,1
total_litter,1983-07-02,29.44,1
total_litter,1983-07-02,30.08,1
total_litter,1983-07-02,32.84,1
total_litter,1983-07-02,45.84,1
alder_leaves,1983-08-07,0,1
alder_leaves,1983-08-07,0,1
alder_leaves,1983-08-07,0,1
alder_leaves,1983-08-07,0,1
alder_leaves,1983-08-07,0,1
alder_leaves,1983-08-07,0,1
alder_leaves,1983-08-07,0,1
alder_leaves,1983-08-07,0,1
alder_leaves,1983-08-07,0.04,1
alder_leaves,1983-08-07,0.14,1
alder_leaves,1983-08-07,0.44,1
alder_leaves,1983-08-07,1.4,1
aspen_leaves,1983-08-07,0,1
aspen_leaves,1983-08-07,0,1
aspen_leaves,1983-08-07,0,1
aspen_leaves,1983-08-07,0,1
aspen_leaves,1983-08-07,0,1
aspen_leaves,1983-08-07,0,1
aspen_leaves,1983-08-07,0,1
aspen_leaves,1983-08-07,0,1
aspen_leaves,1983-08-07,0,1
aspen_leaves,1983-08-07,0,1
aspen_leaves,1983-08-07,0,1
aspen_leaves,1983-08-07,0,1
female_cones,1983-08-07,0,1
female_cones,1983-08-07,0,1
female_cones,1983-08-07,0,1
female_cones,1983-08-07,0,1
female_cones,1983-08-07,0,1
female_cones,1983-08-07,0,1
female_cones,1983-08-07,0,1
female_cones,1983-08-07,0,1
female_cones,1983-08-07,0,1
female_cones,1983-08-07,0,1
female_cones,1983-08-07,0,1
female_cones,1983-08-07,0,1
fir_needles,1983-08-07,0,1
fir_needles,1983-08-07,0,1
fir_needles,1983-08-07,0,1
fir_needles,1983-08-07,0,1
fir_needles,1983-08-07,0,1
fir_needles,1983-08-07,0,1
fir_needles,1983-08-07,0,1
fir_needles,1983-08-07,0,1
fir_needles,1983-08-07,0,1
fir_needles,1983-08-07,0,1
fir_needles,1983-08-07,0,1
fir_needles,1983-08-07,0,1
male_cones,1983-08-07,0.04,1
male_cones,1983-08-07,0.16,1
male_cones,1983-08-07,0.28,1
male_cones,1983-08-07,0.36,1
male_cones,1983-08-07,0.36,1
male_cones,1983-08-07,0.36,1
male_cones,1983-08-07,0.4,1
male_cones,1983-08-07,0.48,1
male_cones,1983-08-07,0.5,1
male_cones,1983-08-07,0.88,1
male_cones,1983-08-07,0.92,1
male_cones,1983-08-07,1.16,1
pine_needles,1983-08-07,4.48,1
pine_needles,1983-08-07,5.12,1
pine_needles,1983-08-07,5.12,1
pine_needles,1983-08-07,5.72,1
pine_needles,1983-08-07,12.67,1
pine_needles,1983-08-07,13.12,1
pine_needles,1983-08-07,13.96,1
pine_needles,1983-08-07,14.52,1
pine_needles,1983-08-07,16.16,1
pine_needles,1983-08-07,16.52,1
pine_needles,1983-08-07,17.32,1
pine_needles,1983-08-07,20.36,1
spruce_needles,1983-08-07,0,1
spruce_needles,1983-08-07,0,1
spruce_needles,1983-08-07,0,1
spruce_needles,1983-08-07,0,1
spruce_needles,1983-08-07,0,1
spruce_needles,1983-08-07,0,1
spruce_needles,1983-08-07,0,1
spruce_needles,1983-08-07,0,1
spruce_needles,1983-08-07,0,1
spruce_needles,1983-08-07,0,1
spruce_needles,1983-08-07,0,1
spruce_needles,1983-08-07,0,1
structural,1983-08-07,0,1
structural,1983-08-07,1.2,1
structural,1983-08-07,1.88,1
structural,1983-08-07,1.92,1
structural,1983-08-07,2.72,1
structural,1983-08-07,3.24,1
structural,1983-08-07,3.64,1
structural,1983-08-07,3.76,1
structural,1983-08-07,4.44,1
structural,1983-08-07,5.72,1
structural,1983-08-07,6.92,1
structural,1983-08-07,8.68,1
total_litter,1983-08-07,6.28,1
total_litter,1983-08-07,6.36,1
total_litter,1983-08-07,8.08,1
total_litter,1983-08-07,9.24,1
total_litter,1983-08-07,16.8,1
total_litter,1983-08-07,17.07,1
total_litter,1983-08-07,17.36,1
total_litter,1983-08-07,20.96,1
total_litter,1983-08-07,22.28,1
total_litter,1983-08-07,23.8,1
total_litter,1983-08-07,24,1
total_litter,1983-08-07,24.88,1
alder_leaves,1983-09-07,0,1
alder_leaves,1983-09-07,0,1
alder_leaves,1983-09-07,0,1
alder_leaves,1983-09-07,0,1
alder_leaves,1983-09-07,0,1
alder_leaves,1983-09-07,0,1
alder_leaves,1983-09-07,0.04,1
alder_leaves,1983-09-07,0.23,1
alder_leaves,1983-09-07,0.23,1
alder_leaves,1983-09-07,0.48,1
alder_leaves,1983-09-07,1,1
alder_leaves,1983-09-07,1.28,1
aspen_leaves,1983-09-07,0,1
aspen_leaves,1983-09-07,0,1
aspen_leaves,1983-09-07,0,1
aspen_leaves,1983-09-07,0,1
aspen_leaves,1983-09-07,0,1
aspen_leaves,1983-09-07,0,1
aspen_leaves,1983-09-07,0,1
aspen_leaves,1983-09-07,0,1
aspen_leaves,1983-09-07,0,1
aspen_leaves,1983-09-07,0,1
aspen_leaves,1983-09-07,0,1
aspen_leaves,1983-09-07,0,1
female_cones,1983-09-07,0,1
female_cones,1983-09-07,0,1
female_cones,1983-09-07,0,1
female_cones,1983-09-07,0,1
female_cones,1983-09-07,0,1
female_cones,1983-09-07,0,1
female_cones,1983-09-07,0,1
female_cones,1983-09-07,0,1
female_cones,1983-09-07,0,1
female_cones,1983-09-07,0,1
female_cones,1983-09-07,0,1
female_cones,1983-09-07,0,1
fir_needles,1983-09-07,0,1
fir_needles,1983-09-07,0,1
fir_needles,1983-09-07,0,1
fir_needles,1983-09-07,0,1
fir_needles,1983-09-07,0,1
fir_needles,1983-09-07,0,1
fir_needles,1983-09-07,0,1
fir_needles,1983-09-07,0,1
fir_needles,1983-09-07,0,1
fir_needles,1983-09-07,0,1
fir_needles,1983-09-07,0,1
fir_needles,1983-09-07,0,1
male_cones,1983-09-07,0,1
male_cones,1983-09-07,0.04,1
male_cones,1983-09-07,0.04,1
male_cones,1983-09-07,0.04,1
male_cones,1983-09-07,0.07,1
male_cones,1983-09-07,0.08,1
male_cones,1983-09-07,0.08,1
male_cones,1983-09-07,0.08,1
male_cones,1983-09-07,0.08,1
male_cones,1983-09-07,0.16,1
male_cones,1983-09-07,0.16,1
male_cones,1983-09-07,0.2,1
pine_needles,1983-09-07,1.28,1
pine_needles,1983-09-07,4.16,1
pine_needles,1983-09-07,4.28,1
pine_needles,1983-09-07,4.56,1
pine_needles,1983-09-07,5.08,1
pine_needles,1983-09-07,6.38,1
pine_needles,1983-09-07,6.38,1
pine_needles,1983-09-07,6.76,1
pine_needles,1983-09-07,8.6,1
pine_needles,1983-09-07,9.72,1
pine_needles,1983-09-07,10.12,1
pine_needles,1983-09-07,13.4,1
spruce_needles,1983-09-07,0,1
spruce_needles,1983-09-07,0,1
spruce_needles,1983-09-07,0,1
spruce_needles,1983-09-07,0,1
spruce_needles,1983-09-07,0,1
spruce_needles,1983-09-07,0,1
spruce_needles,1983-09-07,0,1
spruce_needles,1983-09-07,0,1
spruce_needles,1983-09-07,0,1
spruce_needles,1983-09-07,0,1
spruce_needles,1983-09-07,0,1
spruce_needles,1983-09-07,0,1
structural,1983-09-07,0.04,1
structural,1983-09-07,0.68,1
structural,1983-09-07,0.68,1
structural,1983-09-07,0.8,1
structural,1983-09-07,1,1
structural,1983-09-07,1.78,1
structural,1983-09-07,1.78,1
structural,1983-09-07,1.96,1
structural,1983-09-07,2,1
structural,1983-09-07,2.28,1
structural,1983-09-07,4.12,1
structural,1983-09-07,6.24,1
total_litter,1983-09-07,2.08,1
total_litter,1983-09-07,4.64,1
total_litter,1983-09-07,6.71,1
total_litter,1983-09-07,7.48,1
total_litter,1983-09-07,7.52,1
total_litter,1983-09-07,7.68,1
total_litter,1983-09-07,8.47,1
total_litter,1983-09-07,8.47,1
total_litter,1983-09-07,9.64,1
total_litter,1983-09-07,10.96,1
total_litter,1983-09-07,14.04,1
total_litter,1983-09-07,20.68,1
alder_leaves,1983-10-07,0,1
alder_leaves,1983-10-07,0,1
alder_leaves,1983-10-07,0,1
alder_leaves,1983-10-07,0,1
alder_leaves,1983-10-07,0,1
alder_leaves,1983-10-07,0,1
alder_leaves,1983-10-07,9.01,1
alder_leaves,1983-10-07,13.3,1
alder_leaves,1983-10-07,13.44,1
alder_leaves,1983-10-07,13.88,1
alder_leaves,1983-10-07,25.96,1
alder_leaves,1983-10-07,36.84,1
aspen_leaves,1983-10-07,0,1
aspen_leaves,1983-10-07,0,1
aspen_leaves,1983-10-07,0,1
aspen_leaves,1983-10-07,0,1
aspen_leaves,1983-10-07,0,1
aspen_leaves,1983-10-07,0,1
aspen_leaves,1983-10-07,0,1
aspen_leaves,1983-10-07,0,1
aspen_leaves,1983-10-07,0.07,1
aspen_leaves,1983-10-07,0.14,1
aspen_leaves,1983-10-07,0.32,1
aspen_leaves,1983-10-07,0.36,1
female_cones,1983-10-07,0,1
female_cones,1983-10-07,0,1
female_cones,1983-10-07,0,1
female_cones,1983-10-07,0,1
female_cones,1983-10-07,0,1
female_cones,1983-10-07,0,1
female_cones,1983-10-07,0,1
female_cones,1983-10-07,0,1
female_cones,1983-10-07,0,1
female_cones,1983-10-07,0,1
female_cones,1983-10-07,0,1
female_cones,1983-10-07,0,1
fir_needles,1983-10-07,0,1
fir_needles,1983-10-07,0,1
fir_needles,1983-10-07,0,1
fir_needles,1983-10-07,0,1
fir_needles,1983-10-07,0,1
fir_needles,1983-10-07,0,1
fir_needles,1983-10-07,0,1
fir_needles,1983-10-07,0,1
fir_needles,1983-10-07,0,1
fir_needles,1983-10-07,0,1
fir_needles,1983-10-07,0,1
fir_needles,1983-10-07,0,1
male_cones,1983-10-07,0,1
male_cones,1983-10-07,0,1
male_cones,1983-10-07,0,1
male_cones,1983-10-07,0,1
male_cones,1983-10-07,0,1
male_cones,1983-10-07,0,1
male_cones,1983-10-07,0,1
male_cones,1983-10-07,0,1
male_cones,1983-10-07,0,1
male_cones,1983-10-07,1.62,1
male_cones,1983-10-07,5.11,1
male_cones,1983-10-07,16.16,1
pine_needles,1983-10-07,2.72,1
pine_needles,1983-10-07,5.75,1
pine_needles,1983-10-07,6.08,1
pine_needles,1983-10-07,6.88,1
pine_needles,1983-10-07,7.08,1
pine_needles,1983-10-07,10.04,1
pine_needles,1983-10-07,11.48,1
pine_needles,1983-10-07,13.96,1
pine_needles,1983-10-07,14.64,1
pine_needles,1983-10-07,15.84,1
pine_needles,1983-10-07,16.92,1
pine_needles,1983-10-07,20.68,1
spruce_needles,1983-10-07,0,1
spruce_needles,1983-10-07,0,1
spruce_needles,1983-10-07,0,1
spruce_needles,1983-10-07,0,1
spruce_needles,1983-10-07,0,1
spruce_needles,1983-10-07,0,1
spruce_needles,1983-10-07,0,1
spruce_needles,1983-10-07,0,1
spruce_needles,1983-10-07,0,1
spruce_needles,1983-10-07,0,1
spruce_needles,1983-10-07,0,1
spruce_needles,1983-10-07,0,1
structural,1983-10-07,0,1
structural,1983-10-07,0,1
structural,1983-10-07,0,1
structural,1983-10-07,0,1
structural,1983-10-07,0,1
structural,1983-10-07,0,1
structural,1983-10-07,0,1
structural,1983-10-07,0.24,1
structural,1983-10-07,0.38,1
structural,1983-10-07,0.74,1
structural,1983-10-07,1.56,1
structural,1983-10-07,1.96,1
total_litter,1983-10-07,3.08,1
total_litter,1983-10-07,6.08,1
total_litter,1983-10-07,7.08,1
total_litter,1983-10-07,13.96,1
total_litter,1983-10-07,14.88,1
total_litter,1983-10-07,18.48,1
total_litter,1983-10-07,22.56,1
total_litter,1983-10-07,25.04,1
total_litter,1983-10-07,34.12,1
total_litter,1983-10-07,38.28,1
total_litter,1983-10-07,43.72,1
total_litter,1983-10-07,45.88,1
alder_leaves,1983-11-07,0,1
alder_leaves,1983-11-07,0,1
alder_leaves,1983-11-07,0.04,1
alder_leaves,1983-11-07,0.04,1
alder_leaves,1983-11-07,0.08,1
alder_leaves,1983-11-07,0.16,1
alder_leaves,1983-11-07,0.36,1
alder_leaves,1983-11-07,0.78,1
alder_leaves,1983-11-07,1.2,1
alder_leaves,1983-11-07,1.8,1
alder_leaves,1983-11-07,1.84,1
alder_leaves,1983-11-07,3.52,1
aspen_leaves,1983-11-07,0,1
aspen_leaves,1983-11-07,0,1
aspen_leaves,1983-11-07,0,1
aspen_leaves,1983-11-07,0,1
aspen_leaves,1983-11-07,0,1
aspen_leaves,1983-11-07,0,1
aspen_leaves,1983-11-07,0,1
aspen_leaves,1983-11-07,0,1
aspen_leaves,1983-11-07,0,1
aspen_leaves,1983-11-07,0,1
aspen_leaves,1983-11-07,0,1
aspen_leaves,1983-11-07,0,1
female_cones,1983-11-07,0,1
female_cones,1983-11-07,0,1
female_cones,1983-11-07,0,1
female_cones,1983-11-07,0,1
female_cones,1983-11-07,0,1
female_cones,1983-11-07,0,1
female_cones,1983-11-07,0,1
female_cones,1983-11-07,0,1
female_cones,1983-11-07,0,1
female_cones,1983-11-07,0,1
female_cones,1983-11-07,0,1
female_cones,1983-11-07,0,1
fir_needles,1983-11-07,0,1
fir_needles,1983-11-07,0,1
fir_needles,1983-11-07,0,1
fir_needles,1983-11-07,0,1
fir_needles,1983-11-07,0,1
fir_needles,1983-11-07,0,1
fir_needles,1983-11-07,0,1
fir_needles,1983-11-07,0,1
fir_needles,1983-11-07,0,1
fir_needles,1983-11-07,0,1
fir_needles,1983-11-07,0,1
fir_needles,1983-11-07,0,1
male_cones,1983-11-07,0,1
male_cones,1983-11-07,0,1
male_cones,1983-11-07,0,1
male_cones,1983-11-07,0,1
male_cones,1983-11-07,0,1
male_cones,1983-11-07,0,1
male_cones,1983-11-07,0.02,1
male_cones,1983-11-07,0.02,1
male_cones,1983-11-07,0.04,1
male_cones,1983-11-07,0.04,1
male_cones,1983-11-07,0.04,1
male_cones,1983-11-07,0.04,1
pine_needles,1983-11-07,5.34,1
pine_needles,1983-11-07,6.52,1
pine_needles,1983-11-07,8.28,1
pine_needles,1983-11-07,10.72,1
pine_needles,1983-11-07,11.6,1
pine_needles,1983-11-07,14.96,1
pine_needles,1983-11-07,16.88,1
pine_needles,1983-11-07,17.48,1
pine_needles,1983-11-07,17.96,1
pine_needles,1983-11-07,18.2,1
pine_needles,1983-11-07,18.84,1
pine_needles,1983-11-07,23.16,1
spruce_needles,1983-11-07,0,1
spruce_needles,1983-11-07,0,1
spruce_needles,1983-11-07,0,1
spruce_needles,1983-11-07,0,1
spruce_needles,1983-11-07,0,1
spruce_needles,1983-11-07,0,1
spruce_needles,1983-11-07,0,1
spruce_needles,1983-11-07,0,1
spruce_needles,1983-11-07,0,1
spruce_needles,1983-11-07,0,1
spruce_needles,1983-11-07,0,1
spruce_needles,1983-11-07,0,1
structural,1983-11-07,0.04,1
structural,1983-11-07,0.04,1
structural,1983-11-07,0.04,1
structural,1983-11-07,0.04,1
structural,1983-11-07,0.12,1
structural,1983-11-07,0.12,1
structural,1983-11-07,0.16,1
structural,1983-11-07,0.18,1
structural,1983-11-07,0.18,1
structural,1983-11-07,0.28,1
structural,1983-11-07,0.32,1
structural,1983-11-07,0.6,1
total_litter,1983-11-07,6.74,1
total_litter,1983-11-07,7,1
total_litter,1983-11-07,8.52,1
total_litter,1983-11-07,11.76,1
total_litter,1983-11-07,14.28,1
total_litter,1983-11-07,15.94,1
total_litter,1983-11-07,16.96,1
total_litter,1983-11-07,18.24,1
total_litter,1983-11-07,18.44,1
total_litter,1983-11-07,18.96,1
total_litter,1983-11-07,19.92,1
total_litter,1983-11-07,25.32,1
alder_leaves,1984-05-07,0,1
alder_leaves,1984-05-07,0,1
alder_leaves,1984-05-07,0,1
alder_leaves,1984-05-07,0,1
alder_leaves,1984-05-07,0,1
alder_leaves,1984-05-07,0,1
alder_leaves,1984-05-07,0.04,1
alder_leaves,1984-05-07,0.38,1
alder_leaves,1984-05-07,0.67,1
alder_leaves,1984-05-07,0.8,1
alder_leaves,1984-05-07,0.92,1
alder_leaves,1984-05-07,2,1
aspen_leaves,1984-05-07,0,1
aspen_leaves,1984-05-07,0,1
aspen_leaves,1984-05-07,0,1
aspen_leaves,1984-05-07,0,1
aspen_leaves,1984-05-07,0,1
aspen_leaves,1984-05-07,0,1
aspen_leaves,1984-05-07,0,1
aspen_leaves,1984-05-07,0,1
aspen_leaves,1984-05-07,0.15,1
aspen_leaves,1984-05-07,0.35,1
aspen_leaves,1984-05-07,0.48,1
aspen_leaves,1984-05-07,1.04,1
female_cones,1984-05-07,0,1
female_cones,1984-05-07,0,1
female_cones,1984-05-07,0,1
female_cones,1984-05-07,0,1
female_cones,1984-05-07,0,1
female_cones,1984-05-07,0,1
female_cones,1984-05-07,0,1
female_cones,1984-05-07,0,1
female_cones,1984-05-07,0,1
female_cones,1984-05-07,0,1
female_cones,1984-05-07,0,1
female_cones,1984-05-07,0,1
fir_needles,1984-05-07,0,1
fir_needles,1984-05-07,0,1
fir_needles,1984-05-07,0,1
fir_needles,1984-05-07,0,1
fir_needles,1984-05-07,0,1
fir_needles,1984-05-07,0,1
fir_needles,1984-05-07,0,1
fir_needles,1984-05-07,0,1
fir_needles,1984-05-07,0,1
fir_needles,1984-05-07,0,1
fir_needles,1984-05-07,0,1
fir_needles,1984-05-07,0,1
male_cones,1984-05-07,0,1
male_cones,1984-05-07,0,1
male_cones,1984-05-07,0,1
male_cones,1984-05-07,0,1
male_cones,1984-05-07,0,1
male_cones,1984-05-07,0,1
male_cones,1984-05-07,0.06,1
male_cones,1984-05-07,0.08,1
male_cones,1984-05-07,0.08,1
male_cones,1984-05-07,0.09,1
male_cones,1984-05-07,0.12,1
male_cones,1984-05-07,0.28,1
pine_needles,1984-05-07,10.55,1
pine_needles,1984-05-07,24.24,1
pine_needles,1984-05-07,25.4,1
pine_needles,1984-05-07,31.24,1
pine_needles,1984-05-07,31.44,1
pine_needles,1984-05-07,36.28,1
pine_needles,1984-05-07,38.38,1
pine_needles,1984-05-07,39.32,1
pine_needles,1984-05-07,42.2,1
pine_needles,1984-05-07,48.68,1
pine_needles,1984-05-07,50.2,1
pine_needles,1984-05-07,54.76,1
spruce_needles,1984-05-07,0,1
spruce_needles,1984-05-07,0,1
spruce_needles,1984-05-07,0,1
spruce_needles,1984-05-07,0,1
spruce_needles,1984-05-07,0,1
spruce_needles,1984-05-07,0,1
spruce_needles,1984-05-07,0,1
spruce_needles,1984-05-07,0,1
spruce_needles,1984-05-07,0,1
spruce_needles,1984-05-07,0,1
spruce_needles,1984-05-07,0,1
spruce_needles,1984-05-07,0,1
structural,1984-05-07,0.24,1
structural,1984-05-07,0.36,1
structural,1984-05-07,0.76,1
structural,1984-05-07,1,1
structural,1984-05-07,1.04,1
structural,1984-05-07,1.76,1
structural,1984-05-07,1.98,1
structural,1984-05-07,2.04,1
structural,1984-05-07,2.04,1
structural,1984-05-07,3,1
structural,1984-05-07,3.4,1
structural,1984-05-07,6.8,1
total_litter,1984-05-07,13.64,1
total_litter,1984-05-07,26.12,1
total_litter,1984-05-07,27.28,1
total_litter,1984-05-07,32.28,1
total_litter,1984-05-07,32.92,1
total_litter,1984-05-07,38.12,1
total_litter,1984-05-07,41.01,1
total_litter,1984-05-07,43.48,1
total_litter,1984-05-07,45.6,1
total_litter,1984-05-07,49.72,1
total_litter,1984-05-07,52,1
total_litter,1984-05-07,62.48,1
alder_leaves,1983-06-07,0,2
alder_leaves,1983-06-07,0,2
alder_leaves,1983-06-07,0,2
alder_leaves,1983-06-07,0,2
alder_leaves,1983-06-07,0,2
alder_leaves,1983-06-07,0,2
alder_leaves,1983-06-07,0,2
alder_leaves,1983-06-07,0.12,2
alder_leaves,1983-06-07,0.3,2
alder_leaves,1983-06-07,0.56,2
alder_leaves,1983-06-07,0.72,2
alder_leaves,1983-06-07,2.28,2
aspen_leaves,1983-06-07,0,2
aspen_leaves,1983-06-07,0,2
aspen_leaves,1983-06-07,0,2
aspen_leaves,1983-06-07,0,2
aspen_leaves,1983-06-07,0,2
aspen_leaves,1983-06-07,0,2
aspen_leaves,1983-06-07,0,2
aspen_leaves,1983-06-07,0,2
aspen_leaves,1983-06-07,0,2
aspen_leaves,1983-06-07,0,2
aspen_leaves,1983-06-07,0,2
aspen_leaves,1983-06-07,0,2
female_cones,1983-06-07,0,2
female_cones,1983-06-07,0,2
female_cones,1983-06-07,0,2
female_cones,1983-06-07,0,2
female_cones,1983-06-07,0,2
female_cones,1983-06-07,0,2
female_cones,1983-06-07,0,2
female_cones,1983-06-07,0,2
female_cones,1983-06-07,0,2
female_cones,1983-06-07,0,2
female_cones,1983-06-07,0,2
female_cones,1983-06-07,0,2
fir_needles,1983-06-07,0,2
fir_needles,1983-06-07,0,2
fir_needles,1983-06-07,0,2
fir_needles,1983-06-07,0,2
fir_needles,1983-06-07,0,2
fir_needles,1983-06-07,0,2
fir_needles,1983-06-07,0,2
fir_needles,1983-06-07,0,2
fir_needles,1983-06-07,0,2
fir_needles,1983-06-07,0,2
fir_needles,1983-06-07,0,2
fir_needles,1983-06-07,0,2
male_cones,1983-06-07,0,2
male_cones,1983-06-07,0.04,2
male_cones,1983-06-07,0.16,2
male_cones,1983-06-07,0.24,2
male_cones,1983-06-07,0.4,2
male_cones,1983-06-07,0.4,2
male_cones,1983-06-07,0.48,2
male_cones,1983-06-07,0.56,2
male_cones,1983-06-07,0.56,2
male_cones,1983-06-07,0.66,2
male_cones,1983-06-07,1.2,2
male_cones,1983-06-07,2.16,2
pine_needles,1983-06-07,1,2
pine_needles,1983-06-07,1.76,2
pine_needles,1983-06-07,3.56,2
pine_needles,1983-06-07,3.8,2
pine_needles,1983-06-07,3.96,2
pine_needles,1983-06-07,4.08,2
pine_needles,1983-06-07,4.24,2
pine_needles,1983-06-07,4.36,2
pine_needles,1983-06-07,4.6,2
pine_needles,1983-06-07,4.88,2
pine_needles,1983-06-07,5.44,2
pine_needles,1983-06-07,8.08,2
spruce_needles,1983-06-07,0,2
spruce_needles,1983-06-07,0,2
spruce_needles,1983-06-07,0,2
spruce_needles,1983-06-07,0,2
spruce_needles,1983-06-07,0,2
spruce_needles,1983-06-07,0,2
spruce_needles,1983-06-07,0,2
spruce_needles,1983-06-07,0,2
spruce_needles,1983-06-07,0,2
spruce_needles,1983-06-07,0,2
spruce_needles,1983-06-07,0,2
spruce_needles,1983-06-07,0,2
structural,1983-06-07,0.04,2
structural,1983-06-07,0.04,2
structural,1983-06-07,0.04,2
structural,1983-06-07,0.04,2
structural,1983-06-07,0.2,2
structural,1983-06-07,0.32,2
structural,1983-06-07,0.44,2
structural,1983-06-07,1.65,2
structural,1983-06-07,2.44,2
structural,1983-06-07,2.64,2
structural,1983-06-07,3.19,2
structural,1983-06-07,10.28,2
total_litter,1983-06-07,1.04,2
total_litter,1983-06-07,4.16,2
total_litter,1983-06-07,4.9,2
total_litter,1983-06-07,5.2,2
total_litter,1983-06-07,5.24,2
total_litter,1983-06-07,5.32,2
total_litter,1983-06-07,5.52,2
total_litter,1983-06-07,5.6,2
total_litter,1983-06-07,6.48,2
total_litter,1983-06-07,6.87,2
total_litter,1983-06-07,11.32,2
total_litter,1983-06-07,18.84,2
alder_leaves,1983-07-02,0,2
alder_leaves,1983-07-02,0,2
alder_leaves,1983-07-02,0,2
alder_leaves,1983-07-02,0,2
alder_leaves,1983-07-02,0,2
alder_leaves,1983-07-02,0,2
alder_leaves,1983-07-02,0,2
alder_leaves,1983-07-02,0,2
alder_leaves,1983-07-02,0.07,2
alder_leaves,1983-07-02,0.15,2
alder_leaves,1983-07-02,0.32,2
alder_leaves,1983-07-02,0.4,2
aspen_leaves,1983-07-02,0,2
aspen_leaves,1983-07-02,0,2
aspen_leaves,1983-07-02,0,2
aspen_leaves,1983-07-02,0,2
aspen_leaves,1983-07-02,0,2
aspen_leaves,1983-07-02,0,2
aspen_leaves,1983-07-02,0,2
aspen_leaves,1983-07-02,0,2
aspen_leaves,1983-07-02,0,2
aspen_leaves,1983-07-02,0,2
aspen_leaves,1983-07-02,0,2
aspen_leaves,1983-07-02,0,2
female_cones,1983-07-02,0,2
female_cones,1983-07-02,0,2
female_cones,1983-07-02,0,2
female_cones,1983-07-02,0,2
female_cones,1983-07-02,0,2
female_cones,1983-07-02,0,2
female_cones,1983-07-02,0,2
female_cones,1983-07-02,0,2
female_cones,1983-07-02,0,2
female_cones,1983-07-02,0,2
female_cones,1983-07-02,0,2
female_cones,1983-07-02,0,2
fir_needles,1983-07-02,0,2
fir_needles,1983-07-02,0,2
fir_needles,1983-07-02,0,2
fir_needles,1983-07-02,0,2
fir_needles,1983-07-02,0,2
fir_needles,1983-07-02,0,2
fir_needles,1983-07-02,0,2
fir_needles,1983-07-02,0,2
fir_needles,1983-07-02,0,2
fir_needles,1983-07-02,0,2
fir_needles,1983-07-02,0,2
fir_needles,1983-07-02,0,2
male_cones,1983-07-02,0.32,2
male_cones,1983-07-02,0.76,2
male_cones,1983-07-02,2.44,2
male_cones,1983-07-02,3.12,2
male_cones,1983-07-02,3.28,2
male_cones,1983-07-02,4.37,2
male_cones,1983-07-02,4.96,2
male_cones,1983-07-02,4.96,2
male_cones,1983-07-02,5.22,2
male_cones,1983-07-02,7.24,2
male_cones,1983-07-02,12.04,2
male_cones,1983-07-02,13.04,2
pine_needles,1983-07-02,3.84,2
pine_needles,1983-07-02,5.52,2
pine_needles,1983-07-02,6.76,2
pine_needles,1983-07-02,8.29,2
pine_needles,1983-07-02,9.92,2
pine_needles,1983-07-02,14.88,2
pine_needles,1983-07-02,15.08,2
pine_needles,1983-07-02,15.76,2
pine_needles,1983-07-02,20.8,2
pine_needles,1983-07-02,22.32,2
pine_needles,1983-07-02,24.36,2
pine_needles,1983-07-02,26.6,2
spruce_needles,1983-07-02,0,2
spruce_needles,1983-07-02,0,2
spruce_needles,1983-07-02,0,2
spruce_needles,1983-07-02,0,2
spruce_needles,1983-07-02,0,2
spruce_needles,1983-07-02,0,2
spruce_needles,1983-07-02,0,2
spruce_needles,1983-07-02,0,2
spruce_needles,1983-07-02,0,2
spruce_needles,1983-07-02,0,2
spruce_needles,1983-07-02,0,2
spruce_needles,1983-07-02,0,2
structural,1983-07-02,0.12,2
structural,1983-07-02,0.16,2
structural,1983-07-02,0.28,2
structural,1983-07-02,0.68,2
structural,1983-07-02,0.76,2
structural,1983-07-02,2.38,2
structural,1983-07-02,2.44,2
structural,1983-07-02,2.48,2
structural,1983-07-02,2.82,2
structural,1983-07-02,3.08,2
structural,1983-07-02,4.56,2
structural,1983-07-02,9.2,2
total_litter,1983-07-02,4.32,2
total_litter,1983-07-02,6.4,2
total_litter,1983-07-02,9.48,2
total_litter,1983-07-02,13.02,2
total_litter,1983-07-02,13.96,2
total_litter,1983-07-02,22.74,2
total_litter,1983-07-02,26.48,2
total_litter,1983-07-02,27.92,2
total_litter,1983-07-02,28.92,2
total_litter,1983-07-02,34.96,2
total_litter,1983-07-02,36.12,2
total_litter,1983-07-02,38.84,2
alder_leaves,1983-08-07,0,2
alder_leaves,1983-08-07,0,2
alder_leaves,1983-08-07,0,2
alder_leaves,1983-08-07,0,2
alder_leaves,1983-08-07,0,2
alder_leaves,1983-08-07,0,2
alder_leaves,1983-08-07,0,2
alder_leaves,1983-08-07,0.08,2
alder_leaves,1983-08-07,0.12,2
alder_leaves,1983-08-07,0.22,2
alder_leaves,1983-08-07,0.61,2
alder_leaves,1983-08-07,1.96,2
aspen_leaves,1983-08-07,0,2
aspen_leaves,1983-08-07,0,2
aspen_leaves,1983-08-07,0,2
aspen_leaves,1983-08-07,0,2
aspen_leaves,1983-08-07,0,2
aspen_leaves,1983-08-07,0,2
aspen_leaves,1983-08-07,0,2
aspen_leaves,1983-08-07,0,2
aspen_leaves,1983-08-07,0,2
aspen_leaves,1983-08-07,0,2
aspen_leaves,1983-08-07,0,2
aspen_leaves,1983-08-07,0,2
female_cones,1983-08-07,0,2
female_cones,1983-08-07,0,2
female_cones,1983-08-07,0,2
female_cones,1983-08-07,0,2
female_cones,1983-08-07,0,2
female_cones,1983-08-07,0,2
female_cones,1983-08-07,0,2
female_cones,1983-08-07,0,2
female_cones,1983-08-07,0,2
female_cones,1983-08-07,0,2
female_cones,1983-08-07,0,2
female_cones,1983-08-07,0,2
fir_needles,1983-08-07,0,2
fir_needles,1983-08-07,0,2
fir_needles,1983-08-07,0,2
fir_needles,1983-08-07,0,2
fir_needles,1983-08-07,0,2
fir_needles,1983-08-07,0,2
fir_needles,1983-08-07,0,2
fir_needles,1983-08-07,0,2
fir_needles,1983-08-07,0,2
fir_needles,1983-08-07,0,2
fir_needles,1983-08-07,0,2
fir_needles,1983-08-07,0,2
male_cones,1983-08-07,0,2
male_cones,1983-08-07,0.32,2
male_cones,1983-08-07,0.92,2
male_cones,1983-08-07,0.96,2
male_cones,1983-08-07,1.28,2
male_cones,1983-08-07,1.39,2
male_cones,1983-08-07,1.65,2
male_cones,1983-08-07,1.76,2
male_cones,1983-08-07,1.8,2
male_cones,1983-08-07,2.04,2
male_cones,1983-08-07,2.48,2
male_cones,1983-08-07,4.96,2
pine_needles,1983-08-07,6.84,2
pine_needles,1983-08-07,6.88,2
pine_needles,1983-08-07,7.24,2
pine_needles,1983-08-07,8.8,2
pine_needles,1983-08-07,12.96,2
pine_needles,1983-08-07,14.52,2
pine_needles,1983-08-07,14.8,2
pine_needles,1983-08-07,15.94,2
pine_needles,1983-08-07,21.76,2
pine_needles,1983-08-07,23.72,2
pine_needles,1983-08-07,24.56,2
pine_needles,1983-08-07,24.6,2
spruce_needles,1983-08-07,0,2
spruce_needles,1983-08-07,0,2
spruce_needles,1983-08-07,0,2
spruce_needles,1983-08-07,0,2
spruce_needles,1983-08-07,0,2
spruce_needles,1983-08-07,0,2
spruce_needles,1983-08-07,0,2
spruce_needles,1983-08-07,0,2
spruce_needles,1983-08-07,0,2
spruce_needles,1983-08-07,0,2
spruce_needles,1983-08-07,0,2
spruce_needles,1983-08-07,0,2
structural,1983-08-07,0.84,2
structural,1983-08-07,2.04,2
structural,1983-08-07,2.92,2
structural,1983-08-07,3.24,2
structural,1983-08-07,6.8,2
structural,1983-08-07,7.38,2
structural,1983-08-07,7.88,2
structural,1983-08-07,9.42,2
structural,1983-08-07,16.28,2
structural,1983-08-07,17.52,2
structural,1983-08-07,18.24,2
structural,1983-08-07,18.44,2
total_litter,1983-08-07,8.96,2
total_litter,1983-08-07,10.2,2
total_litter,1983-08-07,13,2
total_litter,1983-08-07,14.54,2
total_litter,1983-08-07,23.64,2
total_litter,1983-08-07,24.72,2
total_litter,1983-08-07,25,2
total_litter,1983-08-07,27.23,2
total_litter,1983-08-07,29.24,2
total_litter,1983-08-07,43.76,2
total_litter,1983-08-07,46.76,2
total_litter,1983-08-07,47.04,2
alder_leaves,1983-09-07,0,2
alder_leaves,1983-09-07,0,2
alder_leaves,1983-09-07,0,2
alder_leaves,1983-09-07,0,2
alder_leaves,1983-09-07,0,2
alder_leaves,1983-09-07,0,2
alder_leaves,1983-09-07,0,2
alder_leaves,1983-09-07,0.2,2
alder_leaves,1983-09-07,0.57,2
alder_leaves,1983-09-07,0.64,2
alder_leaves,1983-09-07,1.53,2
alder_leaves,1983-09-07,4.88,2
aspen_leaves,1983-09-07,0,2
aspen_leaves,1983-09-07,0,2
aspen_leaves,1983-09-07,0,2
aspen_leaves,1983-09-07,0,2
aspen_leaves,1983-09-07,0,2
aspen_leaves,1983-09-07,0,2
aspen_leaves,1983-09-07,0,2
aspen_leaves,1983-09-07,0,2
aspen_leaves,1983-09-07,0,2
aspen_leaves,1983-09-07,0,2
aspen_leaves,1983-09-07,0,2
aspen_leaves,1983-09-07,0,2
female_cones,1983-09-07,0,2
female_cones,1983-09-07,0,2
female_cones,1983-09-07,0,2
female_cones,1983-09-07,0,2
female_cones,1983-09-07,0,2
female_cones,1983-09-07,0,2
female_cones,1983-09-07,0,2
female_cones,1983-09-07,0,2
female_cones,1983-09-07,0,2
female_cones,1983-09-07,0,2
female_cones,1983-09-07,0,2
female_cones,1983-09-07,0,2
fir_needles,1983-09-07,0,2
fir_needles,1983-09-07,0,2
fir_needles,1983-09-07,0,2
fir_needles,1983-09-07,0,2
fir_needles,1983-09-07,0,2
fir_needles,1983-09-07,0,2
fir_needles,1983-09-07,0,2
fir_needles,1983-09-07,0,2
fir_needles,1983-09-07,0,2
fir_needles,1983-09-07,0,2
fir_needles,1983-09-07,0,2
fir_needles,1983-09-07,0,2
male_cones,1983-09-07,0.12,2
male_cones,1983-09-07,0.16,2
male_cones,1983-09-07,0.2,2
male_cones,1983-09-07,0.24,2
male_cones,1983-09-07,0.24,2
male_cones,1983-09-07,0.28,2
male_cones,1983-09-07,0.32,2
male_cones,1983-09-07,0.38,2
male_cones,1983-09-07,0.44,2
male_cones,1983-09-07,0.56,2
male_cones,1983-09-07,0.72,2
male_cones,1983-09-07,0.8,2
pine_needles,1983-09-07,3.68,2
pine_needles,1983-09-07,3.72,2
pine_needles,1983-09-07,3.92,2
pine_needles,1983-09-07,3.92,2
pine_needles,1983-09-07,4.84,2
pine_needles,1983-09-07,6.88,2
pine_needles,1983-09-07,7.68,2
pine_needles,1983-09-07,7.84,2
pine_needles,1983-09-07,8.04,2
pine_needles,1983-09-07,12.2,2
pine_needles,1983-09-07,12.68,2
pine_needles,1983-09-07,12.76,2
spruce_needles,1983-09-07,0,2
spruce_needles,1983-09-07,0,2
spruce_needles,1983-09-07,0,2
spruce_needles,1983-09-07,0,2
spruce_needles,1983-09-07,0,2
spruce_needles,1983-09-07,0,2
spruce_needles,1983-09-07,0,2
spruce_needles,1983-09-07,0,2
spruce_needles,1983-09-07,0,2
spruce_needles,1983-09-07,0,2
spruce_needles,1983-09-07,0,2
spruce_needles,1983-09-07,0,2
structural,1983-09-07,0.28,2
structural,1983-09-07,0.36,2
structural,1983-09-07,0.36,2
structural,1983-09-07,0.52,2
structural,1983-09-07,2,2
structural,1983-09-07,2.44,2
structural,1983-09-07,2.46,2
structural,1983-09-07,3,2
structural,1983-09-07,3.2,2
structural,1983-09-07,4.04,2
structural,1983-09-07,4.72,2
structural,1983-09-07,5.68,2
total_litter,1983-09-07,4.48,2
total_litter,1983-09-07,4.48,2
total_litter,1983-09-07,5.76,2
total_litter,1983-09-07,6.08,2
total_litter,1983-09-07,7.04,2
total_litter,1983-09-07,8.44,2
total_litter,1983-09-07,11.09,2
total_litter,1983-09-07,11.28,2
total_litter,1983-09-07,15.2,2
total_litter,1983-09-07,16.6,2
total_litter,1983-09-07,17.92,2
total_litter,1983-09-07,19.4,2
alder_leaves,1983-10-07,0,2
alder_leaves,1983-10-07,0,2
alder_leaves,1983-10-07,0,2
alder_leaves,1983-10-07,0,2
alder_leaves,1983-10-07,0,2
alder_leaves,1983-10-07,3.08,2
alder_leaves,1983-10-07,12.78,2
alder_leaves,1983-10-07,15.4,2
alder_leaves,1983-10-07,17.21,2
alder_leaves,1983-10-07,30.12,2
alder_leaves,1983-10-07,37.24,2
alder_leaves,1983-10-07,41.92,2
aspen_leaves,1983-10-07,0,2
aspen_leaves,1983-10-07,0,2
aspen_leaves,1983-10-07,0,2
aspen_leaves,1983-10-07,0,2
aspen_leaves,1983-10-07,0,2
aspen_leaves,1983-10-07,0,2
aspen_leaves,1983-10-07,0,2
aspen_leaves,1983-10-07,0,2
aspen_leaves,1983-10-07,0.08,2
aspen_leaves,1983-10-07,0.16,2
aspen_leaves,1983-10-07,0.22,2
aspen_leaves,1983-10-07,0.68,2
female_cones,1983-10-07,0,2
female_cones,1983-10-07,0,2
female_cones,1983-10-07,0,2
female_cones,1983-10-07,0,2
female_cones,1983-10-07,0,2
female_cones,1983-10-07,0,2
female_cones,1983-10-07,0,2
female_cones,1983-10-07,0,2
female_cones,1983-10-07,0,2
female_cones,1983-10-07,0.05,2
female_cones,1983-10-07,0.16,2
female_cones,1983-10-07,0.52,2
fir_needles,1983-10-07,0,2
fir_needles,1983-10-07,0,2
fir_needles,1983-10-07,0,2
fir_needles,1983-10-07,0,2
fir_needles,1983-10-07,0,2
fir_needles,1983-10-07,0,2
fir_needles,1983-10-07,0,2
fir_needles,1983-10-07,0,2
fir_needles,1983-10-07,0,2
fir_needles,1983-10-07,0,2
fir_needles,1983-10-07,0,2
fir_needles,1983-10-07,0,2
male_cones,1983-10-07,0,2
male_cones,1983-10-07,0,2
male_cones,1983-10-07,0,2
male_cones,1983-10-07,0,2
male_cones,1983-10-07,0,2
male_cones,1983-10-07,0,2
male_cones,1983-10-07,0.04,2
male_cones,1983-10-07,0.05,2
male_cones,1983-10-07,0.08,2
male_cones,1983-10-07,0.08,2
male_cones,1983-10-07,0.12,2
male_cones,1983-10-07,0.24,2
pine_needles,1983-10-07,6.24,2
pine_needles,1983-10-07,6.28,2
pine_needles,1983-10-07,7.36,2
pine_needles,1983-10-07,8.88,2
pine_needles,1983-10-07,9.49,2
pine_needles,1983-10-07,9.8,2
pine_needles,1983-10-07,16.22,2
pine_needles,1983-10-07,20.36,2
pine_needles,1983-10-07,21.68,2
pine_needles,1983-10-07,23.48,2
pine_needles,1983-10-07,27.12,2
pine_needles,1983-10-07,31.04,2
spruce_needles,1983-10-07,0,2
spruce_needles,1983-10-07,0,2
spruce_needles,1983-10-07,0,2
spruce_needles,1983-10-07,0,2
spruce_needles,1983-10-07,0,2
spruce_needles,1983-10-07,0,2
spruce_needles,1983-10-07,0,2
spruce_needles,1983-10-07,0,2
spruce_needles,1983-10-07,0,2
spruce_needles,1983-10-07,0,2
spruce_needles,1983-10-07,0,2
spruce_needles,1983-10-07,0,2
structural,1983-10-07,0,2
structural,1983-10-07,0,2
structural,1983-10-07,0.04,2
structural,1983-10-07,0.08,2
structural,1983-10-07,0.12,2
structural,1983-10-07,0.24,2
structural,1983-10-07,0.24,2
structural,1983-10-07,0.44,2
structural,1983-10-07,1.76,2
structural,1983-10-07,2.48,2
structural,1983-10-07,6.84,2
structural,1983-10-07,21.88,2
total_litter,1983-10-07,6.36,2
total_litter,1983-10-07,6.72,2
total_litter,1983-10-07,7.36,2
total_litter,1983-10-07,9.12,2
total_litter,1983-10-07,10,2
total_litter,1983-10-07,26.4,2
total_litter,1983-10-07,30.72,2
total_litter,1983-10-07,31.66,2
total_litter,1983-10-07,37.12,2
total_litter,1983-10-07,53.76,2
total_litter,1983-10-07,64.72,2
total_litter,1983-10-07,95.08,2
alder_leaves,1983-11-07,0,2
alder_leaves,1983-11-07,0,2
alder_leaves,1983-11-07,0.04,2
alder_leaves,1983-11-07,0.08,2
alder_leaves,1983-11-07,0.12,2
alder_leaves,1983-11-07,0.4,2
alder_leaves,1983-11-07,1.46,2
alder_leaves,1983-11-07,1.85,2
alder_leaves,1983-11-07,2.24,2
alder_leaves,1983-11-07,3.48,2
alder_leaves,1983-11-07,3.6,2
alder_leaves,1983-11-07,4.68,2
aspen_leaves,1983-11-07,0,2
aspen_leaves,1983-11-07,0,2
aspen_leaves,1983-11-07,0,2
aspen_leaves,1983-11-07,0,2
aspen_leaves,1983-11-07,0,2
aspen_leaves,1983-11-07,0,2
aspen_leaves,1983-11-07,0,2
aspen_leaves,1983-11-07,0,2
aspen_leaves,1983-11-07,0,2
aspen_leaves,1983-11-07,0,2
aspen_leaves,1983-11-07,0,2
aspen_leaves,1983-11-07,0,2
female_cones,1983-11-07,0,2
female_cones,1983-11-07,0,2
female_cones,1983-11-07,0,2
female_cones,1983-11-07,0,2
female_cones,1983-11-07,0,2
female_cones,1983-11-07,0,2
female_cones,1983-11-07,0,2
female_cones,1983-11-07,0,2
female_cones,1983-11-07,0,2
female_cones,1983-11-07,0,2
female_cones,1983-11-07,0.01,2
female_cones,1983-11-07,0.04,2
fir_needles,1983-11-07,0,2
fir_needles,1983-11-07,0,2
fir_needles,1983-11-07,0,2
fir_needles,1983-11-07,0,2
fir_needles,1983-11-07,0,2
fir_needles,1983-11-07,0,2
fir_needles,1983-11-07,0,2
fir_needles,1983-11-07,0,2
fir_needles,1983-11-07,0,2
fir_needles,1983-11-07,0,2
fir_needles,1983-11-07,0,2
fir_needles,1983-11-07,0,2
male_cones,1983-11-07,0.04,2
male_cones,1983-11-07,0.04,2
male_cones,1983-11-07,0.04,2
male_cones,1983-11-07,0.04,2
male_cones,1983-11-07,0.04,2
male_cones,1983-11-07,0.04,2
male_cones,1983-11-07,0.04,2
male_cones,1983-11-07,0.04,2
male_cones,1983-11-07,0.06,2
male_cones,1983-11-07,0.08,2
male_cones,1983-11-07,0.08,2
male_cones,1983-11-07,0.16,2
pine_needles,1983-11-07,10.16,2
pine_needles,1983-11-07,11.33,2
pine_needles,1983-11-07,12.56,2
pine_needles,1983-11-07,13.68,2
pine_needles,1983-11-07,16.64,2
pine_needles,1983-11-07,17.44,2
pine_needles,1983-11-07,24.02,2
pine_needles,1983-11-07,28.76,2
pine_needles,1983-11-07,29.88,2
pine_needles,1983-11-07,33.48,2
pine_needles,1983-11-07,34.08,2
pine_needles,1983-11-07,43.52,2
spruce_needles,1983-11-07,0,2
spruce_needles,1983-11-07,0,2
spruce_needles,1983-11-07,0,2
spruce_needles,1983-11-07,0,2
spruce_needles,1983-11-07,0,2
spruce_needles,1983-11-07,0,2
spruce_needles,1983-11-07,0,2
spruce_needles,1983-11-07,0,2
spruce_needles,1983-11-07,0,2
spruce_needles,1983-11-07,0,2
spruce_needles,1983-11-07,0,2
spruce_needles,1983-11-07,0,2
structural,1983-11-07,0.04,2
structural,1983-11-07,0.04,2
structural,1983-11-07,0.12,2
structural,1983-11-07,0.4,2
structural,1983-11-07,0.4,2
structural,1983-11-07,0.6,2
structural,1983-11-07,0.88,2
structural,1983-11-07,0.96,2
structural,1983-11-07,1,2
structural,1983-11-07,1.22,2
structural,1983-11-07,2.16,2
structural,1983-11-07,3.92,2
total_litter,1983-11-07,11.08,2
total_litter,1983-11-07,13.04,2
total_litter,1983-11-07,13.42,2
total_litter,1983-11-07,13.88,2
total_litter,1983-11-07,16.8,2
total_litter,1983-11-07,17.64,2
total_litter,1983-11-07,26.5,2
total_litter,1983-11-07,32.04,2
total_litter,1983-11-07,35.04,2
total_litter,1983-11-07,36.68,2
total_litter,1983-11-07,41.16,2
total_litter,1983-11-07,47.68,2
alder_leaves,1984-05-07,0,2
alder_leaves,1984-05-07,0,2
alder_leaves,1984-05-07,0,2
alder_leaves,1984-05-07,0.04,2
alder_leaves,1984-05-07,0.76,2
alder_leaves,1984-05-07,0.76,2
alder_leaves,1984-05-07,1.02,2
alder_leaves,1984-05-07,1.11,2
alder_leaves,1984-05-07,1.52,2
alder_leaves,1984-05-07,1.6,2
alder_leaves,1984-05-07,2.56,2
alder_leaves,1984-05-07,3,2
aspen_leaves,1984-05-07,0,2
aspen_leaves,1984-05-07,0,2
aspen_leaves,1984-05-07,0,2
aspen_leaves,1984-05-07,0,2
aspen_leaves,1984-05-07,0,2
aspen_leaves,1984-05-07,0,2
aspen_leaves,1984-05-07,0,2
aspen_leaves,1984-05-07,0,2
aspen_leaves,1984-05-07,0,2
aspen_leaves,1984-05-07,0.04,2
aspen_leaves,1984-05-07,0.11,2
aspen_leaves,1984-05-07,0.36,2
female_cones,1984-05-07,0,2
female_cones,1984-05-07,0,2
female_cones,1984-05-07,0,2
female_cones,1984-05-07,0,2
female_cones,1984-05-07,0,2
female_cones,1984-05-07,0,2
female_cones,1984-05-07,0,2
female_cones,1984-05-07,2,2
female_cones,1984-05-07,3.59,2
female_cones,1984-05-07,7.65,2
female_cones,1984-05-07,10.8,2
female_cones,1984-05-07,23.12,2
fir_needles,1984-05-07,0,2
fir_needles,1984-05-07,0,2
fir_needles,1984-05-07,0,2
fir_needles,1984-05-07,0,2
fir_needles,1984-05-07,0,2
fir_needles,1984-05-07,0,2
fir_needles,1984-05-07,0,2
fir_needles,1984-05-07,0,2
fir_needles,1984-05-07,0,2
fir_needles,1984-05-07,0,2
fir_needles,1984-05-07,0,2
fir_needles,1984-05-07,0,2
male_cones,1984-05-07,0.08,2
male_cones,1984-05-07,0.08,2
male_cones,1984-05-07,0.12,2
male_cones,1984-05-07,0.16,2
male_cones,1984-05-07,0.16,2
male_cones,1984-05-07,0.17,2
male_cones,1984-05-07,0.24,2
male_cones,1984-05-07,0.24,2
male_cones,1984-05-07,0.24,2
male_cones,1984-05-07,0.28,2
male_cones,1984-05-07,0.36,2
male_cones,1984-05-07,0.64,2
pine_needles,1984-05-07,11.2,2
pine_needles,1984-05-07,35.4,2
pine_needles,1984-05-07,45.16,2
pine_needles,1984-05-07,47.6,2
pine_needles,1984-05-07,48.52,2
pine_needles,1984-05-07,49.08,2
pine_needles,1984-05-07,55,2
pine_needles,1984-05-07,60.44,2
pine_needles,1984-05-07,64.92,2
pine_needles,1984-05-07,65.32,2
pine_needles,1984-05-07,65.6,2
pine_needles,1984-05-07,68,2
spruce_needles,1984-05-07,0,2
spruce_needles,1984-05-07,0,2
spruce_needles,1984-05-07,0,2
spruce_needles,1984-05-07,0,2
spruce_needles,1984-05-07,0,2
spruce_needles,1984-05-07,0,2
spruce_needles,1984-05-07,0,2
spruce_needles,1984-05-07,0,2
spruce_needles,1984-05-07,0,2
spruce_needles,1984-05-07,0,2
spruce_needles,1984-05-07,0,2
spruce_needles,1984-05-07,0,2
structural,1984-05-07,0,2
structural,1984-05-07,0.4,2
structural,1984-05-07,0.92,2
structural,1984-05-07,2.08,2
structural,1984-05-07,3.96,2
structural,1984-05-07,4.36,2
structural,1984-05-07,7.84,2
structural,1984-05-07,8.23,2
structural,1984-05-07,10.92,2
structural,1984-05-07,14.64,2
structural,1984-05-07,19.04,2
structural,1984-05-07,22.12,2
total_litter,1984-05-07,22.34,2
total_litter,1984-05-07,39.44,2
total_litter,1984-05-07,48.08,2
total_litter,1984-05-07,50.2,2
total_litter,1984-05-07,50.84,2
total_litter,1984-05-07,52.44,2
total_litter,1984-05-07,67.74,2
total_litter,1984-05-07,72.72,2
total_litter,1984-05-07,82.56,2
total_litter,1984-05-07,85.6,2
total_litter,1984-05-07,90.24,2
total_litter,1984-05-07,105.24,2
alder_leaves,1983-06-07,0,3
alder_leaves,1983-06-07,0,3
alder_leaves,1983-06-07,0,3
alder_leaves,1983-06-07,0.2,3
alder_leaves,1983-06-07,0.32,3
alder_leaves,1983-06-07,0.32,3
alder_leaves,1983-06-07,0.44,3
alder_leaves,1983-06-07,0.47,3
alder_leaves,1983-06-07,0.59,3
alder_leaves,1983-06-07,0.72,3
alder_leaves,1983-06-07,0.76,3
alder_leaves,1983-06-07,1.96,3
aspen_leaves,1983-06-07,0,3
aspen_leaves,1983-06-07,0,3
aspen_leaves,1983-06-07,0,3
aspen_leaves,1983-06-07,0,3
aspen_leaves,1983-06-07,0,3
aspen_leaves,1983-06-07,0.04,3
aspen_leaves,1983-06-07,0.12,3
aspen_leaves,1983-06-07,0.15,3
aspen_leaves,1983-06-07,0.16,3
aspen_leaves,1983-06-07,0.25,3
aspen_leaves,1983-06-07,0.48,3
aspen_leaves,1983-06-07,0.72,3
female_cones,1983-06-07,0,3
female_cones,1983-06-07,0,3
female_cones,1983-06-07,0,3
female_cones,1983-06-07,0,3
female_cones,1983-06-07,0,3
female_cones,1983-06-07,0,3
female_cones,1983-06-07,0,3
female_cones,1983-06-07,0,3
female_cones,1983-06-07,0,3
female_cones,1983-06-07,0,3
female_cones,1983-06-07,0,3
female_cones,1983-06-07,0,3
fir_needles,1983-06-07,0,3
fir_needles,1983-06-07,0,3
fir_needles,1983-06-07,0,3
fir_needles,1983-06-07,0,3
fir_needles,1983-06-07,0,3
fir_needles,1983-06-07,0,3
fir_needles,1983-06-07,0,3
fir_needles,1983-06-07,0,3
fir_needles,1983-06-07,0,3
fir_needles,1983-06-07,0,3
fir_needles,1983-06-07,0,3
fir_needles,1983-06-07,0,3
male_cones,1983-06-07,0.25,3
male_cones,1983-06-07,0.48,3
male_cones,1983-06-07,0.52,3
male_cones,1983-06-07,0.6,3
male_cones,1983-06-07,0.68,3
male_cones,1983-06-07,0.76,3
male_cones,1983-06-07,0.78,3
male_cones,1983-06-07,0.8,3
male_cones,1983-06-07,0.8,3
male_cones,1983-06-07,0.84,3
male_cones,1983-06-07,0.92,3
male_cones,1983-06-07,1.36,3
pine_needles,1983-06-07,1.01,3
pine_needles,1983-06-07,4.52,3
pine_needles,1983-06-07,4.72,3
pine_needles,1983-06-07,4.92,3
pine_needles,1983-06-07,4.92,3
pine_needles,1983-06-07,5.04,3
pine_needles,1983-06-07,5.48,3
pine_needles,1983-06-07,5.66,3
pine_needles,1983-06-07,6.12,3
pine_needles,1983-06-07,6.6,3
pine_needles,1983-06-07,6.8,3
pine_needles,1983-06-07,7.44,3
spruce_needles,1983-06-07,0,3
spruce_needles,1983-06-07,0,3
spruce_needles,1983-06-07,0,3
spruce_needles,1983-06-07,0,3
spruce_needles,1983-06-07,0,3
spruce_needles,1983-06-07,0,3
spruce_needles,1983-06-07,0,3
spruce_needles,1983-06-07,0.12,3
spruce_needles,1983-06-07,0.31,3
spruce_needles,1983-06-07,0.67,3
spruce_needles,1983-06-07,1,3
spruce_needles,1983-06-07,2,3
structural,1983-06-07,1.52,3
structural,1983-06-07,1.72,3
structural,1983-06-07,1.96,3
structural,1983-06-07,2.08,3
structural,1983-06-07,2.68,3
structural,1983-06-07,2.88,3
structural,1983-06-07,3.64,3
structural,1983-06-07,3.88,3
structural,1983-06-07,3.92,3
structural,1983-06-07,5.16,3
structural,1983-06-07,5.44,3
structural,1983-06-07,11.08,3
total_litter,1983-06-07,5.65,3
total_litter,1983-06-07,7.84,3
total_litter,1983-06-07,8.24,3
total_litter,1983-06-07,8.24,3
total_litter,1983-06-07,9.32,3
total_litter,1983-06-07,9.44,3
total_litter,1983-06-07,10.52,3
total_litter,1983-06-07,11.29,3
total_litter,1983-06-07,11.32,3
total_litter,1983-06-07,12.8,3
total_litter,1983-06-07,14.44,3
total_litter,1983-06-07,20.68,3
alder_leaves,1983-07-02,0,3
alder_leaves,1983-07-02,0,3
alder_leaves,1983-07-02,0,3
alder_leaves,1983-07-02,0,3
alder_leaves,1983-07-02,0,3
alder_leaves,1983-07-02,0.04,3
alder_leaves,1983-07-02,0.23,3
alder_leaves,1983-07-02,0.31,3
alder_leaves,1983-07-02,0.4,3
alder_leaves,1983-07-02,0.52,3
alder_leaves,1983-07-02,0.52,3
alder_leaves,1983-07-02,0.84,3
aspen_leaves,1983-07-02,0,3
aspen_leaves,1983-07-02,0,3
aspen_leaves,1983-07-02,0,3
aspen_leaves,1983-07-02,0,3
aspen_leaves,1983-07-02,0,3
aspen_leaves,1983-07-02,0,3
aspen_leaves,1983-07-02,0,3
aspen_leaves,1983-07-02,0.08,3
aspen_leaves,1983-07-02,0.08,3
aspen_leaves,1983-07-02,0.14,3
aspen_leaves,1983-07-02,0.32,3
aspen_leaves,1983-07-02,0.36,3
female_cones,1983-07-02,0,3
female_cones,1983-07-02,0,3
female_cones,1983-07-02,0,3
female_cones,1983-07-02,0,3
female_cones,1983-07-02,0,3
female_cones,1983-07-02,0,3
female_cones,1983-07-02,0,3
female_cones,1983-07-02,0,3
female_cones,1983-07-02,0,3
female_cones,1983-07-02,0,3
female_cones,1983-07-02,0,3
female_cones,1983-07-02,0,3
fir_needles,1983-07-02,0,3
fir_needles,1983-07-02,0,3
fir_needles,1983-07-02,0,3
fir_needles,1983-07-02,0,3
fir_needles,1983-07-02,0,3
fir_needles,1983-07-02,0,3
fir_needles,1983-07-02,0,3
fir_needles,1983-07-02,0,3
fir_needles,1983-07-02,0,3
fir_needles,1983-07-02,0,3
fir_needles,1983-07-02,0,3
fir_needles,1983-07-02,0,3
male_cones,1983-07-02,0.88,3
male_cones,1983-07-02,3.84,3
male_cones,1983-07-02,4.88,3
male_cones,1983-07-02,5.12,3
male_cones,1983-07-02,5.2,3
male_cones,1983-07-02,5.28,3
male_cones,1983-07-02,5.5,3
male_cones,1983-07-02,5.64,3
male_cones,1983-07-02,5.76,3
male_cones,1983-07-02,6,3
male_cones,1983-07-02,6.16,3
male_cones,1983-07-02,7.16,3
pine_needles,1983-07-02,2.6,3
pine_needles,1983-07-02,9.2,3
pine_needles,1983-07-02,10.04,3
pine_needles,1983-07-02,10.28,3
pine_needles,1983-07-02,10.28,3
pine_needles,1983-07-02,12,3
pine_needles,1983-07-02,12.04,3
pine_needles,1983-07-02,12.52,3
pine_needles,1983-07-02,14.6,3
pine_needles,1983-07-02,15,3
pine_needles,1983-07-02,15.48,3
pine_needles,1983-07-02,16.24,3
spruce_needles,1983-07-02,0,3
spruce_needles,1983-07-02,0,3
spruce_needles,1983-07-02,0,3
spruce_needles,1983-07-02,0,3
spruce_needles,1983-07-02,0,3
spruce_needles,1983-07-02,0,3
spruce_needles,1983-07-02,0,3
spruce_needles,1983-07-02,0,3
spruce_needles,1983-07-02,0.24,3
spruce_needles,1983-07-02,0.56,3
spruce_needles,1983-07-02,0.59,3
spruce_needles,1983-07-02,1.84,3
structural,1983-07-02,0,3
structural,1983-07-02,0,3
structural,1983-07-02,0,3
structural,1983-07-02,1.96,3
structural,1983-07-02,2.04,3
structural,1983-07-02,2.12,3
structural,1983-07-02,3.68,3
structural,1983-07-02,3.74,3
structural,1983-07-02,3.8,3
structural,1983-07-02,5.25,3
structural,1983-07-02,6.24,3
structural,1983-07-02,17.56,3
total_litter,1983-07-02,9.77,3
total_litter,1983-07-02,17.08,3
total_litter,1983-07-02,17.68,3
total_litter,1983-07-02,19.68,3
total_litter,1983-07-02,20.24,3
total_litter,1983-07-02,20.76,3
total_litter,1983-07-02,21.08,3
total_litter,1983-07-02,22.31,3
total_litter,1983-07-02,23.4,3
total_litter,1983-07-02,23.6,3
total_litter,1983-07-02,26.04,3
total_litter,1983-07-02,33.52,3
alder_leaves,1983-08-07,0,3
alder_leaves,1983-08-07,0,3
alder_leaves,1983-08-07,0,3
alder_leaves,1983-08-07,0.64,3
alder_leaves,1983-08-07,1.08,3
alder_leaves,1983-08-07,1.2,3
alder_leaves,1983-08-07,1.4,3
alder_leaves,1983-08-07,1.58,3
alder_leaves,1983-08-07,1.66,3
alder_leaves,1983-08-07,3.48,3
alder_leaves,1983-08-07,3.56,3
alder_leaves,1983-08-07,4.48,3
aspen_leaves,1983-08-07,0,3
aspen_leaves,1983-08-07,0,3
aspen_leaves,1983-08-07,0,3
aspen_leaves,1983-08-07,0,3
aspen_leaves,1983-08-07,0,3
aspen_leaves,1983-08-07,0,3
aspen_leaves,1983-08-07,0,3
aspen_leaves,1983-08-07,0.29,3
aspen_leaves,1983-08-07,0.49,3
aspen_leaves,1983-08-07,0.6,3
aspen_leaves,1983-08-07,0.96,3
aspen_leaves,1983-08-07,1.32,3
female_cones,1983-08-07,0,3
female_cones,1983-08-07,0,3
female_cones,1983-08-07,0,3
female_cones,1983-08-07,0,3
female_cones,1983-08-07,0,3
female_cones,1983-08-07,0,3
female_cones,1983-08-07,0,3
female_cones,1983-08-07,0,3
female_cones,1983-08-07,0,3
female_cones,1983-08-07,0,3
female_cones,1983-08-07,0,3
female_cones,1983-08-07,0,3
fir_needles,1983-08-07,0,3
fir_needles,1983-08-07,0,3
fir_needles,1983-08-07,0,3
fir_needles,1983-08-07,0,3
fir_needles,1983-08-07,0,3
fir_needles,1983-08-07,0,3
fir_needles,1983-08-07,0,3
fir_needles,1983-08-07,0,3
fir_needles,1983-08-07,0,3
fir_needles,1983-08-07,0,3
fir_needles,1983-08-07,0,3
fir_needles,1983-08-07,0,3
male_cones,1983-08-07,1.38,3
male_cones,1983-08-07,3.4,3
male_cones,1983-08-07,3.4,3
male_cones,1983-08-07,3.44,3
male_cones,1983-08-07,3.56,3
male_cones,1983-08-07,3.8,3
male_cones,1983-08-07,4.12,3
male_cones,1983-08-07,4.62,3
male_cones,1983-08-07,5.24,3
male_cones,1983-08-07,5.64,3
male_cones,1983-08-07,6.6,3
male_cones,1983-08-07,6.96,3
pine_needles,1983-08-07,5.37,3
pine_needles,1983-08-07,17.68,3
pine_needles,1983-08-07,18.4,3
pine_needles,1983-08-07,20.68,3
pine_needles,1983-08-07,23.2,3
pine_needles,1983-08-07,24.44,3
pine_needles,1983-08-07,24.99,3
pine_needles,1983-08-07,25.24,3
pine_needles,1983-08-07,25.56,3
pine_needles,1983-08-07,29.96,3
pine_needles,1983-08-07,30.64,3
pine_needles,1983-08-07,34.12,3
spruce_needles,1983-08-07,0,3
spruce_needles,1983-08-07,0,3
spruce_needles,1983-08-07,0,3
spruce_needles,1983-08-07,0,3
spruce_needles,1983-08-07,0,3
spruce_needles,1983-08-07,0,3
spruce_needles,1983-08-07,0,3
spruce_needles,1983-08-07,0,3
spruce_needles,1983-08-07,0.15,3
spruce_needles,1983-08-07,0.36,3
spruce_needles,1983-08-07,0.37,3
spruce_needles,1983-08-07,1.16,3
structural,1983-08-07,15.74,3
structural,1983-08-07,17.8,3
structural,1983-08-07,24.16,3
structural,1983-08-07,24.44,3
structural,1983-08-07,35.36,3
structural,1983-08-07,36.32,3
structural,1983-08-07,40.96,3
structural,1983-08-07,43.28,3
structural,1983-08-07,53.08,3
structural,1983-08-07,54.6,3
structural,1983-08-07,59.52,3
structural,1983-08-07,61.04,3
total_litter,1983-08-07,25.01,3
total_litter,1983-08-07,49,3
total_litter,1983-08-07,49.84,3
total_litter,1983-08-07,52.68,3
total_litter,1983-08-07,58.76,3
total_litter,1983-08-07,66.24,3
total_litter,1983-08-07,70.32,3
total_litter,1983-08-07,72.59,3
total_litter,1983-08-07,91.88,3
total_litter,1983-08-07,94.08,3
total_litter,1983-08-07,95.36,3
total_litter,1983-08-07,97.76,3
alder_leaves,1983-09-07,0,3
alder_leaves,1983-09-07,0.08,3
alder_leaves,1983-09-07,1.56,3
alder_leaves,1983-09-07,3.56,3
alder_leaves,1983-09-07,4.08,3
alder_leaves,1983-09-07,4.56,3
alder_leaves,1983-09-07,4.56,3
alder_leaves,1983-09-07,5.86,3
alder_leaves,1983-09-07,6.6,3
alder_leaves,1983-09-07,7.16,3
alder_leaves,1983-09-07,7.63,3
alder_leaves,1983-09-07,26.44,3
aspen_leaves,1983-09-07,0,3
aspen_leaves,1983-09-07,0,3
aspen_leaves,1983-09-07,0,3
aspen_leaves,1983-09-07,0,3
aspen_leaves,1983-09-07,0,3
aspen_leaves,1983-09-07,0,3
aspen_leaves,1983-09-07,0,3
aspen_leaves,1983-09-07,0,3
aspen_leaves,1983-09-07,0.15,3
aspen_leaves,1983-09-07,0.35,3
aspen_leaves,1983-09-07,0.44,3
aspen_leaves,1983-09-07,1.08,3
female_cones,1983-09-07,0,3
female_cones,1983-09-07,0,3
female_cones,1983-09-07,0,3
female_cones,1983-09-07,0,3
female_cones,1983-09-07,0,3
female_cones,1983-09-07,0,3
female_cones,1983-09-07,0,3
female_cones,1983-09-07,0,3
female_cones,1983-09-07,0,3
female_cones,1983-09-07,0,3
female_cones,1983-09-07,0,3
female_cones,1983-09-07,0,3
fir_needles,1983-09-07,0,3
fir_needles,1983-09-07,0,3
fir_needles,1983-09-07,0,3
fir_needles,1983-09-07,0,3
fir_needles,1983-09-07,0,3
fir_needles,1983-09-07,0,3
fir_needles,1983-09-07,0,3
fir_needles,1983-09-07,0,3
fir_needles,1983-09-07,0,3
fir_needles,1983-09-07,0,3
fir_needles,1983-09-07,0,3
fir_needles,1983-09-07,0,3
male_cones,1983-09-07,0,3
male_cones,1983-09-07,0.36,3
male_cones,1983-09-07,0.36,3
male_cones,1983-09-07,0.48,3
male_cones,1983-09-07,0.48,3
male_cones,1983-09-07,0.6,3
male_cones,1983-09-07,0.69,3
male_cones,1983-09-07,0.88,3
male_cones,1983-09-07,0.92,3
male_cones,1983-09-07,0.96,3
male_cones,1983-09-07,1.08,3
male_cones,1983-09-07,1.12,3
pine_needles,1983-09-07,0,3
pine_needles,1983-09-07,7.61,3
pine_needles,1983-09-07,15.96,3
pine_needles,1983-09-07,18.72,3
pine_needles,1983-09-07,19.75,3
pine_needles,1983-09-07,20.52,3
pine_needles,1983-09-07,20.84,3
pine_needles,1983-09-07,22.24,3
pine_needles,1983-09-07,23.12,3
pine_needles,1983-09-07,24.32,3
pine_needles,1983-09-07,25.72,3
pine_needles,1983-09-07,26.08,3
spruce_needles,1983-09-07,0,3
spruce_needles,1983-09-07,0,3
spruce_needles,1983-09-07,0,3
spruce_needles,1983-09-07,0,3
spruce_needles,1983-09-07,0,3
spruce_needles,1983-09-07,0,3
spruce_needles,1983-09-07,0,3
spruce_needles,1983-09-07,0,3
spruce_needles,1983-09-07,0,3
spruce_needles,1983-09-07,0,3
spruce_needles,1983-09-07,0.01,3
spruce_needles,1983-09-07,0.04,3
structural,1983-09-07,0,3
structural,1983-09-07,8.96,3
structural,1983-09-07,13.44,3
structural,1983-09-07,13.68,3
structural,1983-09-07,14.36,3
structural,1983-09-07,15.31,3
structural,1983-09-07,17.92,3
structural,1983-09-07,20.91,3
structural,1983-09-07,21.4,3
structural,1983-09-07,25.84,3
structural,1983-09-07,44.48,3
structural,1983-09-07,49,3
total_litter,1983-09-07,0,3
total_litter,1983-09-07,31.27,3
total_litter,1983-09-07,38.76,3
total_litter,1983-09-07,39,3
total_litter,1983-09-07,39.92,3
total_litter,1983-09-07,42.24,3
total_litter,1983-09-07,47.36,3
total_litter,1983-09-07,49.32,3
total_litter,1983-09-07,55.08,3
total_litter,1983-09-07,66.68,3
total_litter,1983-09-07,69.92,3
total_litter,1983-09-07,72.72,3
alder_leaves,1983-10-07,0.48,3
alder_leaves,1983-10-07,1.52,3
alder_leaves,1983-10-07,1.76,3
alder_leaves,1983-10-07,3,3
alder_leaves,1983-10-07,5.24,3
alder_leaves,1983-10-07,12.48,3
alder_leaves,1983-10-07,14.23,3
alder_leaves,1983-10-07,14.38,3
alder_leaves,1983-10-07,22.88,3
alder_leaves,1983-10-07,25.44,3
alder_leaves,1983-10-07,35.28,3
alder_leaves,1983-10-07,35.76,3
aspen_leaves,1983-10-07,0,3
aspen_leaves,1983-10-07,0,3
aspen_leaves,1983-10-07,0,3
aspen_leaves,1983-10-07,0,3
aspen_leaves,1983-10-07,0,3
aspen_leaves,1983-10-07,0,3
aspen_leaves,1983-10-07,0,3
aspen_leaves,1983-10-07,0.56,3
aspen_leaves,1983-10-07,1.63,3
aspen_leaves,1983-10-07,3.64,3
aspen_leaves,1983-10-07,4.6,3
aspen_leaves,1983-10-07,11.16,3
female_cones,1983-10-07,0,3
female_cones,1983-10-07,0,3
female_cones,1983-10-07,0,3
female_cones,1983-10-07,0,3
female_cones,1983-10-07,0,3
female_cones,1983-10-07,0,3
female_cones,1983-10-07,0,3
female_cones,1983-10-07,0,3
female_cones,1983-10-07,0,3
female_cones,1983-10-07,0,3
female_cones,1983-10-07,0,3
female_cones,1983-10-07,0,3
fir_needles,1983-10-07,0,3
fir_needles,1983-10-07,0,3
fir_needles,1983-10-07,0,3
fir_needles,1983-10-07,0,3
fir_needles,1983-10-07,0,3
fir_needles,1983-10-07,0,3
fir_needles,1983-10-07,0,3
fir_needles,1983-10-07,0,3
fir_needles,1983-10-07,0,3
fir_needles,1983-10-07,0,3
fir_needles,1983-10-07,0,3
fir_needles,1983-10-07,0,3
male_cones,1983-10-07,0,3
male_cones,1983-10-07,0,3
male_cones,1983-10-07,0,3
male_cones,1983-10-07,0,3
male_cones,1983-10-07,0.04,3
male_cones,1983-10-07,0.04,3
male_cones,1983-10-07,0.06,3
male_cones,1983-10-07,0.07,3
male_cones,1983-10-07,0.08,3
male_cones,1983-10-07,0.12,3
male_cones,1983-10-07,0.16,3
male_cones,1983-10-07,0.16,3
pine_needles,1983-10-07,4.42,3
pine_needles,1983-10-07,10.68,3
pine_needles,1983-10-07,13.28,3
pine_needles,1983-10-07,15.08,3
pine_needles,1983-10-07,16.48,3
pine_needles,1983-10-07,17.8,3
pine_needles,1983-10-07,18.28,3
pine_needles,1983-10-07,20.6,3
pine_needles,1983-10-07,20.64,3
pine_needles,1983-10-07,20.84,3
pine_needles,1983-10-07,22.6,3
pine_needles,1983-10-07,24.84,3
spruce_needles,1983-10-07,0,3
spruce_needles,1983-10-07,0,3
spruce_needles,1983-10-07,0,3
spruce_needles,1983-10-07,0,3
spruce_needles,1983-10-07,0,3
spruce_needles,1983-10-07,0,3
spruce_needles,1983-10-07,0,3
spruce_needles,1983-10-07,0,3
spruce_needles,1983-10-07,0,3
spruce_needles,1983-10-07,0,3
spruce_needles,1983-10-07,0,3
spruce_needles,1983-10-07,0,3
structural,1983-10-07,0.32,3
structural,1983-10-07,0.4,3
structural,1983-10-07,0.44,3
structural,1983-10-07,0.6,3
structural,1983-10-07,0.92,3
structural,1983-10-07,1.2,3
structural,1983-10-07,3.33,3
structural,1983-10-07,4.08,3
structural,1983-10-07,4.12,3
structural,1983-10-07,4.76,3
structural,1983-10-07,4.93,3
structural,1983-10-07,16.44,3
total_litter,1983-10-07,20.84,3
total_litter,1983-10-07,21.48,3
total_litter,1983-10-07,23.28,3
total_litter,1983-10-07,27.29,3
total_litter,1983-10-07,36.4,3
total_litter,1983-10-07,37.68,3
total_litter,1983-10-07,39.8,3
total_litter,1983-10-07,40.92,3
total_litter,1983-10-07,42.96,3
total_litter,1983-10-07,43.88,3
total_litter,1983-10-07,49.52,3
total_litter,1983-10-07,57.8,3
alder_leaves,1983-11-07,0.48,3
alder_leaves,1983-11-07,0.76,3
alder_leaves,1983-11-07,0.92,3
alder_leaves,1983-11-07,1,3
alder_leaves,1983-11-07,1.49,3
alder_leaves,1983-11-07,1.68,3
alder_leaves,1983-11-07,1.8,3
alder_leaves,1983-11-07,2.08,3
alder_leaves,1983-11-07,2.32,3
alder_leaves,1983-11-07,2.84,3
alder_leaves,1983-11-07,4,3
alder_leaves,1983-11-07,5,3
aspen_leaves,1983-11-07,0,3
aspen_leaves,1983-11-07,0,3
aspen_leaves,1983-11-07,0,3
aspen_leaves,1983-11-07,0,3
aspen_leaves,1983-11-07,0,3
aspen_leaves,1983-11-07,0,3
aspen_leaves,1983-11-07,0.12,3
aspen_leaves,1983-11-07,1.25,3
aspen_leaves,1983-11-07,1.48,3
aspen_leaves,1983-11-07,2.36,3
aspen_leaves,1983-11-07,4,3
aspen_leaves,1983-11-07,6.88,3
female_cones,1983-11-07,0,3
female_cones,1983-11-07,0,3
female_cones,1983-11-07,0,3
female_cones,1983-11-07,0,3
female_cones,1983-11-07,0,3
female_cones,1983-11-07,0,3
female_cones,1983-11-07,0,3
female_cones,1983-11-07,0,3
female_cones,1983-11-07,0,3
female_cones,1983-11-07,0,3
female_cones,1983-11-07,0,3
female_cones,1983-11-07,0,3
fir_needles,1983-11-07,0,3
fir_needles,1983-11-07,0,3
fir_needles,1983-11-07,0,3
fir_needles,1983-11-07,0,3
fir_needles,1983-11-07,0,3
fir_needles,1983-11-07,0,3
fir_needles,1983-11-07,0,3
fir_needles,1983-11-07,0,3
fir_needles,1983-11-07,0,3
fir_needles,1983-11-07,0,3
fir_needles,1983-11-07,0,3
fir_needles,1983-11-07,0,3
male_cones,1983-11-07,0,3
male_cones,1983-11-07,0.04,3
male_cones,1983-11-07,0.04,3
male_cones,1983-11-07,0.04,3
male_cones,1983-11-07,0.04,3
male_cones,1983-11-07,0.08,3
male_cones,1983-11-07,0.08,3
male_cones,1983-11-07,0.08,3
male_cones,1983-11-07,0.08,3
male_cones,1983-11-07,0.08,3
male_cones,1983-11-07,0.12,3
male_cones,1983-11-07,0.28,3
pine_needles,1983-11-07,7.5,3
pine_needles,1983-11-07,17.16,3
pine_needles,1983-11-07,19.12,3
pine_needles,1983-11-07,28.44,3
pine_needles,1983-11-07,30.4,3
pine_needles,1983-11-07,31.2,3
pine_needles,1983-11-07,34.12,3
pine_needles,1983-11-07,35.64,3
pine_needles,1983-11-07,35.68,3
pine_needles,1983-11-07,36.92,3
pine_needles,1983-11-07,37,3
pine_needles,1983-11-07,37.56,3
spruce_needles,1983-11-07,0,3
spruce_needles,1983-11-07,0,3
spruce_needles,1983-11-07,0,3
spruce_needles,1983-11-07,0,3
spruce_needles,1983-11-07,0,3
spruce_needles,1983-11-07,0,3
spruce_needles,1983-11-07,0.04,3
spruce_needles,1983-11-07,1.44,3
spruce_needles,1983-11-07,1.91,3
spruce_needles,1983-11-07,3.84,3
spruce_needles,1983-11-07,6.4,3
spruce_needles,1983-11-07,11.24,3
structural,1983-11-07,0.56,3
structural,1983-11-07,1.24,3
structural,1983-11-07,1.28,3
structural,1983-11-07,2.36,3
structural,1983-11-07,2.48,3
structural,1983-11-07,2.76,3
structural,1983-11-07,3.24,3
structural,1983-11-07,4.2,3
structural,1983-11-07,4.41,3
structural,1983-11-07,4.72,3
structural,1983-11-07,11.12,3
structural,1983-11-07,14.84,3
total_litter,1983-11-07,19.99,3
total_litter,1983-11-07,32.04,3
total_litter,1983-11-07,34.04,3
total_litter,1983-11-07,34.76,3
total_litter,1983-11-07,37.84,3
total_litter,1983-11-07,40.93,3
total_litter,1983-11-07,41.04,3
total_litter,1983-11-07,41.24,3
total_litter,1983-11-07,45.72,3
total_litter,1983-11-07,46.28,3
total_litter,1983-11-07,47.08,3
total_litter,1983-11-07,49.28,3
alder_leaves,1984-05-07,0,3
alder_leaves,1984-05-07,0,3
alder_leaves,1984-05-07,0.08,3
alder_leaves,1984-05-07,0.28,3
alder_leaves,1984-05-07,0.48,3
alder_leaves,1984-05-07,0.48,3
alder_leaves,1984-05-07,0.82,3
alder_leaves,1984-05-07,0.88,3
alder_leaves,1984-05-07,0.88,3
alder_leaves,1984-05-07,1.13,3
alder_leaves,1984-05-07,1.32,3
alder_leaves,1984-05-07,3.8,3
aspen_leaves,1984-05-07,0,3
aspen_leaves,1984-05-07,0,3
aspen_leaves,1984-05-07,0,3
aspen_leaves,1984-05-07,0,3
aspen_leaves,1984-05-07,0,3
aspen_leaves,1984-05-07,0,3
aspen_leaves,1984-05-07,0,3
aspen_leaves,1984-05-07,0,3
aspen_leaves,1984-05-07,0,3
aspen_leaves,1984-05-07,0,3
aspen_leaves,1984-05-07,0,3
aspen_leaves,1984-05-07,0,3
female_cones,1984-05-07,0,3
female_cones,1984-05-07,0,3
female_cones,1984-05-07,0,3
female_cones,1984-05-07,0,3
female_cones,1984-05-07,0,3
female_cones,1984-05-07,0,3
female_cones,1984-05-07,0,3
female_cones,1984-05-07,0,3
female_cones,1984-05-07,0,3
female_cones,1984-05-07,0,3
female_cones,1984-05-07,0,3
female_cones,1984-05-07,0,3
fir_needles,1984-05-07,0,3
fir_needles,1984-05-07,0,3
fir_needles,1984-05-07,0,3
fir_needles,1984-05-07,0,3
fir_needles,1984-05-07,0,3
fir_needles,1984-05-07,0,3
fir_needles,1984-05-07,0,3
fir_needles,1984-05-07,0,3
fir_needles,1984-05-07,0,3
fir_needles,1984-05-07,0,3
fir_needles,1984-05-07,0,3
fir_needles,1984-05-07,0,3
male_cones,1984-05-07,0.1,3
male_cones,1984-05-07,0.24,3
male_cones,1984-05-07,0.36,3
male_cones,1984-05-07,0.36,3
male_cones,1984-05-07,0.4,3
male_cones,1984-05-07,0.4,3
male_cones,1984-05-07,0.44,3
male_cones,1984-05-07,0.48,3
male_cones,1984-05-07,0.48,3
male_cones,1984-05-07,0.52,3
male_cones,1984-05-07,0.52,3
male_cones,1984-05-07,0.6,3
pine_needles,1984-05-07,11.34,3
pine_needles,1984-05-07,42.64,3
pine_needles,1984-05-07,52.2,3
pine_needles,1984-05-07,57.24,3
pine_needles,1984-05-07,59.2,3
pine_needles,1984-05-07,59.76,3
pine_needles,1984-05-07,63.5,3
pine_needles,1984-05-07,64.92,3
pine_needles,1984-05-07,71.64,3
pine_needles,1984-05-07,74.88,3
pine_needles,1984-05-07,75.96,3
pine_needles,1984-05-07,76.52,3
spruce_needles,1984-05-07,0,3
spruce_needles,1984-05-07,0,3
spruce_needles,1984-05-07,0,3
spruce_needles,1984-05-07,0,3
spruce_needles,1984-05-07,0.04,3
spruce_needles,1984-05-07,0.08,3
spruce_needles,1984-05-07,0.12,3
spruce_needles,1984-05-07,2.19,3
spruce_needles,1984-05-07,2.28,3
spruce_needles,1984-05-07,4.06,3
spruce_needles,1984-05-07,8.52,3
spruce_needles,1984-05-07,10.88,3
structural,1984-05-07,12.92,3
structural,1984-05-07,13.12,3
structural,1984-05-07,22.08,3
structural,1984-05-07,22.84,3
structural,1984-05-07,30.76,3
structural,1984-05-07,31.2,3
structural,1984-05-07,35.96,3
structural,1984-05-07,40.44,3
structural,1984-05-07,41.28,3
structural,1984-05-07,46,3
structural,1984-05-07,58.28,3
structural,1984-05-07,135.12,3
total_litter,1984-05-07,52.59,3
total_litter,1984-05-07,71.28,3
total_litter,1984-05-07,76.12,3
total_litter,1984-05-07,85.56,3
total_litter,1984-05-07,85.6,3
total_litter,1984-05-07,96.96,3
total_litter,1984-05-07,98.96,3
total_litter,1984-05-07,108.23,3
total_litter,1984-05-07,117.36,3
total_litter,1984-05-07,118,3
total_litter,1984-05-07,120.44,3
total_litter,1984-05-07,211.92,3
