stand,quad,tree_tag,species_code,tree_code_1983,DBH_1983_cm,stem_height_1983_m,age_1983
ML,0A,6,PIBA,L,7.4,NA,NA
ML,0A,9,PIBA,D,8.4,NA,NA
ML,0A,8,PIBA,L,9.4,NA,NA
ML,0A,7,PIBA,L,11.2,NA,NA
ML,0A,2,PIBA,D,10.2,NA,NA
ML,0A,1,PIBA,D,15,NA,NA
ML,0A,3,PIBA,L,13.5,NA,NA
ML,0A,4,PIBA,L,7.4,NA,NA
ML,0A,5,PIBA,L,8.6,NA,NA
ML,0B,10,PIBA,D,10.7,NA,NA
ML,0B,11,PIBA,L,10.4,NA,NA
ML,0B,12,PIBA,D,10.9,11.7,37
ML,0B,15,PIBA,L,8.1,NA,NA
ML,0B,16,PIBA,L,6.3,NA,NA
ML,0B,13,PIBA,L,8.6,NA,NA
ML,0B,18,PIBA,L,3.6,NA,NA
ML,0B,17,PIBA,L,9.4,NA,NA
ML,0B,20,PIBA,L,13.7,NA,NA
ML,0B,19,PIBA,L,4.6,NA,NA
ML,0C,21,PIBA,L,5.3,NA,NA
ML,0C,22,PIBA,L,12.4,NA,NA
ML,0C,23,PIBA,L,3.8,NA,NA
ML,0C,24,PIBA,L,8.1,NA,NA
ML,0D,25,PIBA,L,5.6,NA,NA
ML,0D,26,PIBA,L,7.6,NA,NA
ML,0D,27,PIBA,L,7.9,NA,NA
ML,0D,28,PIBA,L,5.8,NA,NA
ML,0D,30,PIBA,L,3.8,NA,NA
ML,0D,29,PIBA,L,11.9,12.3,37
ML,0D,31,PIBA,L,9.7,NA,NA
ML,0D,32,PIBA,L,3.3,NA,NA
ML,0D,33,PIBA,L,5.8,NA,NA
ML,0D,34,PIBA,D,11.7,NA,NA
ML,0D,35,PIBA,L,4.6,NA,NA
ML,0E,36,PIBA,D,10.2,NA,NA
ML,0E,37,PIBA,L,10.2,NA,NA
ML,0E,38,PIBA,L,11.4,NA,NA
ML,0E,39,PIBA,D,8.6,NA,NA
ML,0F,40,PIBA,L,11.7,NA,NA
ML,0F,41,PIBA,L,10.9,NA,NA
ML,0F,42,PIBA,L,10.7,10.7,37
ML,0F,43,PIBA,D,10.4,NA,NA
ML,0G,44,PIBA,L,10.4,NA,NA
ML,0G,45,PIBA,L,11.2,NA,NA
ML,0I,46,PIBA,L,14.5,NA,NA
ML,0I,47,PIBA,L,11.9,NA,NA
ML,0I,49,PIBA,D,4.3,NA,NA
ML,0I,48,PIBA,L,12.7,NA,NA
ML,0I,50,PIBA,L,8.9,NA,NA
ML,0J,52,PIBA,L,13,NA,NA
ML,0J,53,PIBA,L,10.2,12.2,38
ML,0J,54,PIBA,L,10.2,11.4,35
ML,0J,56,PIBA,L,4.8,7,34
ML,0J,55,PIBA,L,8.1,NA,NA
ML,0J,59,PIBA,L,7.4,NA,NA
ML,0J,58,PIBA,L,8.9,NA,NA
ML,0J,57,PIBA,L,13.7,NA,NA
ML,0J,51,PIBA,L,14,NA,NA
ML,1J,61,PIBA,L,10.2,NA,NA
ML,1J,62,PIBA,L,13,NA,NA
ML,1I,63,PIBA,L,13.5,NA,NA
ML,1H,64,PIBA,L,14.7,NA,NA
ML,1H,65,PIBA,L,10.7,NA,NA
ML,1G,99,PIBA,D,14.5,NA,NA
ML,1G,99,PIBA,L,14.7,NA,NA
ML,1H,67,PIBA,D,10.4,NA,NA
ML,1H,68,PIBA,L,8.6,NA,NA
ML,1H,83,PIBA,D,9.4,NA,NA
ML,1E,70,PIBA,D,11.7,NA,NA
ML,1E,69,PIBA,D,11.2,NA,NA
ML,1E,71,PIBA,D,11.2,NA,NA
ML,1E,72,PIBA,D,9.4,NA,NA
ML,1E,74,PIBA,L,5.8,NA,NA
ML,1E,73,PIBA,L,10.9,NA,NA
ML,1E,75,PIBA,L,6.9,NA,NA
ML,1E,76,PIBA,L,5.3,NA,NA
ML,1E,77,PIBA,L,5.6,10.6,32
ML,1E,78,PIBA,L,8.4,NA,NA
ML,1E,82,PIBA,L,9.9,NA,NA
ML,1E,80,PIBA,D,4.6,NA,NA
ML,1E,81,PIBA,L,6.1,NA,NA
ML,1D,84,PIBA,L,7.4,NA,NA
ML,1D,85,PIBA,L,9.4,NA,NA
ML,1D,86,PIBA,L,9.4,NA,NA
ML,1D,87,PIBA,L,4.6,NA,NA
ML,1D,92,PIBA,L,6.1,NA,NA
ML,1D,88,PIBA,L,11.2,NA,NA
ML,1D,89,PIBA,L,7.9,9.4,29
ML,1D,91,PIBA,L,4.8,NA,NA
ML,1C,93,PIBA,L,4.8,NA,NA
ML,1C,94,PIBA,D,3.6,NA,NA
ML,1C,98,PIBA,L,9.1,NA,NA
ML,1C,99,PIBA,L,6.1,NA,NA
ML,1C,97,PIBA,L,8.4,NA,NA
ML,1C,96,PIBA,L,12.7,NA,NA
ML,1C,95,PIBA,L,12.4,NA,NA
ML,1C,100,PIBA,L,6.6,NA,NA
ML,1C,102,PIBA,L,3,NA,NA
ML,1C,103,PIBA,L,9.1,NA,NA
ML,1C,104,PIBA,L,8.1,NA,NA
ML,1C,105,PIBA,L,7.4,NA,NA
ML,1C,106,PIBA,L,7.6,NA,NA
ML,1C,109,PIBA,L,9.4,NA,NA
ML,1C,108,PIBA,L,5.6,NA,NA
ML,1C,107,PIBA,L,5.8,NA,NA
ML,1B,110,PIBA,L,5.8,8,35
ML,1B,111,PIBA,L,7.9,NA,NA
ML,1B,112,PIBA,L,7.6,NA,NA
ML,1B,113,PIBA,L,12.4,NA,NA
ML,1B,118,PIBA,L,12.7,NA,NA
ML,1B,114,PIBA,L,7.4,NA,NA
ML,1B,115,PIBA,L,7.4,NA,NA
ML,1B,116,PIBA,L,9.1,NA,NA
ML,1B,117,PIBA,L,10.4,NA,NA
ML,1B,119,PIBA,L,5.8,8,36
ML,1B,121,PIBA,L,5.1,NA,NA
ML,1B,122,PIBA,L,5.1,NA,NA
ML,1A,123,PIBA,L,14,10.8,36
ML,1A,124,PIBA,L,7.4,NA,NA
ML,1A,125,PIBA,L,7.4,9,31
ML,2A,423,PIBA,L,7.1,NA,NA
ML,2A,408,PIBA,L,9.9,NA,NA
ML,2A,409,PIBA,L,12.4,NA,NA
ML,2B,410,PIBA,L,8.9,NA,NA
ML,2B,411,PIBA,L,10.4,NA,NA
ML,2B,413,PIBA,L,14,NA,NA
ML,2B,412,PIBA,L,8.9,NA,NA
ML,2B,414,PIBA,L,8.6,NA,NA
ML,2B,415,PIBA,L,8.9,NA,NA
ML,2B,416,PIBA,L,10.4,NA,NA
ML,2C,101,PIBA,L,4.3,NA,NA
ML,2C,417,PIBA,L,4.1,NA,NA
ML,2C,418,PIBA,L,8.6,NA,NA
ML,2C,420,PIBA,L,10.7,NA,NA
ML,2C,419,PIBA,L,8.9,NA,NA
ML,2C,428,PIBA,L,10.7,NA,NA
ML,2C,421,PIBA,L,12.2,11.4,38
ML,2C,422,PIBA,L,11.2,NA,NA
ML,2C,120,PIBA,L,6.3,NA,NA
ML,2D,424,PIBA,L,11.4,NA,NA
ML,2D,425,PIBA,L,11.4,NA,NA
ML,2D,426,PIBA,D,7.4,NA,NA
ML,2D,427,PIBA,L,8.9,NA,NA
ML,2D,429,PIBA,L,7.4,NA,NA
ML,2D,432,PIBA,L,7.4,NA,NA
ML,2D,431,PIBA,L,8.9,NA,NA
ML,2E,434,PIBA,L,6.6,NA,NA
ML,2E,433,PIBA,L,14,NA,NA
ML,2E,435,PIBA,D,11.4,NA,NA
ML,2E,436,PIBA,L,6.6,NA,NA
ML,2E,437,PIBA,L,7.4,NA,NA
ML,2F,439,PIBA,L,6.1,NA,NA
ML,2F,440,PIBA,L,8.6,NA,NA
ML,2F,441,PIBA,L,10.2,NA,NA
ML,2F,442,PIBA,L,12.4,NA,NA
ML,2F,443,PIBA,L,11.7,NA,NA
ML,2F,444,PIBA,L,15.2,NA,NA
ML,2G,447,PIBA,L,7.6,NA,NA
ML,2G,445,PIBA,L,16,NA,NA
ML,2G,446,PIBA,L,11.7,NA,NA
ML,2G,448,PIBA,L,12.4,NA,NA
ML,2G,449,PIBA,L,12.2,NA,NA
ML,2G,451,PIBA,L,14.5,NA,NA
ML,2G,452,PIBA,L,7.1,NA,NA
ML,2G,453,PIBA,L,13,NA,NA
ML,2H,454,PIBA,L,10.9,NA,NA
ML,2H,455,PIBA,L,13.5,NA,NA
ML,2H,456,PIBA,L,15.5,NA,NA
ML,2H,457,PIBA,L,11.2,NA,NA
ML,2H,458,PIBA,L,9.9,NA,NA
ML,2H,459,PIBA,L,20.3,NA,NA
ML,2I,450,PIBA,L,11.7,NA,NA
ML,2I,460,PIBA,L,12.4,NA,NA
ML,2J,461,PIBA,L,15,NA,NA
ML,2J,462,PIBA,L,13.2,NA,NA
ML,2J,463,PIBA,L,13,NA,NA
ML,3J,464,PIBA,L,9.1,7.6,33
ML,3J,466,PIBA,L,15,NA,NA
ML,3J,465,PIBA,L,7.4,NA,NA
ML,3J,467,PIBA,L,8.4,NA,NA
ML,3J,468,PIBA,L,10.9,NA,NA
ML,3J,469,PIBA,L,14.7,NA,NA
ML,3I,471,PIBA,L,10.2,NA,NA
ML,3I,470,PIBA,L,9.4,NA,NA
ML,3G,474,PIBA,L,19.6,NA,NA
ML,3G,473,PIBA,L,16,NA,NA
ML,3E,475,PIBA,L,15.5,NA,NA
ML,3E,476,PIBA,L,10.7,NA,NA
ML,3E,477,PIBA,L,15.2,NA,NA
ML,3E,478,PIBA,L,7.6,NA,NA
ML,3D,476,PIBA,L,16.5,NA,NA
ML,3C,482,PIBA,D,7.9,NA,NA
ML,3C,481,PIBA,L,14.7,NA,NA
ML,3C,480,PIBA,L,15,NA,NA
ML,3B,483,PIBA,L,12.7,NA,NA
ML,3B,484,PIBA,L,12.2,NA,NA
ML,3B,485,PIBA,L,7.4,NA,NA
ML,3A,486,PIBA,L,12.7,NA,NA
ML,3A,487,PIBA,L,8.6,NA,NA
ML,3A,488,PIBA,L,4.8,NA,NA
ML,3A,489,PIBA,L,12.7,11.3,37
ML,3A,490,PIBA,L,12.7,NA,NA
ML,3A,491,PIBA,L,10.2,NA,NA
ML,3A,493,PIBA,D,7.6,NA,NA
ML,3A,494,PIBA,L,12.4,NA,NA
ML,4A,495,PIBA,L,8.1,NA,NA
ML,4A,492,PIBA,L,9.7,NA,NA
ML,4B,497,PIBA,L,15.7,NA,NA
ML,4B,496,PIBA,L,13.2,NA,NA
ML,4B,499,PIBA,L,11.4,NA,NA
ML,4B,498,PIBA,L,15.2,NA,NA
ML,4B,500,PIBA,L,14.5,NA,NA
ML,4B,501,PIBA,L,8.9,NA,NA
ML,4C,502,PIBA,L,13.7,NA,NA
ML,4D,503,PIBA,L,10.4,NA,NA
ML,4D,504,PIBA,L,14.7,NA,NA
ML,4E,505,PIBA,L,19.3,NA,NA
ML,4E,506,PIBA,L,13.2,NA,NA
ML,4E,507,PIBA,L,12.7,NA,NA
ML,4E,508,PIBA,L,6.1,NA,NA
ML,4E,510,PIBA,L,15.5,NA,NA
ML,4F,511,PIBA,L,11.7,NA,NA
ML,4H,512,PIBA,L,17,NA,NA
ML,4I,513,PIBA,L,19.3,NA,NA
ML,4I,514,PIBA,L,17.5,NA,NA
ML,4J,512,PIBA,L,14,NA,NA
ML,4J,516,PIBA,L,12.7,10.7,37
ML,5H,517,PIBA,L,19.6,NA,NA
ML,5G,518,PIBA,L,16.5,NA,NA
ML,5F,519,PIBA,L,20.3,NA,NA
ML,5E,520,PIBA,L,19.8,NA,NA
ML,5D,521,PIBA,L,9.9,NA,NA
ML,5D,522,PIBA,L,7.4,NA,NA
ML,5D,523,PIBA,L,14,NA,NA
ML,5C,524,PIBA,L,12.2,NA,NA
ML,5C,525,PIBA,L,14.5,NA,NA
ML,5C,526,PIBA,L,12.4,NA,NA
ML,5A,527,PIBA,L,15.2,10.3,36
ML,5A,528,PIBA,L,14,NA,NA
ML,6A,529,PIBA,L,21.6,12.5,37
ML,6C,530,PIBA,L,19.8,NA,NA
ML,6C,531,PIBA,L,16.8,NA,NA
ML,6C,533,PIBA,L,8.1,NA,NA
ML,6C,532,PIBA,L,17,NA,NA
ML,6E,534,PIBA,L,13.5,NA,NA
ML,6I,535,PIBA,L,16.8,NA,NA
ML,6J,536,PIBA,L,12.7,NA,NA
ML,6J,539,PIBA,L,18.5,NA,NA
ML,6J,537,PIBA,L,15.2,NA,NA
ML,7J,540,PIBA,L,13.5,NA,NA
ML,7J,577,PIBA,L,7.1,NA,NA
ML,7I,509,PIBA,D,13.7,NA,NA
ML,7F,541,PIBA,L,17,9.6,32
ML,7D,542,PIBA,L,18.8,NA,NA
ML,7C,543,PIBA,L,14.2,NA,NA
ML,7C,544,PIBA,L,13.7,10.2,37
ML,7B,545,PIBA,L,17.3,NA,NA
ML,7A,546,PIBA,L,18.3,NA,NA
ML,8A,547,PIBA,L,13,NA,NA
ML,8B,548,PIBA,L,10.4,NA,NA
ML,8B,549,PIBA,L,13.5,NA,NA
ML,8B,550,PIBA,L,13,NA,NA
ML,8B,551,PIBA,L,18,NA,NA
ML,8B,552,PIBA,L,7.6,NA,NA
ML,8C,553,PIBA,L,13.7,NA,NA
ML,8E,554,PIBA,L,20.3,NA,NA
ML,8F,555,PIBA,L,23.9,NA,NA
ML,8G,556,PIBA,L,19.8,NA,NA
ML,8H,557,PIBA,L,17,NA,NA
ML,8I,558,PIBA,L,14.2,NA,NA
ML,8I,559,PIBA,L,14.5,NA,NA
ML,8J,560,PIBA,L,14,NA,NA
ML,9J,561,PIBA,L,14.5,NA,NA
ML,9J,562,POTR,L,7.1,NA,NA
ML,9I,564,POTR,L,4.3,NA,NA
ML,9H,565,PIBA,L,16.5,NA,NA
ML,9G,566,PIBA,L,21.6,NA,NA
ML,9G,567,PIBA,L,9.7,NA,NA
ML,9F,568,PIBA,L,14.2,NA,NA
ML,9D,569,PIBA,L,21.3,NA,NA
ML,9B,570,PIBA,L,14.2,NA,NA
ML,9B,571,PIBA,L,12.2,NA,NA
ML,9A,572,PIBA,L,14,NA,NA
ML,9A,578,PIBA,L,8.9,NA,NA
ML,9A,573,PIBA,L,14,NA,NA
ML,9A,574,PIBA,L,8.9,NA,NA
ML,9A,584,PIBA,L,10.7,NA,NA
ML,9A,583,PIBA,L,11.4,NA,NA
ML,9A,582,PIBA,L,4.1,NA,NA
ML,9A,581,PIBA,L,6.3,NA,NA
ML,9A,580,PIBA,L,13.2,NA,NA
ML,9A,579,PIBA,L,7.6,NA,NA
ML,9A,576,PIBA,L,9.4,NA,NA
OI,0A,1433,PIBA,L,14,NA,NA
OI,0A,1434,PIBA,L,7.1,NA,NA
OI,0A,1432,PIBA,L,9.9,NA,NA
OI,0B,1431,PIBA,L,13.2,NA,NA
OI,0B,1430,PIBA,L,4.1,NA,NA
OI,0B,1429,PIBA,L,6.3,NA,NA
OI,0B,1428,PIBA,L,4.1,NA,NA
OI,0C,1427,PIBA,L,10.2,NA,NA
OI,0C,1425,PIBA,L,5.8,NA,NA
OI,0C,1426,PIBA,L,13.7,NA,NA
OI,0C,1424,PIBA,L,5.8,NA,NA
OI,0D,1423,PIBA,L,12.4,NA,NA
OI,0E,1418,PIBA,L,10.2,NA,NA
OI,0E,1419,PIBA,L,7.4,8.4,33
OI,0E,1422,PIBA,L,3,NA,NA
OI,0E,1420,PIBA,L,9.7,NA,NA
OI,0E,1421,PIBA,L,7.4,NA,NA
OI,0F,1415,PIBA,L,9.4,NA,NA
OI,0F,1416,PIBA,L,10.2,NA,NA
OI,0F,1414,PIBA,L,11.2,NA,NA
OI,0F,1417,PIBA,L,11.7,NA,NA
OI,0F,1413,PIBA,L,13.2,NA,NA
OI,0H,1410,PIBA,L,9.4,NA,NA
OI,0H,1409,PIBA,L,14.2,NA,NA
OI,0H,1411,PIBA,L,9.1,NA,NA
OI,0H,1412,PIBA,L,9.4,NA,NA
OI,0I,1407,PIBA,L,3,NA,NA
OI,0I,1408,PIBA,L,7.6,NA,NA
OI,0J,1406,PIBA,L,11.7,NA,NA
OI,0J,1405,PIBA,L,7.6,NA,NA
OI,1J,1438,PIBA,L,5.8,NA,NA
OI,1J,1439,PIBA,L,11.7,NA,NA
OI,1J,1440,PIBA,L,5.3,NA,NA
OI,1I,1441,PIBA,L,6.3,NA,NA
OI,1I,1442,PIBA,L,10.2,NA,NA
OI,1I,1444,PIBA,L,14.5,NA,NA
OI,1I,1443,PIBA,L,11.4,NA,NA
OI,1H,1445,PIBA,L,9.1,8.6,34
OI,1H,1446,PIBA,L,6.6,NA,NA
OI,1H,1447,PIBA,L,10.9,NA,NA
OI,1G,1448,PIBA,L,8.9,NA,NA
OI,1G,1449,PIBA,L,9.7,NA,NA
OI,1F,1450,PIBA,L,12.7,NA,NA
OI,1F,1451,PIBA,L,8.6,NA,NA
OI,1F,1452,PIBA,L,8.9,NA,NA
OI,1E,1453,PIBA,L,7.1,NA,NA
OI,1E,1454,PIBA,L,7.9,NA,NA
OI,1E,2782,PIBA,L,5.8,NA,NA
OI,1D,1455,PIBA,L,12.2,NA,NA
OI,1D,1456,PIBA,L,12.4,NA,NA
OI,1D,1457,PIBA,L,13.5,NA,NA
OI,1C,1458,PIBA,L,14.2,NA,NA
OI,1C,1459,PIBA,L,9.9,NA,NA
OI,1B,1460,PIBA,L,3.3,NA,NA
OI,1B,1461,PIBA,L,12.4,NA,NA
OI,1A,1436,PIBA,L,6.6,NA,NA
OI,1A,1437,PIBA,L,10.7,NA,NA
OI,1A,1435,PIBA,L,5.3,NA,NA
OI,2A,1462,PIBA,L,5.3,NA,NA
OI,2A,1463,PIBA,L,8.1,NA,NA
OI,2A,1464,PIBA,L,4.3,NA,NA
OI,2A,1465,PIBA,L,8.9,NA,NA
OI,2A,1466,PIBA,L,6.3,NA,NA
OI,2A,1468,PIBA,L,4.3,9.4,29
OI,2A,1467,PIBA,L,9.7,NA,NA
OI,2B,1473,PIBA,D,9.1,NA,NA
OI,2B,1472,PIBA,L,13.7,NA,NA
OI,2B,1469,PIBA,L,4.3,6.5,28
OI,2B,1474,PIBA,L,10.2,NA,NA
OI,2B,1470,PIBA,L,10.4,NA,NA
OI,2B,1471,PIBA,D,3,NA,NA
OI,2C,1475,PIBA,L,10.7,NA,NA
OI,2C,1476,PIBA,L,11.4,NA,NA
OI,2D,1477,PIBA,L,4.1,NA,NA
OI,2D,1478,PIBA,L,13.2,NA,NA
OI,2D,1479,PIBA,L,9.9,9.4,34
OI,2D,1480,PIBA,L,10.7,NA,NA
OI,2D,1481,PIBA,L,9.7,NA,NA
OI,2E,1483,PIBA,L,13.7,NA,NA
OI,2E,1482,PIBA,D,9.4,NA,NA
OI,2E,1484,PIBA,L,7.9,NA,NA
OI,2E,1485,PIBA,L,8.6,NA,NA
OI,2E,1486,PIBA,D,8.6,NA,NA
OI,2E,1487,PIBA,L,14,NA,NA
OI,2G,1488,PIBA,L,11.4,NA,NA
OI,2G,1489,PIBA,L,6.1,NA,NA
OI,2G,1490,PIBA,L,11.9,NA,NA
OI,2H,1491,PIBA,L,14.5,10.8,33
OI,2I,1492,PIBA,D,4.8,NA,NA
OI,2I,1493,PIBA,L,14.5,NA,NA
OI,2I,1494,PIBA,L,11.2,NA,NA
OI,2J,1496,PIBA,D,10.7,NA,NA
OI,2J,1495,PIBA,L,10.7,NA,NA
OI,3J,1497,PIBA,L,6.6,NA,NA
OI,3J,1498,PIBA,L,11.7,NA,NA
OI,3J,1499,PIBA,L,11.2,NA,NA
OI,3I,1500,PIBA,L,8.6,NA,NA
OI,3H,1501,PIBA,L,14.5,NA,NA
OI,3H,1502,PIBA,L,7.1,NA,NA
OI,3F,1503,PIBA,L,9.1,NA,NA
OI,3F,1504,PIBA,D,6.3,NA,NA
OI,3F,1505,PIBA,L,8.9,9.1,36
OI,3E,1507,PIBA,D,10.7,NA,NA
OI,3E,1506,PIBA,D,9.7,NA,NA
OI,3E,1508,PIBA,D,10.7,NA,NA
OI,3E,1509,PIBA,D,11.4,NA,NA
OI,3E,1510,PIBA,D,5.3,10.4,32
OI,3D,1511,PIBA,L,10.7,NA,NA
OI,3D,1512,PIBA,L,10.9,10.5,34
OI,3D,1513,PIBA,L,13,NA,NA
OI,3C,1514,PIBA,L,13.7,NA,NA
OI,3C,1516,PIBA,L,14.2,NA,NA
OI,3C,1517,PIBA,L,10.4,NA,NA
OI,3C,1515,PIBA,L,9.4,NA,NA
OI,3C,1518,PIBA,L,9.4,NA,NA
OI,3B,1521,PIBA,L,9.7,NA,NA
OI,3B,1520,PIBA,L,9.7,NA,NA
OI,3B,1519,PIBA,L,8.4,NA,NA
OI,3B,1522,PIBA,L,11.2,NA,NA
OI,3B,1523,PIBA,L,14,NA,NA
OI,3A,1524,PIBA,L,13,NA,NA
OI,4A,1525,PIBA,L,12.2,NA,NA
OI,4A,1526,PIBA,L,10.2,NA,NA
OI,4A,1527,PIBA,L,11.4,NA,NA
OI,4B,1528,PIBA,L,9.9,NA,NA
OI,4B,1529,PIBA,L,3.8,NA,NA
OI,4B,1530,PIBA,L,12.7,11.5,38
OI,4B,1532,PIBA,L,14.5,NA,NA
OI,4B,1531,PIBA,L,9.7,NA,NA
OI,4B,1533,PIBA,L,3.6,NA,NA
OI,4B,1534,PIBA,L,12.7,NA,NA
OI,4C,1535,PIBA,L,8.9,NA,NA
OI,4C,1536,PIBA,L,9.1,NA,NA
OI,4C,1537,PIBA,L,5.1,NA,NA
OI,4C,1538,PIBA,L,10.4,NA,NA
OI,4D,1539,PIBA,L,12.2,NA,NA
OI,4D,1540,PIBA,L,15.5,NA,NA
OI,4D,1541,PIBA,L,11.4,NA,NA
OI,4E,1544,PIBA,L,11.7,NA,NA
OI,4E,1543,PIBA,L,8.9,NA,NA
OI,4E,1542,PIBA,L,12.4,NA,NA
OI,4E,1545,PIBA,L,14,NA,NA
OI,4E,1546,PIBA,L,8.4,NA,NA
OI,4F,1547,PIBA,L,10.2,NA,NA
OI,4F,1549,PIBA,D,12.7,10.8,34
OI,4F,1550,PIBA,D,12.4,NA,NA
OI,4F,1548,PIBA,L,9.9,NA,NA
OI,4G,1551,PIBA,L,15,11,37
OI,4G,1552,PIBA,D,13,NA,NA
OI,4H,1553,PIBA,D,9.4,NA,NA
OI,4H,1554,PIBA,D,9.7,NA,NA
OI,4I,1556,PIBA,D,13.2,10.8,32
OI,4I,1555,PIBA,L,16.3,NA,NA
OI,4I,1557,PIBA,D,13.2,NA,NA
OI,4J,1558,PIBA,L,6.6,NA,NA
OI,4J,1562,PIBA,L,11.2,NA,NA
OI,4J,1561,PIBA,L,14,NA,NA
OI,4J,1559,PIBA,L,11.4,NA,NA
OI,4J,1560,PIBA,L,13,NA,NA
OI,4J,1563,PIBA,L,13.2,NA,NA
OI,5J,2610,PIBA,L,10.4,NA,NA
OI,5J,1564,PIBA,L,5.3,NA,NA
OI,5J,2611,PIBA,L,5.3,NA,NA
OI,5J,2612,PIBA,L,10.9,NA,NA
OI,5J,2613,PIBA,D,10.9,NA,NA
OI,5J,2614,PIBA,D,13,NA,NA
OI,5J,2617,PIBA,D,8.1,NA,NA
OI,5J,2615,PIBA,D,3.8,NA,NA
OI,5J,2616,PIBA,D,8.1,NA,NA
OI,5I,2618,PIBA,D,13.5,NA,NA
OI,5H,2620,PIBA,D,16.5,NA,NA
OI,5G,2621,PIBA,D,12.2,NA,NA
OI,5G,2622,PIBA,D,8.6,NA,NA
OI,5G,2623,PIBA,D,11.4,NA,NA
OI,5F,2624,PIBA,L,13.5,NA,NA
OI,5F,2625,PIBA,L,13.5,NA,NA
OI,5F,2626,PIBA,L,12.4,NA,NA
OI,5F,2627,PIBA,L,7.6,NA,NA
OI,5F,2628,PIBA,L,10.9,NA,NA
OI,5E,2629,PIBA,L,12.7,NA,NA
OI,5E,2630,PIBA,D,10.9,NA,NA
OI,5E,2631,PIBA,L,9.9,NA,NA
OI,5E,2633,PIBA,D,12.4,NA,NA
OI,5E,2632,PIBA,L,10.4,NA,NA
OI,5D,2634,PIBA,L,7.6,NA,NA
OI,5C,2635,PIBA,L,5.1,NA,NA
OI,5C,2636,PIBA,L,9.9,NA,NA
OI,5B,2637,PIBA,L,12.4,10.6,36
OI,5B,2638,PIBA,L,11.4,NA,NA
OI,5B,2607,PIBA,L,9.1,NA,NA
OI,5B,2606,PIBA,L,5.1,NA,NA
OI,5B,2639,PIBA,L,9.7,NA,NA
OI,5A,2641,PIBA,L,3,NA,NA
OI,5A,2640,PIBA,L,6.9,NA,NA
OI,5A,2609,PIBA,L,11.4,NA,NA
OI,5A,2608,PIBA,L,10.9,NA,NA
OI,5A,2645,PIBA,L,9.4,NA,NA
OI,5A,2644,PIBA,L,7.9,NA,NA
OI,5A,2643,PIBA,L,10.4,NA,NA
OI,5A,2642,PIBA,L,5.8,NA,NA
OI,6A,2647,PIBA,L,12.7,NA,NA
OI,6A,2648,PIBA,L,10.2,NA,NA
OI,6A,2646,PIBA,L,7.1,NA,NA
OI,6B,2649,PIBA,L,11.2,NA,NA
OI,6B,2650,PIBA,L,6.3,7.9,37
OI,6B,2651,PIBA,L,6.3,NA,NA
OI,6C,2652,PIBA,D,11.9,NA,NA
OI,6C,2653,PIBA,D,8.4,NA,NA
OI,6C,2654,PIBA,D,10.4,NA,NA
OI,6C,2655,PIBA,D,9.1,NA,NA
OI,6C,2656,PIBA,L,15.5,NA,NA
OI,6C,2657,PIBA,D,12.2,NA,NA
OI,6D,2658,PIBA,L,7.9,NA,NA
OI,6D,2659,PIBA,L,11.9,11,31
OI,6D,2660,PIBA,L,6.3,NA,NA
OI,6E,2661,PIBA,L,10.9,NA,NA
OI,6E,2662,PIBA,L,14.5,NA,NA
OI,6F,2663,PIBA,L,5.6,NA,NA
OI,6G,2664,PIBA,D,17,NA,NA
OI,6G,2665,PIBA,L,9.7,NA,NA
OI,6H,2666,PIBA,D,16.8,NA,NA
OI,6H,2667,PIBA,D,15.2,NA,NA
OI,6I,2668,PIBA,D,11.4,NA,NA
OI,6I,2672,PIBA,D,11.2,NA,NA
OI,6I,2669,PIBA,D,10.7,NA,NA
OI,6I,2670,PIBA,D,7.6,NA,NA
OI,6I,2671,PIBA,D,14,NA,NA
OI,6I,2673,PIBA,D,13,NA,NA
OI,7J,2674,PIBA,L,14.5,NA,NA
OI,7J,2675,PIBA,D,15,NA,NA
OI,7I,2676,PIBA,D,15,NA,NA
OI,7H,2677,PIBA,D,16,NA,NA
OI,7H,2678,PIBA,D,19,NA,NA
OI,7G,2679,PIBA,D,15.5,NA,NA
OI,7G,2680,PIBA,L,9.7,NA,NA
OI,7G,2681,PIBA,L,15.2,NA,NA
OI,7G,2682,PIBA,L,9.9,NA,NA
OI,7G,2683,PIBA,L,10.9,NA,NA
OI,7F,2684,PIBA,L,5.6,6.8,27
OI,7F,2685,PIBA,L,10.4,NA,NA
OI,7F,2686,PIBA,L,15.5,NA,NA
OI,7F,2687,PIBA,L,11.4,10.6,29
OI,7F,2688,PIBA,L,5.8,NA,NA
OI,7E,2689,PIBA,L,15,NA,NA
OI,7E,2690,PIBA,L,7.6,NA,NA
OI,7D,2691,PIBA,L,12.4,NA,NA
OI,7D,2693,PIBA,L,9.9,NA,NA
OI,7D,2692,PIBA,L,13,NA,NA
OI,7C,2694,PIBA,D,15,NA,NA
OI,7C,2695,PIBA,D,10.4,NA,NA
OI,7B,2696,PIBA,L,11.7,NA,NA
OI,7B,3339,PIBA,L,3.6,NA,NA
OI,7B,2697,PIBA,D,9.4,NA,NA
OI,7A,2698,PIBA,L,14.5,NA,NA
OI,7A,2699,PIBA,L,5.8,NA,NA
OI,8A,2700,PIBA,L,5.6,NA,NA
OI,8A,2702,PIBA,L,11.9,NA,NA
OI,8A,2701,PIBA,L,7.1,NA,NA
OI,8A,2703,PIBA,D,10.9,NA,NA
OI,8A,2704,PIBA,D,9.9,NA,NA
OI,8B,2705,PIBA,D,3,NA,NA
OI,8C,2706,PIBA,D,11.9,NA,NA
OI,8C,2708,PIBA,D,10.4,8.1,32
OI,8C,2707,PIBA,L,6.6,NA,NA
OI,8C,2709,PIBA,L,7.9,NA,NA
OI,8D,2710,PIBA,L,8.6,NA,NA
OI,8D,2711,PIBA,L,13.2,NA,NA
OI,8D,2712,PIBA,L,9.7,NA,NA
OI,8D,2713,PIBA,L,10.4,NA,NA
OI,8D,2716,PIBA,L,3.3,NA,NA
OI,8D,2715,PIBA,L,3.8,NA,NA
OI,8D,2714,PIBA,L,6.1,NA,NA
OI,8D,2717,PIBA,L,5.3,NA,NA
OI,8E,2718,PIBA,L,10.7,NA,NA
OI,8E,2719,PIBA,L,9.9,NA,NA
OI,8E,2720,PIBA,D,5.1,NA,NA
OI,8F,2726,PIBA,L,10.9,NA,NA
OI,8F,2725,PIBA,L,9.9,NA,NA
OI,8F,2724,PIBA,L,8.1,NA,NA
OI,8F,2723,PIBA,L,12.2,NA,NA
OI,8F,2721,PIBA,L,11.9,NA,NA
OI,8F,2722,PIBA,L,10.2,NA,NA
OI,8F,2727,PIBA,D,10.9,10.2,32
OI,8G,2729,PIBA,L,9.9,NA,NA
OI,8G,2728,PIBA,D,15.2,NA,NA
OI,8G,2864,PIBA,L,16,NA,NA
OI,8G,2863,PIBA,L,6.9,NA,NA
OI,8G,2862,PIBA,L,12.2,NA,NA
OI,8H,2861,PIBA,L,11.2,NA,NA
OI,8H,2860,PIBA,L,16.8,10.8,31
OI,8H,2859,PIBA,L,10.4,NA,NA
OI,8I,2858,PIBA,L,16,NA,NA
OI,8I,2857,PIBA,L,15.5,10.7,33
OI,8I,2855,PIBA,L,12.4,NA,NA
OI,8I,2856,PIBA,L,9.4,NA,NA
OI,8J,2854,PIBA,L,13.7,NA,NA
OI,8J,2853,PIBA,L,11.2,NA,NA
OI,8J,2852,PIBA,L,9.4,NA,NA
OI,8J,2851,PIBA,L,8.1,NA,NA
OI,8J,2850,PIBA,D,15.5,NA,NA
OI,9J,2730,PIBA,L,11.4,NA,NA
OI,9J,2731,PIBA,L,12.4,NA,NA
OI,9J,2732,PIBA,L,8.6,NA,NA
OI,9J,2733,PIBA,L,8.6,NA,NA
OI,9J,2734,PIBA,L,13.2,NA,NA
OI,9J,2735,PIBA,L,16.5,NA,NA
OI,9I,2736,PIBA,L,11.2,NA,NA
OI,9I,2737,PIBA,L,7.6,NA,NA
OI,9H,2738,PIBA,L,14.7,NA,NA
OI,9H,2739,PIBA,L,14.7,NA,NA
OI,9G,2740,PIBA,L,11.9,NA,NA
OI,9G,2741,PIBA,D,5.1,NA,NA
OI,9G,2744,PIBA,L,12.2,NA,NA
OI,9G,2742,PIBA,L,11.4,NA,NA
OI,9G,2743,PIBA,L,7.9,NA,NA
OI,9G,2745,PIBA,L,9.4,10.2,32
OI,9G,2747,PIBA,L,5.6,NA,NA
OI,9G,2746,PIBA,L,7.1,NA,NA
OI,9G,2748,PIBA,L,13.7,NA,NA
OI,9F,2749,PIBA,L,14,NA,NA
OI,9F,2750,PIBA,L,4.6,NA,NA
OI,9F,2751,PIBA,L,9.4,11.5,33
OI,9F,2752,PIBA,L,14.2,NA,NA
OI,9E,2755,PIBA,L,6.3,NA,NA
OI,9E,2756,PIBA,L,5.8,NA,NA
OI,9E,2757,PIBA,L,10.2,NA,NA
OI,9E,2753,PIBA,L,10.4,NA,NA
OI,9E,2754,PIBA,L,9.7,NA,NA
OI,9E,2758,PIBA,L,8.1,NA,NA
OI,9D,2759,PIBA,L,13.7,NA,NA
OI,9D,2760,PIBA,L,8.4,NA,NA
OI,9D,2761,PIBA,L,8.4,NA,NA
OI,9D,2763,PIBA,L,8.1,NA,NA
OI,9D,2762,PIBA,L,5.1,NA,NA
OI,9D,2765,PIBA,L,5.6,NA,NA
OI,9D,2766,PIBA,D,8.9,NA,NA
OI,9C,2767,PIBA,D,8.4,NA,NA
OI,9C,2768,PIBA,L,9.4,NA,NA
OI,9C,2769,PIBA,D,14.2,NA,NA
OI,9C,2770,PIBA,D,10.2,NA,NA
OI,9C,2771,PIBA,L,7.6,NA,NA
OI,9B,2772,PIBA,D,9.9,NA,NA
OI,9B,2773,PIBA,L,9.7,NA,NA
OI,9B,2774,PIBA,L,5.3,NA,NA
OI,9B,2775,PIBA,L,6.6,NA,NA
OI,9A,2781,PIBA,L,6.1,NA,NA
OI,9A,2780,PIBA,L,6.3,NA,NA
OI,9A,2776,PIBA,L,9.4,9.6,32
OI,9A,2777,PIBA,L,8.4,NA,NA
OI,9A,2779,PIBA,L,12.2,NA,NA
OI,9A,2778,PIBA,L,7.6,NA,NA
SJ,0A,600,PIBA,D,20.1,NA,NA
SJ,0A,601,PIBA,L,17.3,NA,NA
SJ,0B,602,PIBA,L,19.6,NA,NA
SJ,0B,605,PIBA,L,18.8,NA,NA
SJ,0B,604,PIBA,D,10.4,NA,NA
SJ,0B,603,PIBA,L,18.5,NA,NA
SJ,0C,606,PIBA,L,15.2,NA,NA
SJ,0C,607,PIBA,L,22.4,NA,NA
SJ,0C,609,PIMA,L,2.8,NA,NA
SJ,0C,608,PIMA,L,5.8,NA,NA
SJ,0D,613,PIBA,D,12.7,NA,NA
SJ,0D,614,PIBA,L,23.6,NA,NA
SJ,0D,612,PIBA,L,17.8,NA,NA
SJ,0D,611,PIMA,L,3.8,NA,NA
SJ,0D,610,PIMA,L,3.8,NA,NA
SJ,0D,615,PIMA,L,3.8,4.8,30
SJ,0E,616,PIBA,L,21.3,NA,NA
SJ,0E,NA,NA,D,20.1,NA,NA
SJ,0F,619,PIBA,L,23.9,NA,NA
SJ,0F,618,PIBA,L,22.1,NA,NA
SJ,0G,621,PIBA,L,11.9,NA,NA
SJ,0G,622,PIBA,D,17.8,NA,NA
SJ,0G,623,PIBA,L,15,NA,NA
SJ,0G,620,PIBA,D,12.7,NA,NA
SJ,0G,625,PIBA,L,20.3,NA,NA
SJ,0G,624,PIMA,L,3.8,NA,NA
SJ,0H,630,PIBA,L,22.4,NA,NA
SJ,0H,629,PIBA,L,24.6,NA,NA
SJ,0H,627,PIBA,L,19,NA,NA
SJ,0H,626,PIMA,L,3.8,NA,NA
SJ,0H,628,PIBA,L,19.6,NA,NA
SJ,0I,631,PIBA,L,19.3,NA,NA
SJ,0J,633,PIMA,L,5.1,NA,NA
SJ,0J,623,PIMA,L,10.9,NA,NA
SJ,0J,634,PIMA,L,12.7,NA,NA
SJ,0J,635,PIMA,L,6.6,NA,NA
SJ,0J,636,PIMA,L,9.9,13.5,43
SJ,0J,637,PIMA,D,7.1,NA,NA
SJ,0J,638,PIBA,L,16.5,NA,NA
SJ,0J,639,PIBA,D,5.3,NA,NA
SJ,0J,640,PIMA,L,5.8,NA,NA
SJ,1J,641,PIMA,L,23.9,17.7,11
SJ,1J,642,PIMA,L,12.2,NA,NA
SJ,1J,645,PIMA,L,5.1,NA,NA
SJ,1J,643,PIMA,L,10.2,NA,NA
SJ,1J,641,PIMA,L,4.6,NA,NA
SJ,1J,646,PIBA,L,13.5,15.7,20
SJ,1J,647,PIBA,L,18.8,NA,NA
SJ,1I,650,PIBA,L,19.3,NA,NA
SJ,1I,651,PIBA,L,18.3,NA,NA
SJ,1I,648,PIBA,D,10.9,NA,NA
SJ,1I,649,PIBA,D,9.7,NA,NA
SJ,1H,652,PIBA,L,20.8,17.7,26
SJ,1H,653,PIBA,L,14.5,16.7,31
SJ,1H,654,PIBA,D,15.2,NA,NA
SJ,1H,655,PIBA,D,13.5,NA,NA
SJ,1H,693,PIBA,L,21.1,NA,NA
SJ,1G,656,PIBA,L,24.9,NA,NA
SJ,1G,657,PIBA,L,11.7,NA,NA
SJ,1G,658,PIBA,L,14.7,NA,NA
SJ,1G,661,PIBA,L,11.7,NA,NA
SJ,1G,659,PIBA,L,22.9,NA,NA
SJ,1G,660,PIBA,L,24.9,NA,NA
SJ,1F,662,PIBA,L,14.2,NA,NA
SJ,1E,665,PIBA,L,21.3,NA,NA
SJ,1E,666,PIBA,D,21.3,NA,NA
SJ,1E,667,PIBA,D,22.6,NA,NA
SJ,1E,669,PIMA,L,5.8,NA,NA
SJ,1E,668,PIMA,L,3,NA,NA
SJ,1E,663,PIBA,L,23.4,NA,NA
SJ,1E,664,PIMA,L,4.8,NA,NA
SJ,1D,674,PIMA,L,3.8,NA,NA
SJ,1D,673,PIMA,L,5.3,NA,NA
SJ,1D,671,PIBA,L,18.5,NA,NA
SJ,1D,670,PIBA,L,22.6,NA,NA
SJ,1D,672,PIMA,L,5.3,NA,NA
SJ,1D,675,PIMA,L,3,NA,NA
SJ,1C,676,PIBA,L,18.3,NA,NA
SJ,1C,677,PIMA,L,3.6,NA,NA
SJ,1C,678,PIBA,L,18.8,NA,NA
SJ,1B,680,PIMA,L,6.1,NA,NA
SJ,1B,681,PIBA,L,23.1,NA,NA
SJ,1B,682,PIBA,L,22.9,NA,NA
SJ,1B,683,PIBA,L,14.7,NA,NA
SJ,1A,684,PIMA,L,4.8,NA,NA
SJ,1A,685,PIMA,L,3,NA,NA
SJ,2A,686,PIBA,D,16.5,NA,NA
SJ,2A,687,PIBA,L,2.5,25.4,33
SJ,2A,688,PIBA,L,22.9,NA,NA
SJ,2A,689,PIBA,L,15,NA,NA
SJ,2A,690,PIBA,L,21.1,NA,NA
SJ,2I,716,PIMA,L,4.6,NA,NA
SJ,2I,719,PIBA,L,16.8,NA,NA
SJ,2I,717,PIBA,L,17.3,21.4,21
SJ,2J,721,PIBA,D,10.2,NA,NA
SJ,2J,722,PIBA,D,7.1,NA,NA
SJ,2J,723,PIMA,D,5.1,NA,NA
SJ,2J,724,PIMA,L,6.6,NA,NA
SJ,2J,725,PIBA,L,23.6,NA,NA
SJ,2J,726,PIBA,D,18.5,NA,NA
SJ,2J,727,PIBA,L,19.8,NA,NA
SJ,3J,728,PIBA,L,20.8,NA,NA
SJ,3J,738,PIMA,D,8.1,NA,NA
SJ,3J,729,PIBA,D,16.5,NA,NA
SJ,3I,731,PIMA,L,13.7,NA,NA
SJ,3I,732,PIBA,D,21.8,NA,NA
SJ,3I,733,PIBA,D,18.5,NA,NA
SJ,3I,734,PIBA,L,20.1,19.6,14
SJ,3H,736,PIBA,D,12.7,NA,NA
SJ,3H,737,PIBA,D,14,NA,NA
SJ,3H,739,PIMA,L,9.9,NA,NA
SJ,3H,740,PIMA,L,5.3,NA,NA
SJ,3H,741,PIMA,L,9.7,NA,NA
SJ,3H,742,PIMA,L,5.1,3.7,49
SJ,3H,743,PIMA,L,3.3,NA,NA
SJ,3H,745,PIMA,L,4.6,NA,NA
SJ,3H,744,PIMA,L,12.7,NA,NA
SJ,3H,746,PIMA,L,3.8,NA,NA
SJ,3H,747,PIMA,L,10.4,NA,NA
SJ,2B,691,PIBA,L,20.1,NA,NA
SJ,2B,692,PIBA,L,23.6,NA,NA
SJ,2C,694,PIMA,L,13.5,NA,NA
SJ,2C,695,PIMA,L,6.6,NA,NA
SJ,2C,697,PIMA,L,2.3,NA,NA
SJ,2C,696,PIBA,L,16.8,NA,NA
SJ,2D,698,PIBA,L,21.1,NA,NA
SJ,2D,701,PIMA,L,2.5,NA,NA
SJ,2D,702,PIBA,D,12.7,NA,NA
SJ,2D,703,PIBA,D,15.7,NA,NA
SJ,2D,699,PIBA,L,2.5,NA,6
SJ,2D,700,PIMA,L,6.1,NA,NA
SJ,2D,704,PIBA,L,20.1,NA,NA
SJ,2D,705,PIMA,L,3.6,NA,NA
SJ,2E,706,PIBA,D,18,NA,NA
SJ,2E,707,PIMA,L,3,NA,NA
SJ,2E,708,PIBA,D,13,NA,NA
SJ,2F,709,PIBA,L,21.3,NA,NA
SJ,2F,710,PIBA,L,15,NA,NA
SJ,2G,711,PIMA,L,9.9,NA,NA
SJ,2G,712,PIMA,L,6.1,NA,NA
SJ,2H,713,PIBA,L,2.5,NA,2
SJ,2H,714,PIMA,L,8.9,NA,NA
SJ,2I,715,PIBA,L,17.8,NA,NA
SJ,2I,730,PIBA,L,16.3,NA,NA
SJ,3G,748,PIBA,L,2.8,NA,0
SJ,3G,749,PIBA,L,2.5,NA,8
SJ,3F,750,PIBA,L,17.8,NA,NA
SJ,3F,751,PIMA,D,7.6,NA,NA
SJ,3F,752,PIMA,L,8.1,NA,NA
SJ,3F,753,PIMA,L,8.9,NA,NA
SJ,3F,754,PIMA,L,5.8,NA,NA
SJ,3F,755,PIBA,D,15.2,NA,NA
SJ,3F,756,PIBA,L,19.6,NA,NA
SJ,3E,757,PIBA,D,16.3,NA,NA
SJ,3E,758,PIBA,L,24.6,NA,NA
SJ,3E,759,PIBA,L,21.6,NA,NA
SJ,3E,760,PIBA,L,14.5,NA,NA
SJ,3E,761,PIBA,L,19.3,NA,NA
SJ,3E,763,PIBA,D,11.7,NA,NA
SJ,3D,762,PIBA,L,23.1,NA,NA
SJ,3D,766,PIBA,L,20.8,NA,NA
SJ,3C,764,PIBA,L,18.8,18.2,27
SJ,3C,765,PIBA,L,24.4,NA,NA
SJ,3B,767,PIBA,D,11.9,NA,NA
SJ,3B,768,PIBA,L,14,NA,NA
SJ,3B,769,PIBA,L,23.1,NA,NA
SJ,3B,770,PIMA,L,5.3,NA,NA
SJ,3A,771,PIBA,D,17,NA,NA
SJ,3A,772,PIMA,L,4.6,NA,NA
SJ,4A,773,PIMA,L,2.8,NA,NA
SJ,4A,774,PIBA,L,23.6,NA,NA
SJ,4A,775,PIBA,L,19.3,NA,NA
SJ,4A,776,PIMA,L,5.3,NA,NA
SJ,4A,777,PIMA,L,8.9,NA,NA
SJ,4A,778,PIMA,L,2.5,NA,NA
SJ,4A,779,PIBA,L,23.6,NA,NA
SJ,4B,780,PIBA,L,21.6,NA,NA
SJ,4B,781,PIBA,L,16.5,NA,NA
SJ,4B,782,PIBA,L,20.1,17.8,26
SJ,4B,783,PIBA,D,8.9,NA,NA
SJ,4C,784,PIMA,L,6.6,NA,NA
SJ,4C,785,PIBA,D,11.4,NA,NA
SJ,4C,786,PIBA,D,21.6,NA,NA
SJ,4C,787,PIBA,L,22.6,NA,NA
SJ,4C,788,PIBA,D,18.8,NA,NA
SJ,4C,789,PIBA,L,17,NA,NA
SJ,4D,790,PIMA,L,3,NA,NA
SJ,4D,791,PIBA,L,16,NA,NA
SJ,4D,792,PIBA,L,23.9,NA,NA
SJ,4D,793,PIBA,L,18,NA,NA
SJ,4D,794,PIMA,L,12.2,NA,NA
SJ,4D,809,PIMA,L,10.7,NA,NA
SJ,4D,795,PIBA,L,2.8,NA,7
SJ,4D,796,PIMA,L,4.1,NA,NA
SJ,4F,797,PIMA,L,6.1,NA,NA
SJ,4F,798,PIMA,L,7.4,8.2,66
SJ,4F,799,PIMA,D,6.3,NA,NA
SJ,4F,800,PIMA,L,6.6,NA,NA
SJ,4F,801,PIBA,L,2.5,NA,6
SJ,4F,802,PIBA,L,18,NA,NA
SJ,8B,1942,PIMA,L,2.5,NA,NA
SJ,8C,1943,PIBA,L,2.5,NA,3
SJ,8C,1944,PIMA,L,3.6,4.9,24
SJ,8C,1945,PIMA,L,3.6,NA,NA
SJ,8C,1946,PIMA,L,4.8,NA,NA
SJ,8D,1947,PIMA,L,22.1,NA,NA
SJ,8E,1949,PIMA,L,3.3,NA,NA
SJ,8E,1948,PIMA,L,5.1,NA,NA
SJ,8E,1950,PIMA,L,4.8,NA,NA
SJ,8E,1951,PIBA,L,15.2,NA,NA
SJ,8E,1952,PIMA,L,16.3,NA,NA
SJ,8F,1954,PIMA,L,11.9,NA,NA
SJ,8F,1955,PIMA,L,14.5,NA,NA
SJ,8F,1957,PIBA,L,20.6,19.4,17
SJ,8F,1956,PIBA,L,16,NA,NA
SJ,8F,1953,PIBA,L,17.5,NA,NA
SJ,8G,1963,PIBA,L,18.8,15.2,38
SJ,8G,1959,PIMA,L,5.1,NA,NA
SJ,8G,1960,PIMA,L,4.8,5.8,62
SJ,8G,1961,PIMA,L,9.7,9.8,66
SJ,8G,1962,PIMA,L,6.1,NA,NA
SJ,8G,1958,PIBA,L,19,NA,NA
SJ,8H,1964,PIBA,L,2.5,NA,6
SJ,8H,1965,PIBA,L,2.8,NA,1
SJ,8I,1966,PIBA,L,17,NA,NA
SJ,8I,1967,PIBA,L,17.8,NA,NA
SJ,8I,1968,PIBA,L,2.5,NA,1
SJ,8I,1969,PIBA,D,7.6,NA,NA
SJ,8J,1971,PIBA,L,13.2,NA,NA
SJ,8J,1973,PIMA,L,3.8,NA,NA
SJ,8J,1972,PIMA,L,4.8,NA,NA
SJ,8J,1974,PIBA,L,21.1,NA,NA
SJ,9J,1975,PIBA,L,18.8,NA,NA
SJ,9J,1976,PIBA,L,14.5,NA,NA
SJ,9I,1977,PIBA,L,17.3,NA,NA
SJ,9I,1978,PIBA,L,24.6,NA,NA
SJ,9I,1979,PIBA,L,2.5,NA,4
SJ,9H,1980,PIBA,L,2.5,NA,1
SJ,9H,1981,PIMA,D,8.6,NA,NA
SJ,9H,1982,PIBA,L,20.1,NA,NA
SJ,9H,1983,PIMA,L,6.9,NA,NA
SJ,9H,1984,PIMA,L,3,NA,NA
SJ,9G,1985,PIBA,D,16.3,NA,NA
SJ,9G,1986,PIBA,L,18.8,NA,NA
SJ,9G,1987,PIMA,L,6.9,NA,NA
SJ,9G,1988,PIMA,L,4.3,NA,NA
SJ,9F,1989,PIBA,L,22.9,NA,NA
SJ,9F,1990,PIBA,L,14.7,NA,NA
SJ,9F,1991,PIBA,D,17,NA,NA
SJ,9F,1992,PIBA,L,19.6,NA,NA
SJ,9E,1994,PIBA,D,21.3,NA,NA
SJ,9E,1998,PIMA,L,6.6,NA,NA
SJ,9E,1999,PIMA,L,3.6,NA,NA
SJ,9E,1997,PIMA,L,9.7,NA,NA
SJ,9E,1996,PIMA,L,7.6,NA,NA
SJ,9E,1995,PIMA,L,5.1,NA,NA
SJ,9E,2000,PIBA,D,9.4,NA,NA
SJ,9D,2001,PIBA,L,13.7,NA,NA
SJ,9D,2003,PIBA,L,14.7,NA,NA
SJ,9D,2002,PIBA,D,8.6,NA,NA
SJ,9D,2006,PIBA,L,21.8,NA,NA
SJ,9D,2007,PIMA,L,5.1,NA,NA
SJ,9D,2005,PIBA,L,17.5,NA,NA
SJ,9D,2004,PIBA,L,18,NA,NA
SJ,9C,2008,PIBA,L,17.3,NA,NA
SJ,9C,2009,PIBA,L,20.1,NA,NA
SJ,9C,2010,PIBA,L,19.8,NA,NA
SJ,9B,2011,PIBA,L,2.5,NA,5
SJ,9B,2012,PIBA,L,3,NA,0
SJ,9B,2013,PIMA,L,3.8,NA,NA
SJ,9B,2014,PIMA,L,3.8,NA,NA
SJ,9B,2015,PIMA,L,4.8,NA,NA
SJ,9B,2016,PIMA,L,6.6,NA,NA
JS,0A,1761,PIBA,L,6.3,NA,NA
JS,0A,1762,PIBA,L,7.4,NA,NA
JS,0B,1763,PIBA,L,8.9,NA,NA
JS,0B,1764,PIBA,L,4.1,NA,NA
JS,0C,1765,PIBA,L,8.1,NA,NA
JS,0C,1766,PIBA,L,9.9,NA,NA
JS,0C,1767,PIBA,L,10.7,NA,NA
JS,0C,1769,PIBA,L,4.3,NA,NA
JS,0C,1768,PIBA,L,8.6,NA,NA
JS,0D,1770,PIBA,L,8.6,NA,NA
JS,0D,1771,PIBA,L,10.2,NA,NA
JS,0D,1772,PIBA,L,5.3,NA,NA
JS,0D,1773,PIBA,L,5.8,NA,NA
JS,0F,1774,PIBA,L,7.4,NA,NA
JS,0F,1777,PIBA,L,8.9,NA,NA
JS,0G,1778,PIBA,L,5.1,NA,NA
JS,0G,1779,PIBA,L,5.1,NA,NA
JS,0H,1780,PIBA,L,7.1,4,33
JS,0I,1781,PIBA,L,16.8,7.3,45
JS,0J,1782,PIBA,L,15.2,NA,NA
JS,0J,1783,PIBA,L,15.2,NA,NA
JS,1J,1784,PIBA,L,10.2,NA,NA
JS,1J,1785,PIBA,L,12.7,NA,NA
JS,1J,1786,PIBA,L,11.4,NA,NA
JS,1J,1787,PIBA,L,9.9,NA,NA
JS,1I,1788,PIBA,L,15.5,NA,NA
JS,1H,1789,PIBA,L,10.2,NA,NA
JS,1G,1791,PIBA,L,10.4,NA,NA
JS,1F,1792,PIBA,L,9.7,NA,NA
JS,1F,1793,PIBA,L,9.1,NA,NA
JS,1F,1794,PIBA,L,10.4,NA,NA
JS,1E,1795,PIBA,L,8.1,NA,NA
JS,1E,1796,PIBA,L,9.4,NA,NA
JS,1E,1797,PIBA,L,9.7,NA,NA
JS,1E,1798,PIBA,L,10.2,NA,NA
JS,1D,1799,PIBA,L,5.8,NA,NA
JS,1D,1800,PIBA,L,4.6,NA,NA
JS,1D,1805,PIBA,L,6.3,NA,NA
JS,1D,1804,PIBA,L,9.4,NA,NA
JS,1D,1803,PIBA,L,9.7,NA,NA
JS,1D,1801,PIBA,L,10.2,7.5,34
JS,1D,1802,PIBA,L,7.4,NA,NA
JS,1C,1808,PIBA,L,8.6,NA,NA
JS,1C,1807,PIBA,L,8.9,NA,NA
JS,1C,1806,PIBA,L,10.4,NA,NA
JS,1B,1809,PIBA,L,2.5,NA,NA
JS,2A,2299,PIBA,L,10.2,NA,NA
JS,2A,1810,PIBA,L,4.6,NA,NA
JS,2A,1811,PIBA,L,9.9,NA,NA
JS,2A,1813,PIBA,L,12.4,NA,NA
JS,2A,1812,PIBA,L,14.7,NA,NA
JS,2C,1814,PIBA,L,14.5,NA,NA
JS,2C,1815,PIBA,L,9.9,NA,NA
JS,2D,1816,PIBA,L,8.9,NA,NA
JS,2D,1817,PIBA,L,5.3,NA,NA
JS,2E,1818,PIBA,L,9.1,NA,NA
JS,2E,1819,PIBA,L,10.9,NA,NA
JS,2F,1820,PIBA,L,12.4,NA,NA
JS,2G,1821,PIBA,L,7.6,NA,NA
JS,2H,1822,PIBA,L,4.1,NA,NA
JS,2H,1823,PIBA,L,7.1,NA,NA
JS,2I,1824,PIBA,L,2.5,NA,NA
JS,2J,1825,PIBA,L,11.7,NA,NA
JS,2J,1826,PIBA,L,10.9,NA,NA
JS,3J,1828,PIBA,L,7.9,NA,NA
JS,3J,1829,PIBA,L,7.4,5.9,32
JS,3I,1830,PIBA,L,15,NA,NA
JS,3I,1831,PIBA,L,12.7,NA,NA
JS,3H,1832,PIBA,L,9.1,NA,NA
JS,3H,1833,PIBA,L,7.4,NA,NA
JS,3F,1834,PIBA,L,5.6,NA,NA
JS,3F,1835,PIBA,L,6.1,NA,NA
JS,3E,1848,PIBA,L,7.6,NA,NA
JS,3E,1849,PIBA,L,4.8,NA,NA
JS,3E,1850,PIBA,L,4.8,4.5,30
JS,3D,1845,PIBA,L,10.4,NA,NA
JS,3D,1846,PIBA,L,5.1,5.8,31
JS,3D,1844,PIBA,L,2.5,NA,NA
JS,3C,1843,PIBA,L,10.2,NA,NA
JS,3C,1842,PIBA,L,11.4,NA,NA
JS,3A,1841,PIBA,L,9.4,6.5,32
JS,4A,1836,PIBA,L,12.2,NA,NA
JS,4A,1837,PIBA,L,6.9,NA,NA
JS,4B,1838,PIBA,L,3,NA,NA
JS,4B,2300,PIBA,L,14.2,NA,NA
JS,4B,1839,PIBA,L,14.2,NA,NA
JS,4C,1851,PIBA,L,11.9,NA,NA
JS,4C,1852,PIBA,L,11.4,7.3,39
JS,4C,1840,PIBA,L,13.2,NA,NA
JS,4D,1853,PIBA,L,10.7,8.6,38
JS,4E,1856,PIBA,L,12.4,NA,NA
JS,4E,1854,PIBA,L,10.2,9.5,30
JS,4E,1855,PIBA,L,7.6,7.6,30
JS,4E,1857,PIBA,L,6.9,NA,NA
JS,4F,1858,PIBA,L,4.3,NA,NA
JS,4F,1859,PIBA,L,3.6,NA,NA
JS,4F,1862,PIBA,L,4.1,3.6,31
JS,4F,1861,PIBA,L,7.4,NA,NA
JS,4G,1863,PIBA,L,4.6,NA,NA
JS,4G,1864,PIBA,L,15,NA,NA
JS,4H,1865,PIBA,L,17.3,NA,NA
JS,4H,1860,PIBA,L,9.4,NA,NA
JS,4I,1862,PIBA,L,12.7,NA,NA
JS,4I,1861,PIBA,L,14.5,NA,NA
JS,4J,1863,PIBA,L,16.8,NA,NA
JS,4J,1864,PIBA,L,7.1,NA,NA
JS,5J,1865,PIBA,L,7.9,NA,NA
JS,5J,1866,PIBA,L,8.1,NA,NA
JS,5J,1867,PIBA,L,3.3,NA,NA
JS,5J,1868,PIBA,L,9.1,NA,NA
JS,5J,1869,PIBA,L,5.3,NA,NA
JS,5J,1870,PIBA,L,9.4,NA,NA
JS,5J,1871,PIBA,L,17.8,NA,NA
JS,5I,1872,PIBA,L,6.9,NA,NA
JS,5I,1873,PIBA,L,14.2,NA,NA
JS,5H,1874,PIBA,L,11.9,NA,NA
JS,5H,1875,PIBA,L,18.8,NA,NA
JS,5G,1876,PIBA,L,6.6,NA,NA
JS,5F,1877,PIBA,L,6.1,NA,NA
JS,5F,1878,PIBA,L,6.6,NA,NA
JS,5E,1879,PIBA,L,6.9,NA,NA
JS,5B,1880,PIBA,L,5.3,NA,NA
JS,5B,1882,PIBA,L,13.7,NA,NA
JS,5B,1881,PIBA,L,11.4,NA,NA
JS,5A,1883,PIBA,L,12.7,NA,NA
JS,5A,1884,PIBA,L,5.3,NA,NA
JS,6B,1885,PIBA,L,9.9,NA,NA
JS,6B,1886,PIBA,L,11.2,NA,NA
JS,6C,1887,PIBA,L,9.1,NA,NA
JS,6D,1888,PIBA,L,19.3,10.4,49
JS,6D,1889,PIBA,L,16.8,NA,NA
JS,6E,1891,PIBA,L,16.3,NA,NA
JS,6E,1890,PIBA,L,17.5,NA,NA
JS,6E,1892,PIBA,L,16.5,NA,NA
JS,6E,1894,PIBA,L,11.9,NA,NA
JS,6F,1895,PIBA,L,15.7,NA,NA
JS,6F,1896,PIBA,L,16.5,9.6,59
JS,6G,1897,PIBA,L,9.4,NA,NA
JS,6H,1898,PIBA,L,7.6,NA,NA
JS,6H,1899,PIBA,L,5.1,NA,NA
JS,6I,1900,PIBA,L,8.9,NA,NA
JS,6I,1902,PIBA,L,7.1,NA,NA
JS,6I,1901,PIBA,L,12.7,NA,NA
JS,6J,1903,PIBA,L,16.5,NA,NA
JS,7J,1904,PIBA,L,5.1,4.5,32
JS,7I,1905,PIBA,L,8.9,NA,NA
JS,7I,1906,PIBA,L,7.1,NA,NA
JS,7I,1907,PIBA,L,9.9,NA,NA
JS,7H,1808,PIBA,L,10.2,NA,NA
JS,7G,1909,PIBA,L,15,NA,NA
JS,7E,1910,PIBA,L,17.8,NA,NA
JS,7E,1911,PIBA,L,3.6,NA,NA
JS,7E,1912,PIBA,L,10.4,NA,NA
JS,7C,1914,PIBA,L,11.9,NA,NA
JS,7C,1913,PIBA,L,8.6,8.3,34
JS,7C,1915,PIBA,L,12.2,NA,NA
JS,7B,1916,PIBA,L,11.4,NA,NA
JS,7B,1917,PIBA,L,10.4,NA,NA
JS,7B,1918,PIBA,L,7.6,6.9,33
JS,7A,1919,PIBA,L,10.2,NA,NA
JS,7A,1920,PIBA,L,6.9,NA,NA
JS,8A,1922,PIBA,L,11.2,NA,NA
JS,8A,1921,PIBA,L,10.2,NA,NA
JS,8A,1923,PIBA,L,5.1,NA,NA
JS,8B,1924,PIBA,L,9.9,6.8,31
JS,8C,1925,PIBA,L,11.7,NA,NA
JS,8D,1926,PIBA,L,7.9,NA,NA
JS,8D,1928,PIBA,L,9.1,NA,NA
JS,8D,1927,PIBA,L,10.2,5.8,33
JS,8E,1929,PIBA,L,11.7,NA,NA
JS,8E,1930,PIBA,L,8.6,NA,NA
JS,8E,1931,PIBA,L,5.1,NA,NA
JS,8F,1932,PIBA,L,8.1,8.9,33
JS,8F,1933,PIBA,L,4.3,NA,NA
JS,8F,1934,PIBA,L,12.2,NA,NA
JS,8I,1935,PIBA,L,9.9,8.3,31
JS,8I,1921,PIBA,L,3.8,NA,NA
JS,8J,2301,PIBA,L,6.6,NA,NA
JS,8J,2302,PIBA,L,2.8,NA,NA
JS,9J,2303,PIBA,L,6.6,NA,NA
JS,9I,1922,PIBA,L,11.7,NA,NA
JS,9G,1923,PIBA,L,12.2,NA,NA
JS,9F,1926,PIBA,L,5.6,NA,NA
JS,9F,1925,PIBA,D,5.6,NA,NA
JS,9F,1924,PIBA,L,7.6,NA,NA
JS,9E,1927,PIBA,L,6.3,NA,NA
JS,9D,1928,PIBA,L,11.9,NA,NA
JS,9C,1929,PIBA,L,12.7,NA,NA
JS,9C,1930,PIBA,L,11.2,NA,NA
JS,9C,1931,PIBA,L,7.1,NA,NA
JS,9B,1932,PIBA,L,13,NA,NA
JS,9B,1933,PIBA,L,5.1,NA,NA
JS,9B,1934,PIBA,L,6.6,NA,NA
JS,9B,1935,PIBA,L,7.6,NA,NA
JS,9B,1936,PIBA,L,6.3,NA,NA
JS,9A,1938,PIBA,L,6.1,6.8,31
JS,9A,1939,PIBA,L,12.7,NA,NA
JS,9A,1940,PIBA,L,8.1,NA,NA
JS,9A,1941,PIBA,L,8.4,NA,NA
LF,0A,1566,PIBA,L,14.5,NA,NA
LF,0A,1567,PIBA,L,14,12.8,74
LF,0A,1568,PIBA,L,15.7,NA,NA
LF,0A,1569,PIBA,L,11.7,NA,NA
LF,0B,1570,PIBA,L,11.7,NA,NA
LF,0B,1571,PIBA,L,11.7,NA,NA
LF,0B,1573,PIBA,L,13,NA,NA
LF,0B,1574,PIBA,D,7.4,NA,NA
LF,0B,1575,PIBA,L,11.9,NA,NA
LF,0B,1576,PIBA,L,13.7,NA,NA
LF,0B,1572,PIBA,L,15.7,NA,NA
LF,0C,1577,PIBA,L,9.1,NA,NA
LF,0C,1578,PIBA,L,17,NA,NA
LF,0C,1580,PIBA,L,11.9,NA,NA
LF,0C,1579,PIBA,L,15.5,NA,NA
LF,0D,1581,PIBA,L,12.7,NA,NA
LF,0D,1583,PIBA,L,13.5,NA,NA
LF,0D,1582,PIBA,L,7.6,NA,NA
LF,0E,1584,PIBA,L,3,NA,NA
LF,0E,1585,PIBA,L,10.4,NA,NA
LF,0E,1586,PIBA,L,12.7,NA,NA
LF,0F,1587,PIBA,L,16.3,NA,NA
LF,0F,1588,PIBA,L,18.5,NA,NA
LF,0F,1589,PIBA,L,13.5,NA,NA
LF,0G,1590,PIBA,D,12.2,NA,NA
LF,0G,1591,PIBA,L,5.3,5.3,53
LF,0G,1592,PIBA,L,16,NA,NA
LF,0G,1593,PIBA,D,11.2,NA,NA
LF,0H,1594,PIBA,D,7.9,NA,NA
LF,0H,1595,PIBA,L,10.2,NA,NA
LF,0H,1596,PIBA,L,14.7,NA,NA
LF,0I,1747,PIBA,L,12.4,NA,NA
LF,0I,1787,PIBA,L,18.3,NA,NA
LF,0I,1749,PIBA,L,5.1,10,54
LF,0I,1750,PIBA,L,11.9,NA,NA
LF,0I,1751,PIBA,L,10.2,NA,NA
LF,0I,1745,PIBA,D,12.2,NA,NA
LF,0I,1746,PIBA,L,10.7,NA,NA
LF,0J,1744,PIBA,L,14,NA,NA
LF,1J,1760,PIBA,D,7.9,NA,NA
LF,1J,1759,PIBA,D,13.7,NA,NA
LF,1J,1758,PIBA,L,7.6,NA,NA
LF,1I,1757,PIBA,L,12.4,NA,NA
LF,1I,1755,PIBA,L,6.9,NA,NA
LF,1I,1756,PIBA,L,11.2,NA,NA
LF,1I,1754,PIBA,L,12.4,NA,NA
LF,1I,1753,PIBA,L,7.4,NA,NA
LF,1I,1752,PIBA,L,16.8,NA,NA
LF,1H,1597,PIBA,D,6.1,NA,NA
LF,1H,1598,PIBA,L,12.7,NA,NA
LF,1H,1599,PIBA,L,10.4,NA,NA
LF,1H,1600,PIBA,L,13.2,NA,NA
LF,1H,1601,PIBA,L,10.2,NA,NA
LF,1H,1602,PIBA,L,10.9,NA,NA
LF,1H,1603,PIBA,L,12.2,NA,NA
LF,1H,1604,PIBA,L,10.4,NA,NA
LF,1H,1605,PIBA,L,4.3,NA,NA
LF,1H,1610,PIBA,D,10.2,NA,NA
LF,1G,1612,PIBA,L,6.1,NA,NA
LF,1G,1611,PIBA,D,4.1,NA,NA
LF,1F,1614,PIBA,L,6.6,NA,NA
LF,1F,1613,PIBA,L,10.9,NA,NA
LF,1F,1616,PIBA,L,15,NA,NA
LF,1F,1615,PIBA,L,17.8,NA,NA
LF,1E,1617,PIBA,L,14.7,NA,NA
LF,1E,1618,PIBA,L,13,NA,NA
LF,1E,1619,PIBA,L,5.6,NA,NA
LF,1D,1607,PIBA,L,12.2,NA,NA
LF,1D,1606,PIBA,L,8.1,NA,NA
LF,1D,1608,PIBA,L,17,NA,NA
LF,1D,1609,PIBA,L,12.4,NA,NA
LF,1D,1620,PIBA,L,10.2,NA,NA
LF,1D,1621,PIBA,L,7.4,NA,NA
LF,1C,1622,PIBA,L,8.9,NA,NA
LF,1C,1623,PIBA,L,7.4,NA,NA
LF,1C,1625,PIBA,L,8.9,NA,NA
LF,1C,1626,PIBA,L,14.7,NA,NA
LF,1C,1624,PIBA,L,14.5,NA,NA
LF,1B,1628,PIBA,L,14.2,NA,NA
LF,1B,1629,PIBA,L,13.7,NA,NA
LF,1B,1630,PIBA,L,13.2,NA,NA
LF,1B,1627,PIBA,L,18,NA,NA
LF,1B,1631,PIBA,L,8.9,11.5,60
LF,1B,1632,PIBA,L,7.6,NA,NA
LF,1A,1633,PIBA,L,11.9,13.8,64
LF,1A,1634,PIBA,L,4.8,NA,NA
LF,1A,1637,PIBA,L,9.1,NA,NA
LF,1A,1635,PIBA,L,11.2,NA,NA
LF,1A,1636,PIBA,L,11.2,NA,NA
LF,1A,1638,PIBA,L,14.7,NA,NA
LF,1A,1637,PIBA,L,8.9,NA,NA
LF,1A,1639,PIBA,L,6.6,NA,NA
LF,1A,1640,PIBA,L,10.4,NA,NA
LF,1A,1775,PIBA,L,13,NA,NA
LF,2A,1641,PIBA,L,11.9,NA,NA
LF,2A,1642,PIBA,D,7.1,NA,NA
LF,2A,1643,PIBA,L,7.6,NA,NA
LF,2B,1644,PIBA,L,7.4,NA,NA
LF,2B,1647,PIBA,L,10.4,NA,NA
LF,2B,1648,PIBA,D,3.6,NA,NA
LF,2B,1649,PIBA,L,16.3,NA,NA
LF,2B,1650,PIBA,L,4.6,NA,NA
LF,2B,1651,PIBA,L,9.9,NA,NA
LF,2B,1652,PIBA,L,14.7,NA,NA
LF,2B,1653,PIBA,L,9.4,NA,NA
LF,2B,1646,PIBA,L,9.7,NA,NA
LF,2B,1645,PIBA,D,4.1,NA,NA
LF,2B,1654,PIBA,L,19.6,NA,NA
LF,2C,1665,PIBA,L,6.6,NA,NA
LF,2C,1666,PIBA,L,10.2,NA,NA
LF,2D,1667,PIBA,L,17.8,NA,NA
LF,2D,1668,PIBA,L,15.5,NA,NA
LF,2D,1669,PIBA,L,14,NA,NA
LF,2D,1660,PIBA,L,10.7,NA,NA
LF,2E,1661,PIBA,L,15.5,NA,NA
LF,2E,1663,PIBA,L,12.7,NA,NA
LF,2E,1664,PIBA,L,9.1,NA,NA
LF,2E,1662,PIBA,L,19,NA,NA
LF,2E,1670,PIBA,L,5.3,NA,NA
LF,2E,1671,PIBA,L,12.2,NA,NA
LF,2F,1672,PIBA,L,17.3,NA,NA
LF,2F,1673,PIBA,L,16,NA,NA
LF,2F,1674,PIBA,L,11.7,NA,NA
LF,2G,1675,PIBA,L,8.1,NA,NA
LF,2G,1676,PIBA,L,10.2,12.7,70
LF,2G,1677,PIBA,L,8.6,NA,NA
LF,2G,1678,PIBA,L,11.2,NA,NA
LF,2H,1679,PIBA,L,15.5,NA,NA
LF,2H,1681,PIBA,L,6.9,NA,NA
LF,2H,1680,PIBA,L,12.4,NA,NA
LF,2H,1682,PIBA,L,10.9,NA,NA
LF,2H,1683,PIBA,L,16.5,NA,NA
LF,2H,1684,PIBA,L,8.4,NA,NA
LF,2I,1685,PIBA,D,11.7,NA,NA
LF,2I,1686,PIBA,L,13.7,NA,NA
LF,2I,1687,PIBA,L,6.3,NA,NA
LF,2I,1688,PIBA,L,12.2,NA,NA
LF,2I,1689,PIBA,L,13.2,NA,NA
LF,2I,1691,PIBA,D,4.6,NA,NA
LF,2I,1690,PIBA,L,17.8,NA,NA
LF,2I,1692,PIBA,L,9.1,NA,NA
LF,2J,1693,PIBA,L,15.2,NA,NA
LF,2J,1694,PIBA,L,7.4,NA,NA
LF,2J,1695,PIBA,L,14,NA,NA
LF,2J,1696,PIBA,L,14.5,NA,NA
LF,3J,1697,PIBA,L,9.9,NA,NA
LF,3J,1700,PIBA,L,13.5,NA,NA
LF,3J,1699,PIBA,L,15.7,NA,NA
LF,3J,1698,PIBA,L,14.5,NA,NA
LF,3J,1790,PIBA,L,9.7,NA,NA
LF,3I,1701,PIBA,L,13.5,14.7,67
LF,3I,1702,PIBA,L,9.9,NA,NA
LF,3I,1703,PIBA,L,8.4,NA,NA
LF,3H,1710,PIBA,L,16,NA,NA
LF,3H,1709,PIBA,L,9.7,NA,NA
LF,3H,1706,PIBA,L,10.2,NA,NA
LF,3H,1704,PIBA,L,8.4,NA,NA
LF,3H,1705,PIBA,L,9.1,NA,NA
LF,3H,1708,PIBA,L,5.6,NA,NA
LF,3H,1707,PIBA,L,12.2,NA,NA
LF,3G,1711,PIBA,L,9.1,NA,NA
LF,3F,1713,PIBA,L,14.7,NA,NA
LF,3F,1714,PIBA,L,14,14.5,73
LF,3F,1715,PIBA,L,14.7,NA,NA
LF,3F,1716,PIBA,L,9.7,NA,NA
LF,3F,1717,PIBA,L,15.2,NA,NA
LF,3F,1719,PIBA,D,4.8,NA,NA
LF,3F,1718,PIBA,L,13.2,NA,NA
LF,3F,1720,PIBA,L,15.7,NA,NA
LF,3F,1712,PIBA,L,10.2,NA,NA
LF,3E,1722,PIBA,L,10.7,NA,NA
LF,3E,1723,PIBA,L,13.2,NA,NA
LF,3E,1724,PIBA,L,15.2,15.6,78
LF,3E,1725,PIBA,L,16.5,NA,NA
LF,3E,1726,PIBA,L,16.8,NA,NA
LF,3D,1727,PIBA,L,16.5,NA,NA
LF,3D,1728,PIBA,L,13,NA,NA
LF,3C,1729,PIBA,L,8.9,NA,NA
LF,3C,1730,PIBA,L,17.8,NA,NA
LF,3C,1731,PIBA,L,16,NA,NA
LF,3C,1732,PIBA,L,18.3,NA,NA
LF,3B,1734,PIBA,L,11.4,NA,NA
LF,3B,1733,PIBA,L,7.4,NA,NA
LF,3B,1736,PIBA,L,6.9,NA,NA
LF,3B,1735,PIBA,L,6.3,NA,NA
LF,3B,1776,PIBA,L,8.4,NA,NA
LF,3A,1739,PIBA,L,12.7,NA,NA
LF,3A,1740,PIBA,L,8.4,NA,NA
LF,3A,1741,PIBA,D,8.4,NA,NA
LF,3A,1738,PIBA,L,15.7,17,74
LF,3A,1737,PIBA,L,13.5,NA,NA
LF,3A,1742,PIBA,L,12.7,NA,NA
LF,3A,1743,PIBA,L,7.6,NA,NA
LF,4J,2309,PIBA,L,11.4,NA,NA
LF,4J,2308,PIBA,L,20.1,NA,NA
LF,4J,2306,PIBA,L,6.3,NA,NA
LF,4J,2307,PIBA,L,6.9,NA,NA
LF,4J,2305,PIBA,L,13.7,NA,NA
LF,4I,2304,PIBA,L,9.7,NA,NA
LF,4I,2310,PIBA,L,11.4,NA,NA
LF,4I,2311,PIBA,L,11.4,NA,NA
LF,4I,2312,PIBA,D,5.6,NA,NA
LF,4I,2313,PIBA,D,4.3,NA,NA
LF,4I,2314,PIBA,L,10.7,NA,NA
LF,4H,2315,PIBA,D,14.5,NA,NA
LF,4H,2316,PIBA,L,10.7,NA,NA
LF,4H,2317,PIBA,L,15,NA,NA
LF,4H,2318,PIBA,D,3.3,NA,NA
LF,4G,2319,PIBA,L,19.6,NA,NA
LF,4G,2321,PIBA,L,7.9,NA,NA
LF,4G,2320,PIBA,L,3.8,NA,NA
LF,4G,2322,PIBA,L,9.1,NA,NA
LF,4F,2325,PIBA,L,8.6,NA,NA
LF,4F,2327,PIBA,L,15.7,NA,NA
LF,4F,2326,PIBA,L,16.8,NA,NA
LF,4F,2324,PIBA,L,15.5,NA,NA
LF,4F,2325,PIBA,D,9.4,NA,NA
LF,4F,2328,PIBA,L,13.5,NA,NA
LF,4F,2329,PIBA,L,7.1,NA,NA
LF,4E,2330,PIBA,D,6.1,NA,NA
LF,4D,2331,PIBA,L,10.9,NA,NA
LF,4C,2336,PIBA,L,12.4,12.8,49
LF,4C,2337,PIBA,L,12.4,NA,NA
LF,4C,2334,PIBA,L,15,NA,NA
LF,4C,2335,PIBA,L,16,NA,NA
LF,4C,2332,PIBA,L,7.6,NA,NA
LF,4C,2333,PIBA,L,9.9,NA,NA
LF,4C,2338,PIBA,L,8.4,NA,NA
LF,4C,2339,PIBA,L,15,NA,NA
LF,4C,2340,PIBA,L,14,NA,NA
LF,4C,2337,PIBA,L,12.4,NA,NA
LF,4C,2341,PIBA,L,16.5,NA,NA
LF,4B,2345,PIBA,D,6.3,NA,NA
LF,4B,2344,PIBA,L,17.3,NA,NA
LF,4B,2349,PIBA,D,3.6,NA,NA
LF,4B,2350,PIBA,L,7.1,NA,NA
LF,4B,2348,PIBA,L,11.4,NA,NA
LF,4B,2347,PIBA,L,7.1,NA,NA
LF,4B,2346,PIBA,L,8.1,NA,NA
LF,4B,2351,PIBA,L,14.5,NA,NA
LF,4A,2352,PIBA,L,8.6,NA,NA
LF,4A,2353,PIBA,L,13.5,NA,NA
LF,4A,2354,PIBA,L,13.2,NA,NA
LF,4A,2357,PIBA,L,9.7,NA,NA
LF,4A,2356,PIBA,L,11.4,NA,NA
LF,4A,2355,PIBA,L,9.9,NA,NA
LF,5A,2358,PIBA,L,10.4,NA,NA
LF,5B,2359,PIBA,L,13.2,NA,NA
LF,5B,2360,PIBA,L,5.8,NA,NA
LF,5B,2361,PIBA,L,14.7,NA,NA
LF,5B,2362,PIBA,L,18.8,NA,NA
LF,5B,2342,PIBA,D,15.2,NA,NA
LF,5C,2363,PIBA,D,7.4,NA,NA
LF,5C,2364,PIBA,D,6.1,NA,NA
LF,5D,2365,PIBA,D,10.9,NA,NA
LF,5E,2366,PIBA,L,14.2,NA,NA
LF,5E,2368,PIBA,D,5.6,NA,NA
LF,5E,2367,PIBA,L,15.5,NA,NA
LF,5E,2370,PIBA,L,5.8,NA,NA
LF,5E,2371,PIBA,D,7.9,NA,NA
LF,5E,2369,PIBA,L,15.7,NA,NA
LF,5F,2372,PIBA,L,14,NA,NA
LF,5F,2373,PIBA,D,17,NA,NA
LF,5F,2374,PIBA,D,7.4,NA,NA
LF,5F,2375,PIBA,L,13,NA,NA
LF,5F,2376,PIBA,L,19.6,NA,NA
LF,5F,2377,PIBA,L,13,NA,NA
LF,5F,2378,PIBA,L,20.1,NA,NA
LF,5G,2380,PIBA,L,12.7,NA,NA
LF,5G,2381,PIBA,L,8.4,NA,NA
LF,5G,2379,PIBA,D,10.2,NA,NA
LF,5G,2382,PIBA,D,7.6,NA,NA
LF,5G,2383,PIBA,L,10.4,NA,NA
LF,5G,2384,PIBA,L,19,NA,NA
LF,5H,2386,PIBA,L,18,NA,NA
LF,5I,2390,PIBA,D,9.9,NA,NA
LF,5I,2389,PIBA,L,13,NA,NA
LF,5I,2387,PIBA,L,17,NA,NA
LF,5I,2385,PIBA,L,9.9,NA,NA
LF,5I,2388,PIBA,L,9.4,NA,NA
LF,5J,2391,PIBA,L,13.7,NA,NA
LF,5J,2393,PIBA,L,11.7,NA,NA
LF,5J,2394,PIBA,L,15,NA,NA
LF,6J,2395,PIBA,L,9.7,NA,NA
LF,6J,2398,PIBA,D,5.1,NA,NA
LF,6J,2399,PIBA,D,3.3,NA,NA
LF,6J,2396,PIBA,D,7.6,NA,NA
LF,6J,2397,PIBA,L,8.4,NA,NA
LF,6J,2400,PIBA,L,19.3,NA,NA
LF,6J,2401,PIBA,L,12.7,NA,NA
LF,6J,2402,PIBA,D,6.6,NA,NA
LF,6I,2403,PIBA,L,6.3,NA,NA
LF,6I,2404,PIBA,L,11.9,12.7,72
LF,6I,2405,PIBA,L,8.4,NA,NA
LF,6I,2406,PIBA,L,6.9,NA,NA
LF,6I,2407,PIBA,L,13.7,NA,NA
LF,6I,2408,PIBA,L,20.3,14,72
LF,6H,2410,PIBA,L,8.9,NA,NA
LF,6H,2411,PIBA,L,11.7,NA,NA
LF,6H,2412,PIBA,L,10.2,NA,NA
LF,6H,2409,PIBA,L,12.2,NA,NA
LF,6G,2413,PIBA,L,15.5,NA,NA
LF,6G,2414,PIBA,L,6.1,NA,NA
LF,6F,2415,PIBA,L,21.8,NA,NA
LF,6F,2416,PIBA,L,9.7,NA,NA
LF,6F,2417,PIBA,D,4.3,NA,NA
LF,6E,2418,PIBA,L,12.7,NA,NA
LF,6E,2419,PIBA,L,10.9,NA,NA
LF,6E,2420,PIBA,L,16.8,NA,NA
LF,6E,2421,PIBA,L,12.2,NA,NA
LF,6E,2422,PIBA,L,12.7,NA,NA
LF,6E,2423,PIBA,L,12.2,NA,NA
LF,6D,2424,PIBA,L,11.2,NA,NA
LF,6D,2426,PIBA,L,16.5,NA,NA
LF,6D,2425,PIBA,D,7.6,NA,NA
LF,6D,2427,PIBA,L,14.7,NA,NA
LF,6D,2428,PIBA,L,9.4,NA,NA
LF,6D,2429,PIBA,D,6.9,NA,NA
LF,6D,2430,PIBA,L,7.9,NA,NA
LF,6C,2431,PIBA,L,15.7,NA,NA
LF,6C,2432,PIBA,L,20.3,NA,NA
LF,6C,2472,PIBA,L,5.3,NA,NA
LF,6C,2435,PIBA,L,18,NA,NA
LF,6C,2436,PIBA,L,8.6,NA,NA
LF,6C,2434,PIBA,L,13.5,NA,NA
LF,6C,2433,PIBA,D,7.4,NA,NA
LF,6C,2438,PIBA,L,11.7,NA,NA
LF,6C,2439,PIBA,D,5.1,NA,NA
LF,6C,2440,PIBA,L,8.1,NA,NA
LF,6C,2437,PIBA,L,7.1,NA,NA
LF,6B,2443,PIBA,D,7.9,NA,NA
LF,6B,2444,PIBA,L,9.4,NA,NA
LF,6B,2442,PIBA,L,10.9,NA,NA
LF,6B,2441,PIBA,D,8.6,NA,NA
LF,6B,2448,PIBA,L,6.1,NA,NA
LF,6B,2446,PIBA,L,13.7,NA,NA
LF,6B,2447,PIBA,L,9.1,11.8,61
LF,6B,2445,PIBA,L,11.4,NA,NA
LF,6A,2450,PIBA,L,12.7,NA,NA
LF,6A,2451,PIBA,L,15.7,NA,NA
LF,6A,2452,PIBA,L,18.5,15.6,82
LF,6A,2449,PIBA,L,6.3,NA,NA
LF,6A,2453,PIBA,L,7.6,NA,NA
LF,6A,2454,PIBA,D,11.4,NA,NA
LF,7A,2455,PIBA,D,10.2,NA,NA
LF,7A,2456,PIBA,L,13,NA,NA
LF,7A,2457,PIBA,L,16.8,NA,NA
LF,7A,2458,PIBA,L,15,NA,NA
LF,7A,2459,PIBA,D,4.1,NA,NA
LF,7B,2460,PIBA,L,13.7,NA,NA
LF,7B,2461,PIBA,L,14.2,NA,NA
LF,7B,2462,PIBA,L,7.4,NA,NA
LF,7B,2463,PIBA,D,16.3,NA,NA
LF,7B,2464,PIBA,L,13.5,13.8,63
LF,7C,2465,PIBA,D,7.6,NA,NA
LF,7C,2474,PIBA,D,6.6,NA,NA
LF,7C,2467,PIBA,L,10.4,NA,NA
LF,7C,2466,PIBA,L,13.2,NA,NA
LF,7C,2471,PIBA,D,5.1,NA,NA
LF,7C,2470,PIBA,D,6.6,NA,NA
LF,7C,2469,PIBA,L,15.5,NA,NA
LF,7C,2468,PIBA,L,13.5,NA,NA
LF,7C,2473,PIBA,L,9.4,NA,NA
LF,7D,2475,PIBA,D,7.6,NA,NA
LF,7D,2476,PIBA,D,7.4,NA,NA
LF,7D,2477,PIBA,L,7.6,NA,NA
LF,7D,2478,PIBA,L,18.3,NA,NA
LF,7D,2479,PIBA,L,6.9,NA,NA
LF,7D,2480,PIBA,L,10.4,NA,NA
LF,7E,2481,PIBA,L,5.3,NA,NA
LF,7E,2482,PIBA,L,12.7,NA,NA
LF,7F,2483,PIBA,L,10.9,NA,NA
LF,7F,2488,PIBA,L,12.4,NA,NA
LF,7F,2484,PIBA,L,17.3,NA,NA
LF,7F,2485,PIBA,L,14,NA,NA
LF,7F,2486,PIBA,D,7.1,NA,NA
LF,7F,2487,PIBA,L,6.9,8.6,73
LF,7F,2489,PIBA,D,5.8,NA,NA
LF,7G,2491,PIBA,L,11.7,NA,NA
LF,7G,2490,PIBA,D,5.1,NA,NA
LF,7G,2493,PIBA,L,16.8,NA,NA
LF,7G,2494,PIBA,L,7.1,NA,NA
LF,7G,2492,PIBA,L,8.4,NA,NA
LF,7G,2495,PIBA,L,14,NA,NA
LF,7G,2496,PIBA,D,15.2,NA,NA
LF,7H,2497,PIBA,D,4.8,NA,NA
LF,7H,2498,PIBA,L,15,NA,NA
LF,7H,2499,PIBA,L,12.2,NA,NA
LF,7I,2500,PIBA,L,17.3,NA,NA
LF,7I,2501,PIBA,L,13,NA,NA
LF,7I,2502,PIBA,L,12.7,NA,NA
LF,7J,2503,PIBA,D,8.6,NA,NA
LF,7J,2504,PIBA,L,11.7,NA,NA
LF,7J,2505,PIBA,L,9.7,NA,NA
LF,7J,2506,PIBA,L,13.2,NA,NA
LF,7J,2507,PIBA,L,15,NA,NA
LF,8J,2508,PIBA,L,16.5,16,70
LF,8J,2509,PIBA,L,11.7,NA,NA
LF,8J,2510,PIBA,L,12.2,NA,NA
LF,8I,2511,PIBA,D,6.3,NA,NA
LF,8I,2580,PIBA,L,6.1,NA,NA
LF,8G,2521,PIBA,L,23.6,NA,NA
LF,8F,2513,PIBA,L,14.2,NA,NA
LF,8F,2514,PIBA,D,13,NA,NA
LF,8F,2515,PIBA,L,13.2,NA,NA
LF,8F,2516,PIBA,L,11.2,NA,NA
LF,8F,2517,PIBA,L,11.4,NA,NA
LF,8F,2518,PIBA,L,14,NA,NA
LF,8F,2519,PIBA,L,12.4,NA,NA
LF,8F,2520,PIBA,L,15.7,NA,NA
LF,8F,2521,PIBA,L,16.3,NA,NA
LF,8F,2522,PIBA,L,18.3,NA,NA
LF,8E,2525,PIBA,L,5.1,NA,NA
LF,8E,2526,PIBA,D,8.1,NA,NA
LF,8E,2523,PIBA,L,8.9,11.8,65
LF,8E,2524,PIBA,L,8.4,NA,NA
LF,8E,2528,PIBA,L,13.5,NA,NA
LF,8E,2527,PIBA,L,13.7,NA,NA
LF,8D,2529,PIBA,L,14,NA,NA
LF,8D,2530,PIBA,L,8.1,NA,NA
LF,8D,2531,PIBA,L,10.4,NA,NA
LF,8D,2532,PIBA,L,12.7,NA,NA
LF,8C,2539,PIBA,L,13.5,NA,NA
LF,8C,2536,PIBA,L,10.4,NA,NA
LF,8C,2535,PIBA,L,10.7,NA,NA
LF,8C,2534,PIBA,L,10.2,NA,NA
LF,8C,2533,PIBA,L,13,13.8,72
LF,8C,2537,PIBA,L,4.3,NA,NA
LF,8C,2538,PIBA,L,14.5,NA,NA
LF,8C,2549,PIBA,D,10.7,NA,NA
LF,8C,2541,PIBA,D,4.3,NA,NA
LF,8C,2540,PIBA,L,11.9,NA,NA
LF,8C,2542,PIBA,L,9.9,NA,NA
LF,8B,2543,PIBA,L,15.5,NA,NA
LF,8B,2544,PIBA,D,7.6,NA,NA
LF,8B,2546,PIBA,D,5.1,NA,NA
LF,8B,2547,PIBA,D,7.6,NA,NA
LF,8B,2584,PIBA,D,4.8,NA,NA
LF,8B,2550,PIBA,D,6.9,NA,NA
LF,8B,2545,PIBA,L,10.4,NA,NA
LF,8A,2551,PIBA,D,3.6,NA,NA
LF,8A,2552,PIBA,D,4.6,NA,NA
LF,8A,2553,PIBA,D,4.3,NA,NA
LF,8A,2554,PIBA,L,5.1,NA,NA
LF,8A,2555,PIBA,L,8.9,NA,NA
LF,8A,2556,PIBA,L,10.7,NA,NA
LF,8A,2559,PIBA,D,5.6,NA,NA
LF,8A,2558,PIBA,D,5.6,NA,NA
LF,9A,2561,PIBA,L,10.4,12.2,67
LF,9A,2560,PIBA,L,13.2,NA,NA
LF,9A,2564,PIBA,D,3.6,NA,NA
LF,9A,2562,PIBA,L,11.7,NA,NA
LF,9A,2566,PIBA,L,9.1,NA,NA
LF,9A,2563,PIBA,L,16.8,NA,NA
LF,9A,2565,PIBA,D,3,NA,NA
LF,9B,2567,PIBA,L,14.7,NA,NA
LF,9C,2568,PIBA,L,10.7,NA,NA
LF,9C,2569,PIBA,L,6.1,NA,NA
LF,9C,2570,PIBA,D,7.6,NA,NA
LF,9C,2571,PIBA,L,15.5,NA,NA
LF,9C,2572,PIBA,L,11.7,11.8,74
LF,9C,2573,PIBA,D,4.8,NA,NA
LF,9C,2574,PIBA,L,7.9,NA,NA
LF,9D,2575,PIBA,L,13.7,NA,NA
LF,9D,2576,PIBA,L,10.4,NA,NA
LF,9D,2577,PIBA,L,10.2,NA,NA
LF,9D,2578,PIBA,D,5.6,NA,NA
LF,9D,2579,PIBA,L,9.4,NA,NA
LF,9D,2581,PIBA,D,4.8,NA,NA
LF,9E,2582,PIBA,L,10.9,NA,NA
LF,9E,2583,PIBA,L,12.2,NA,NA
LF,9E,2584,PIBA,L,11.4,NA,NA
LF,9E,2585,PIBA,L,7.9,NA,NA
LF,9E,2586,PIBA,L,15.2,NA,NA
LF,9E,2587,PIBA,L,8.9,NA,NA
LF,9E,2589,PIBA,L,10.9,NA,NA
LF,9F,2594,PIBA,L,8.9,NA,NA
LF,9F,2595,PIBA,L,11.7,NA,NA
LF,9F,2588,PIBA,L,8.9,NA,NA
LF,9F,2591,PIBA,D,6.3,NA,NA
LF,9F,2592,PIBA,L,13,NA,NA
LF,9F,2593,PIBA,L,12.2,NA,NA
LF,9G,2596,PIBA,L,18.3,NA,NA
LF,9G,2597,PIBA,L,21.3,NA,NA
LF,9I,2598,PIBA,L,16.3,NA,NA
LF,9I,2599,PIBA,L,18,NA,NA
LF,9I,2601,PIBA,L,18.3,NA,NA
LF,9I,2602,PIBA,L,15.2,NA,NA
LF,9J,2603,PIBA,L,8.6,NA,NA
LF,9J,2604,PIBA,L,14,NA,NA
LF,9J,2605,PIBA,L,14,NA,NA
LF,9J,2600,PIBA,L,9.7,NA,NA
BP,0B,132,PIBA,L,12.4,NA,NA
BP,0B,133,PIBA,L,13.2,NA,NA
BP,0B,134,PIBA,L,14,NA,NA
BP,0B,131,PIBA,L,14,NA,NA
BP,0A,126,PIBA,L,12.2,NA,NA
BP,0A,129,PIBA,L,12.2,NA,NA
BP,0A,127,PIBA,L,7.6,NA,NA
BP,0A,128,PIBA,L,10.9,NA,NA
BP,0A,130,PIBA,L,17,NA,NA
BP,0C,135,PIMA,L,4.1,NA,NA
BP,0C,136,PIBA,L,12.2,NA,NA
BP,0C,137,PIBA,L,9.1,NA,NA
BP,0C,138,PIBA,L,17.5,NA,NA
BP,0D,139,PIBA,L,14.7,NA,NA
BP,0D,140,PIBA,L,13.7,NA,NA
BP,0D,141,PIBA,L,11.9,NA,NA
BP,0E,142,PIBA,L,13.5,NA,NA
BP,0E,144,PIBA,L,12.7,NA,NA
BP,0E,145,PIBA,L,9.7,NA,NA
BP,0E,143,PIBA,L,17.8,NA,NA
BP,0E,147,PIBA,L,15.7,NA,NA
BP,0E,148,PIBA,L,3.8,NA,NA
BP,0E,149,PIBA,L,15.5,NA,NA
BP,0F,151,PIBA,L,15.7,NA,NA
BP,0F,150,PIBA,L,17.3,NA,NA
BP,0F,152,PIBA,L,6.6,NA,NA
BP,0F,153,PIBA,L,14.5,NA,NA
BP,0G,154,PIBA,L,14.5,NA,NA
BP,0G,155,PIBA,L,12.4,NA,NA
BP,0G,159,PIBA,L,13,NA,NA
BP,0G,158,PIBA,L,15.5,NA,NA
BP,0G,160,PIBA,D,4.3,NA,NA
BP,0G,161,PIBA,L,9.1,NA,NA
BP,0G,157,PIBA,L,8.9,10.4,30
BP,0G,162,PIBA,L,6.9,NA,NA
BP,0H,167,PIBA,L,16.3,NA,NA
BP,0H,163,PIBA,L,12.2,NA,NA
BP,0H,164,PIBA,L,11.7,NA,NA
BP,0H,165,PIBA,L,15,14.4,37
BP,0H,168,PIBA,D,5.1,NA,NA
BP,0H,171,PIBA,L,10.2,13.6,34
BP,0H,169,PIBA,L,8.6,NA,NA
BP,0H,170,PIBA,L,10.4,NA,NA
BP,0H,172,PIBA,L,12.4,NA,NA
BP,0I,173,PIBA,L,9.1,NA,NA
BP,0I,174,PIBA,L,11.2,NA,NA
BP,0I,175,PIBA,L,16.3,NA,NA
BP,0J,176,PIBA,D,8.1,NA,NA
BP,0J,177,PIBA,L,15,NA,NA
BP,0J,178,PIBA,L,4.1,NA,NA
BP,1J,179,PIBA,L,7.9,NA,NA
BP,1J,180,PIBA,L,11.2,NA,NA
BP,1J,181,PIBA,L,15.5,NA,NA
BP,1J,182,PIBA,L,13.5,NA,NA
BP,1I,183,PIBA,D,9.7,NA,NA
BP,1I,184,PIBA,L,11.9,NA,NA
BP,1I,188,PIMA,L,4.3,NA,NA
BP,1I,189,PIBA,L,13,NA,NA
BP,1I,187,PIBA,L,11.4,NA,NA
BP,1I,186,PIBA,L,9.1,NA,NA
BP,1I,185,PIBA,L,12.4,NA,NA
BP,1H,190,PIBA,L,11.4,NA,NA
BP,1H,191,PIBA,L,16,NA,NA
BP,1H,193,PIBA,L,16.3,NA,NA
BP,1G,194,PIBA,L,2.5,NA,NA
BP,1F,196,PIBA,D,11.2,NA,NA
BP,1F,198,PIBA,L,6.9,NA,NA
BP,1F,195,PIBA,D,6.1,NA,NA
BP,1F,199,PIBA,L,9.7,NA,NA
BP,1E,200,PIBA,D,8.9,NA,NA
BP,1E,201,PIBA,D,5.8,NA,NA
BP,1E,202,PIBA,L,15,NA,NA
BP,1E,203,PIBA,L,7.9,NA,NA
BP,1E,206,PIBA,L,13.5,NA,NA
BP,1E,204,PIBA,D,10.2,NA,NA
BP,1E,207,PIBA,L,15.5,13.8,38
BP,1D,208,PIBA,L,8.9,NA,NA
BP,1D,209,PIBA,L,11.4,NA,NA
BP,1D,210,PIBA,L,8.9,NA,NA
BP,1D,211,PIBA,L,4.3,NA,NA
BP,1D,212,PIBA,L,12.4,NA,NA
BP,1D,213,PIBA,L,12.2,NA,NA
BP,1D,214,PIBA,D,8.9,NA,NA
BP,1D,215,PIBA,L,11.7,NA,NA
BP,1C,217,PIBA,L,14.2,NA,NA
BP,1C,229,PIBA,D,8.6,NA,NA
BP,1C,216,PIBA,D,8.9,NA,NA
BP,1C,228,PIBA,L,13.7,NA,NA
BP,1B,226,PIBA,L,8.4,NA,NA
BP,1B,227,PIBA,L,13,NA,NA
BP,1B,179,PIBA,L,6.1,NA,NA
BP,1B,224,PIBA,L,18.5,NA,NA
BP,1A,223,PIBA,L,5.3,NA,NA
BP,1A,222,PIBA,L,9.9,NA,NA
BP,1A,219,PIBA,D,10.9,NA,NA
BP,1A,166,PIBA,L,7.1,NA,NA
BP,1A,225,PIBA,D,10.7,NA,NA
BP,1A,221,PIBA,L,14.5,NA,NA
BP,2A,218,PIBA,D,3.6,NA,NA
BP,2A,230,PIBA,L,8.4,NA,NA
BP,2A,231,PIBA,L,10.7,NA,NA
BP,2A,232,PIBA,D,3.8,NA,NA
BP,2A,233,PIBA,D,5.1,NA,NA
BP,2A,234,PIBA,L,6.1,10.8,33
BP,2A,235,PIBA,L,4.3,NA,NA
BP,2A,236,PIBA,L,14.2,NA,NA
BP,2A,237,PIBA,L,6.6,NA,NA
BP,2A,238,PIBA,D,10.2,NA,NA
BP,2A,239,PIMA,L,10.9,NA,NA
BP,2A,241,PIMA,L,6.9,8.2,35
BP,2A,240,PIBA,L,10.2,NA,NA
BP,2B,246,PIBA,L,4.8,NA,NA
BP,2B,245,PIBA,L,13.2,NA,NA
BP,2B,244,PIBA,L,5.1,NA,NA
BP,2B,242,PIBA,L,15.5,NA,NA
BP,2B,243,PIBA,L,12.7,NA,NA
BP,2B,248,PIBA,L,12.4,NA,NA
BP,2B,249,PIBA,L,8.6,NA,NA
BP,2C,250,PIBA,L,11.7,NA,NA
BP,2C,257,PIBA,L,6.3,NA,NA
BP,2C,256,PIBA,L,12.7,NA,NA
BP,2C,255,PIBA,L,12.2,NA,NA
BP,2C,258,PIBA,D,4.6,NA,NA
BP,2C,259,PIBA,L,4.3,NA,NA
BP,2C,254,PIBA,L,8.9,NA,NA
BP,2C,253,PIBA,L,13.2,NA,NA
BP,2C,252,PIBA,L,13,NA,NA
BP,2C,251,PIBA,L,13,NA,NA
BP,2D,260,PIBA,L,12.7,NA,NA
BP,2D,263,PIBA,L,3.3,NA,NA
BP,2D,264,PIBA,L,9.4,NA,NA
BP,2D,262,PIBA,L,14.5,NA,NA
BP,2D,261,PIBA,L,14,NA,NA
BP,2D,265,PIBA,L,12.7,NA,NA
BP,2E,268,PIBA,L,4.6,NA,NA
BP,2E,267,PIBA,L,17.8,NA,NA
BP,2E,266,PIBA,L,11.7,NA,NA
BP,2E,205,PIBA,D,3.8,NA,NA
BP,2E,269,PIBA,L,14.2,NA,NA
BP,2E,268,PIBA,D,4.6,NA,NA
BP,2E,267,PIBA,L,17.3,NA,NA
BP,2E,266,PIBA,D,11.9,NA,NA
BP,2E,270,PIBA,L,10.9,NA,NA
BP,2E,273,PIMA,L,3,NA,NA
BP,2E,272,PIBA,D,5.1,NA,NA
BP,2E,271,PIBA,L,16,NA,NA
BP,2E,274,PIBA,L,16.3,NA,NA
BP,2F,275,PIBA,D,4.3,NA,NA
BP,2H,276,PIBA,L,15.2,NA,NA
BP,2H,277,PIBA,L,9.4,NA,NA
BP,2H,278,PIBA,L,16.5,NA,NA
BP,2H,280,PIBA,L,10.4,NA,NA
BP,2H,281,PIBA,L,12.7,NA,NA
BP,2I,282,PIBA,L,11.4,NA,NA
BP,2I,283,PIBA,L,5.3,NA,NA
BP,2I,284,PIBA,L,10.4,NA,NA
BP,2I,285,PIBA,L,13,NA,NA
BP,2I,287,PIBA,L,10.9,NA,NA
BP,2I,286,PIBA,L,10.2,NA,NA
BP,2I,290,PIBA,L,12.7,13,38
BP,2I,289,PIBA,L,6.9,NA,NA
BP,2I,288,PIBA,L,13.2,NA,NA
BP,2J,291,PIBA,L,15.7,NA,NA
BP,3J,292,PIBA,L,8.6,NA,NA
BP,3J,293,PIBA,L,10.7,NA,NA
BP,3I,295,PIBA,L,17.8,NA,NA
BP,3I,296,PIBA,L,9.1,NA,NA
BP,3I,298,PIBA,L,14,NA,NA
BP,3I,297,PIBA,L,3.8,NA,NA
BP,3H,299,PIBA,D,7.6,NA,NA
BP,3H,300,PIBA,D,3.6,NA,NA
BP,3H,303,PIBA,L,16.8,NA,NA
BP,3H,302,PIBA,L,10.2,NA,NA
BP,3H,304,PIBA,L,9.1,NA,NA
BP,3G,305,PIBA,L,8.1,NA,NA
BP,3G,306,PIBA,L,10.2,NA,NA
BP,3G,307,PIBA,L,11.4,NA,NA
BP,3G,308,PIBA,L,18.3,NA,NA
BP,3F,309,PIBA,L,15,NA,NA
BP,3F,310,PIBA,D,6.6,NA,NA
BP,3F,311,PIBA,L,5.6,NA,NA
BP,3F,312,PIBA,L,10.9,NA,NA
BP,3E,313,PIBA,L,11.2,NA,NA
BP,3E,314,PIBA,L,5.8,NA,NA
BP,3E,315,PIBA,L,16.3,NA,NA
BP,3E,316,PIBA,L,6.9,NA,NA
BP,3E,317,PIBA,L,16.3,NA,NA
BP,3E,318,PIBA,D,6.9,NA,NA
BP,3D,321,PIBA,L,16.5,NA,NA
BP,3D,320,PIBA,L,11.4,NA,NA
BP,3C,324,PIBA,L,10.9,NA,NA
BP,3C,325,PIBA,L,15.2,NA,NA
BP,3C,326,PIBA,L,14,14.6,38
BP,3C,327,PIBA,L,9.1,NA,NA
BP,3C,323,PIBA,D,6.9,NA,NA
BP,3C,322,PIBA,D,10.2,NA,NA
BP,3B,329,PIBA,L,11.9,NA,NA
BP,3B,330,PIBA,L,6.9,NA,NA
BP,3B,332,PIBA,L,9.4,NA,NA
BP,3B,333,PIBA,L,8.9,NA,NA
BP,3B,334,PIBA,L,9.1,NA,NA
BP,3B,331,PIBA,D,3.6,NA,NA
BP,3A,220,PIBA,L,14.7,NA,NA
BP,3A,335,PIBA,L,15.2,NA,NA
BP,3A,336,PIBA,L,7.4,NA,NA
BP,3A,337,PIBA,L,9.1,NA,NA
BP,3A,338,PIBA,L,8.1,NA,NA
BP,3A,339,PIBA,D,6.6,NA,NA
BP,3A,340,PIBA,D,5.3,NA,NA
BP,3A,341,PIBA,D,5.6,NA,NA
BP,3A,342,PIBA,L,5.6,9.3,29
BP,3A,344,PIBA,D,6.1,NA,NA
BP,3A,343,PIBA,L,12.2,NA,NA
BP,3A,345,PIBA,D,4.1,NA,NA
BP,4A,348,PIMA,L,3.8,NA,NA
BP,4A,346,PIBA,L,13,NA,NA
BP,4A,347,PIBA,L,8.9,NA,NA
BP,4A,373,PIBA,L,4.8,8.5,29
BP,4A,374,PIBA,D,3,NA,NA
BP,4A,372,PIBA,L,6.6,NA,NA
BP,4A,375,PIBA,L,5.3,NA,NA
BP,4A,376,PIBA,L,5.8,NA,NA
BP,4A,377,PIBA,L,10.4,NA,NA
BP,4A,371,PIBA,D,8.6,NA,NA
BP,4B,378,PIBA,L,9.4,NA,NA
BP,4B,379,PIBA,L,13.7,NA,NA
BP,4B,382,PIBA,D,8.1,NA,NA
BP,4B,380,PIBA,L,13.2,NA,NA
BP,4B,381,PIBA,L,11.4,NA,NA
BP,4B,383,PIBA,D,9.1,NA,NA
BP,4B,384,PIBA,L,6.1,NA,NA
BP,4B,378,PIBA,L,9.4,NA,NA
BP,4C,386,PIBA,L,12.4,NA,NA
BP,4C,387,PIBA,L,14.7,NA,NA
BP,4C,388,PIBA,L,14.7,NA,NA
BP,4C,390,PIBA,L,8.1,NA,NA
BP,4C,389,PIBA,L,5.1,NA,NA
BP,4C,391,PIBA,L,7.6,NA,NA
BP,4D,407,PIBA,L,7.4,NA,NA
BP,4D,393,PIBA,L,3.6,NA,NA
BP,4D,394,PIBA,L,8.9,NA,NA
BP,4D,392,PIBA,L,7.9,NA,NA
BP,4D,396,PIBA,L,13.7,NA,NA
BP,4D,395,PIBA,L,8.9,NA,NA
BP,4D,397,PIBA,L,17,NA,NA
BP,4D,398,PIBA,L,15,NA,NA
BP,4E,400,PIBA,L,7.6,NA,NA
BP,4E,399,PIBA,L,8.9,NA,NA
BP,4E,350,PIBA,L,8.4,NA,NA
BP,4E,349,PIBA,L,15.2,NA,NA
BP,4F,353,PIBA,L,8.6,NA,NA
BP,4F,352,PIBA,D,10.4,NA,NA
BP,4F,351,PIBA,L,15.5,NA,NA
BP,4F,354,PIBA,L,13.5,NA,NA
BP,4F,355,PIBA,L,14.7,NA,NA
BP,4F,356,PIBA,L,12.2,NA,NA
BP,4G,359,PIBA,L,14.5,NA,NA
BP,4G,358,PIBA,L,7.1,NA,NA
BP,4G,357,PIBA,L,9.1,NA,NA
BP,4G,360,PIBA,D,4.1,NA,NA
BP,4G,361,PIBA,L,10.2,12.3,36
BP,4G,365,PIBA,L,12.7,NA,NA
BP,4G,364,PIBA,L,10.4,NA,NA
BP,4G,362,PIBA,L,11.4,NA,NA
BP,4G,363,PIBA,L,19,NA,NA
BP,4H,368,PIBA,L,10.2,NA,NA
BP,4H,366,PIBA,L,10.7,NA,NA
BP,4H,369,PIBA,L,7.1,NA,NA
BP,4H,367,PIBA,L,14.5,NA,NA
BP,4H,370,PIBA,L,6.9,NA,NA
BP,4I,401,PIBA,L,5.3,NA,NA
BP,4I,402,PIBA,L,11.9,NA,NA
BP,4I,403,PIBA,L,16.5,NA,NA
BP,4J,404,PIBA,L,13.7,15,35
BP,4J,405,PIBA,L,4.1,NA,NA
BP,4J,406,PIBA,L,8.6,NA,NA
BP,4J,294,PIBA,L,16,NA,NA
BP,5J,872,PIBA,L,12.4,NA,NA
BP,5J,871,PIBA,L,16.3,NA,NA
BP,5J,870,PIBA,L,11.4,NA,NA
BP,5I,869,PIBA,D,7.9,NA,NA
BP,5I,868,PIBA,L,5.1,NA,NA
BP,5I,867,PIBA,L,17.8,NA,NA
BP,5I,866,PIBA,L,17.3,NA,NA
BP,5I,865,PIBA,L,14.2,NA,NA
BP,5H,864,PIBA,L,12.4,NA,NA
BP,5H,863,PIBA,D,3,NA,NA
BP,5H,860,PIBA,L,7.9,NA,NA
BP,5H,861,PIBA,L,6.6,NA,NA
BP,5H,862,PIBA,L,13,NA,NA
BP,5G,856,PIBA,L,12.2,NA,NA
BP,5G,857,PIBA,L,7.6,NA,NA
BP,5G,853,PIBA,L,11.7,NA,NA
BP,5G,855,PIBA,L,13.5,NA,NA
BP,5G,854,PIBA,L,5.1,NA,NA
BP,5G,858,PIBA,L,9.1,NA,NA
BP,5G,859,PIBA,L,13,NA,NA
BP,5F,852,PIBA,L,13.2,NA,NA
BP,5F,850,PIBA,L,12.7,13,36
BP,5F,851,PIBA,L,6.1,NA,NA
BP,5F,849,PIBA,L,13.2,NA,NA
BP,5F,848,PIBA,L,4.6,NA,NA
BP,5F,847,PIBA,L,10.2,NA,NA
BP,5E,844,PIBA,L,6.3,NA,NA
BP,5E,843,PIBA,L,11.4,NA,NA
BP,5E,841,PIBA,L,13,NA,NA
BP,5E,840,PIBA,L,11.9,NA,NA
BP,5E,839,PIBA,L,12.4,NA,NA
BP,5E,842,PIBA,L,14.7,NA,NA
BP,5E,845,PIBA,L,6.3,NA,NA
BP,5E,846,PIBA,D,4.8,NA,NA
BP,5D,837,PIBA,L,8.4,NA,NA
BP,5D,836,PIBA,L,8.9,NA,NA
BP,5D,835,PIBA,L,10.2,NA,NA
BP,5D,834,PIBA,L,13,NA,NA
BP,5D,833,PIBA,L,8.6,NA,NA
BP,5D,832,PIBA,L,9.7,12.8,31
BP,5D,831,PIBA,D,3.6,NA,NA
BP,5D,830,PIBA,L,9.7,NA,NA
BP,5D,829,PIBA,L,10.2,NA,NA
BP,5C,828,PIBA,L,7.1,NA,NA
BP,5C,823,PIBA,L,15.7,NA,NA
BP,5C,822,PIBA,L,13.7,NA,NA
BP,5C,824,PIBA,L,10.4,NA,NA
BP,5C,827,PIBA,L,5.6,NA,NA
BP,5C,826,PIBA,D,4.8,NA,NA
BP,5C,825,PIBA,D,5.1,NA,NA
BP,5B,821,PIBA,L,16,NA,NA
BP,5B,820,PIBA,L,11.2,NA,NA
BP,5B,819,PIBA,L,4.6,NA,NA
BP,5B,816,PIBA,L,10.2,NA,NA
BP,5B,817,PIBA,L,12.7,12.6,31
BP,5B,818,PIBA,L,6.6,NA,NA
BP,5B,815,PIBA,L,14,NA,NA
BP,5A,814,PIBA,L,13.5,NA,NA
BP,5A,813,PIBA,L,8.9,12.3,38
BP,5A,812,PIBA,L,13.7,NA,NA
BP,5A,811,PIBA,L,9.4,NA,NA
BP,5A,805,PIBA,L,12.2,NA,NA
BP,5A,805,PIBA,L,12.2,NA,NA
BP,5A,806,PIBA,L,10.4,NA,NA
BP,5A,804,PIBA,D,7.4,NA,NA
BP,5A,803,PIBA,L,10.4,NA,NA
BP,5A,807,PIBA,L,8.9,NA,NA
BP,5A,808,PIBA,D,11.2,NA,NA
BP,5A,810,PIBA,D,8.9,NA,NA
BP,6A,970,PIBA,L,13,NA,NA
BP,6A,972,PIBA,D,4.6,NA,NA
BP,6A,971,PIBA,L,12.4,13.8,37
BP,6A,969,PIBA,L,8.9,NA,NA
BP,6A,974,PIBA,D,5.3,NA,NA
BP,6A,975,PIBA,D,6.3,NA,NA
BP,6A,973,PIBA,D,9.7,NA,NA
BP,6B,965,PIBA,L,14,NA,NA
BP,6B,967,PIBA,L,11.7,NA,NA
BP,6B,966,PIBA,L,8.9,NA,NA
BP,6B,964,PIBA,L,8.1,NA,NA
BP,6B,961,PIBA,L,13.7,NA,NA
BP,6B,962,PIBA,D,3.8,NA,NA
BP,6B,963,PIBA,L,8.6,NA,NA
BP,6B,968,PIBA,L,11.4,NA,NA
BP,6C,960,PIBA,L,13.5,NA,NA
BP,6C,959,PIBA,L,9.7,NA,NA
BP,6C,958,PIBA,L,10.9,NA,NA
BP,6C,956,PIBA,L,7.6,NA,NA
BP,6C,957,PIBA,L,14.5,NA,NA
BP,6C,955,PIBA,L,14,NA,NA
BP,6D,954,PIBA,L,12.4,NA,NA
BP,6D,953,PIBA,L,10.9,NA,NA
BP,6D,952,PIBA,D,10.4,NA,NA
BP,6D,951,PIBA,L,14.7,NA,NA
BP,6D,950,PIBA,L,10.4,NA,NA
BP,6D,949,PIBA,L,13.2,NA,NA
BP,6D,948,PIBA,L,5.3,10.6,26
BP,6D,947,PIBA,L,5.3,NA,NA
BP,6E,946,PIMA,L,3.3,NA,NA
BP,6E,945,PIBA,L,12.4,NA,NA
BP,6E,944,PIBA,D,10.7,NA,NA
BP,6F,895,PIBA,L,11.9,NA,NA
BP,6F,896,PIBA,L,15.2,NA,NA
BP,6F,893,PIBA,L,12.7,NA,NA
BP,6F,894,PIBA,L,4.8,NA,NA
BP,6F,892,PIBA,D,11.4,NA,NA
BP,6G,891,PIBA,L,15,NA,NA
BP,6G,889,PIBA,D,8.4,NA,NA
BP,6G,890,PIBA,L,15,NA,NA
BP,6H,888,PIBA,L,14.5,NA,NA
BP,6H,886,PIBA,D,7.1,NA,NA
BP,6H,887,PIBA,L,11.2,NA,NA
BP,6H,885,PIBA,L,11.9,NA,NA
BP,6H,884,PIBA,D,3.6,NA,NA
BP,6H,879,PIBA,L,11.4,NA,NA
BP,6H,881,PIBA,D,3.8,NA,NA
BP,6H,880,PIBA,L,11.9,NA,NA
BP,6H,882,PIBA,L,10.9,NA,NA
BP,6H,883,PIBA,L,7.9,NA,NA
BP,6I,878,PIBA,L,10.9,NA,NA
BP,6I,876,PIBA,L,10.7,NA,NA
BP,6I,877,PIBA,L,11.9,NA,NA
BP,6J,875,PIBA,L,13.7,NA,NA
BP,6J,873,PIMA,L,3.8,NA,NA
BP,6J,874,PIBA,D,12.7,NA,NA
BP,7J,1021,PIBA,L,14.7,NA,NA
BP,7J,1018,PIBA,L,11.9,NA,NA
BP,7J,1020,PIBA,D,5.6,NA,NA
BP,7J,1017,PIBA,L,16,NA,NA
BP,7J,1019,PIBA,L,13.2,NA,NA
BP,7I,1016,PIBA,L,15,NA,NA
BP,7I,1015,PIBA,L,14.2,NA,NA
BP,7H,1014,PIBA,L,11.4,NA,NA
BP,7H,1013,PIBA,L,8.1,NA,NA
BP,7H,1012,PIBA,D,10.4,NA,NA
BP,7H,1010,PIBA,L,6.6,NA,NA
BP,7H,1009,PIBA,L,9.7,NA,NA
BP,7H,1011,PIBA,L,15.7,NA,NA
BP,7H,943,PIBA,L,9.4,NA,NA
BP,7G,938,PIBA,L,8.1,NA,NA
BP,7G,941,PIBA,L,7.9,NA,NA
BP,7G,940,PIBA,L,12.2,NA,NA
BP,7G,939,PIBA,D,8.6,NA,NA
BP,7F,902,PIBA,L,8.4,NA,NA
BP,7F,903,PIBA,L,4.6,NA,NA
BP,7F,901,PIBA,L,11.2,NA,NA
BP,7F,899,PIBA,L,11.9,NA,NA
BP,7F,898,PIBA,L,13.2,NA,NA
BP,7F,867,PIBA,L,16.8,NA,NA
BP,7E,1007,PIBA,L,15.2,15.2,33
BP,7E,1008,PIBA,L,11.2,NA,NA
BP,7E,1006,PIBA,L,12.7,NA,NA
BP,7E,1005,PIBA,L,10.9,NA,NA
BP,7E,1004,PIBA,L,15.2,NA,NA
BP,7D,1002,PIBA,L,14.5,NA,NA
BP,7D,1000,PIBA,L,5.8,NA,NA
BP,7D,999,PIBA,L,10.9,13.8,34
BP,7D,1001,PIBA,L,9.1,NA,NA
BP,7D,1058,PIBA,L,14.7,NA,NA
BP,7D,998,PIBA,L,2.8,NA,NA
BP,7C,995,PIBA,L,3,NA,NA
BP,7C,997,PIBA,L,13.2,NA,NA
BP,7C,996,PIBA,D,3.3,NA,NA
BP,7C,994,PIBA,L,11.2,NA,NA
BP,7C,993,PIBA,L,7.9,NA,NA
BP,7C,991,PIBA,D,6.9,NA,NA
BP,7C,990,PIBA,L,13.5,NA,NA
BP,7C,992,PIBA,L,10.7,NA,NA
BP,7B,989,PIBA,L,4.1,NA,NA
BP,7B,988,PIBA,L,12.4,NA,NA
BP,7B,987,PIBA,D,3.8,NA,NA
BP,7B,986,PIBA,L,8.1,NA,NA
BP,7B,985,PIBA,L,16.8,NA,NA
BP,7A,984,PIBA,D,7.4,NA,NA
BP,7A,982,PIBA,L,12.7,NA,NA
BP,7A,981,PIBA,L,8.9,13.3,41
BP,7A,983,PIBA,L,4.6,NA,NA
BP,7A,976,PIBA,L,4.6,NA,NA
BP,7A,977,PIBA,L,14,NA,NA
BP,7A,978,PIBA,L,3.8,NA,NA
BP,7A,979,PIBA,L,7.4,NA,NA
BP,7A,980,PIBA,L,8.9,NA,NA
BP,8A,1077,PIBA,L,5.6,NA,NA
BP,8A,1078,PIBA,L,6.1,NA,NA
BP,8A,1076,PIBA,L,12.7,NA,NA
BP,8A,1099,PIBA,L,6.6,NA,NA
BP,8A,1080,PIBA,L,11.2,NA,NA
BP,8A,1075,PIBA,D,10.4,NA,NA
BP,8A,1074,PIBA,L,9.4,NA,NA
BP,8B,1072,PIBA,L,5.6,NA,NA
BP,8B,1073,PIBA,L,12.7,NA,NA
BP,8B,1076,PIBA,L,7.1,NA,NA
BP,8B,1066,PIBA,D,4.1,NA,NA
BP,8B,1065,PIBA,L,5.6,NA,NA
BP,8B,1064,PIBA,L,6.9,NA,NA
BP,8B,1068,PIBA,L,13,NA,NA
BP,8B,1069,PIBA,D,5.6,NA,NA
BP,8B,1071,PIBA,L,14,NA,NA
BP,8B,1070,PIBA,L,8.9,9.8,28
BP,8C,1063,PIBA,L,11.9,NA,NA
BP,8C,1060,PIBA,L,3.8,NA,NA
BP,8C,1059,PIBA,L,16.8,NA,NA
BP,8C,1062,PIBA,L,5.1,NA,NA
BP,8C,1061,PIBA,L,7.9,NA,NA
BP,8D,1059,PIBA,L,8.6,NA,NA
BP,8D,1055,PIBA,L,8.4,NA,NA
BP,8D,1052,PIBA,L,10.4,NA,NA
BP,8D,1051,PIBA,D,8.4,NA,NA
BP,8D,1054,PIBA,L,10.2,NA,NA
BP,8D,1053,PIBA,L,8.6,NA,NA
BP,8D,1057,PIBA,L,15.5,NA,NA
BP,8E,1049,PIBA,L,8.1,NA,NA
BP,8E,1048,PIBA,L,12.2,NA,NA
BP,8E,1046,PIBA,D,3.3,NA,NA
BP,8E,1047,PIBA,L,10.4,NA,NA
BP,8E,1045,PIBA,L,7.6,NA,NA
BP,8E,1044,PIBA,L,8.4,NA,NA
BP,8E,1042,PIBA,L,5.8,NA,NA
BP,8E,1041,PIBA,L,11.9,NA,NA
BP,8E,1040,PIBA,L,14,NA,NA
BP,8E,1050,PIBA,L,13.7,NA,NA
BP,8F,909,PIBA,L,7.1,NA,NA
BP,8F,908,PIBA,D,3,NA,NA
BP,8F,910,PIBA,L,5.3,NA,NA
BP,8F,907,PIBA,L,11.9,NA,NA
BP,8F,912,PIBA,L,8.9,NA,NA
BP,8F,911,PIBA,L,4.3,NA,NA
BP,8F,906,PIBA,L,15.2,NA,NA
BP,8F,905,PIBA,L,8.4,NA,NA
BP,8F,904,PIBA,L,4.1,NA,NA
BP,8G,934,PIBA,L,13.7,NA,NA
BP,8G,935,PIBA,L,16.5,NA,NA
BP,8G,936,PIBA,L,2.8,NA,NA
BP,8G,937,PIBA,L,13,NA,NA
BP,8G,932,PIBA,L,5.1,NA,NA
BP,8G,931,PIBA,L,8.1,NA,NA
BP,8H,1039,PIBA,L,8.1,NA,NA
BP,8H,1038,PIBA,L,10.4,NA,NA
BP,8H,1037,PIBA,L,11.7,NA,NA
BP,8H,1036,PIBA,L,11.9,NA,NA
BP,8H,1035,PIBA,L,4.1,NA,NA
BP,8H,1034,PIBA,L,14.2,NA,NA
BP,8H,1033,PIBA,L,4.1,NA,NA
BP,8H,1032,PIBA,L,11.2,NA,NA
BP,8I,1031,PIBA,L,10.2,NA,NA
BP,8I,1030,PIBA,L,12.7,NA,NA
BP,8I,1029,PIBA,L,7.4,NA,NA
BP,8I,1028,PIBA,L,7.6,NA,NA
BP,8J,1026,PIBA,L,12.4,NA,NA
BP,8J,1024,PIBA,L,7.4,NA,NA
BP,8J,1023,PIBA,L,15,NA,NA
BP,8J,1025,PIBA,L,14.7,NA,NA
BP,8J,1022,PIBA,L,15.5,NA,NA
BP,9J,1155,PIBA,L,11.9,NA,NA
BP,9J,1156,PIBA,L,10.9,NA,NA
BP,9J,1154,PIBA,L,11.7,NA,NA
BP,9J,1153,PIBA,L,8.9,NA,NA
BP,9J,1147,PIBA,L,12.4,NA,NA
BP,9J,1148,PIBA,L,12.7,NA,NA
BP,9J,1149,PIBA,L,4.8,NA,NA
BP,9J,1150,PIBA,L,10.7,NA,NA
BP,9I,1143,PIBA,L,11.7,NA,NA
BP,9I,1142,PIBA,L,13.7,NA,NA
BP,9I,1144,PIBA,L,11.7,NA,NA
BP,9I,1145,PIBA,L,10.2,NA,NA
BP,9I,1146,PIBA,L,10.7,NA,NA
BP,9I,1141,PIBA,L,6.6,NA,NA
BP,9I,1140,PIBA,L,4.8,NA,NA
BP,9H,1135,PIBA,L,17.3,NA,NA
BP,9H,1139,PIBA,L,12.2,NA,NA
BP,9H,1138,PIBA,L,14.7,NA,NA
BP,9H,1137,PIBA,L,6.6,NA,NA
BP,9H,1136,PIBA,L,7.6,NA,NA
BP,9H,1134,PIBA,L,14.7,NA,NA
BP,9G,927,PIBA,L,6.9,NA,NA
BP,9G,928,PIBA,L,10.9,NA,NA
BP,9G,929,PIBA,L,11.7,NA,NA
BP,9G,930,PIBA,L,8.6,NA,NA
BP,9G,933,PIBA,L,4.6,NA,NA
BP,9G,925,PIBA,L,16.5,NA,NA
BP,9G,926,PIBA,L,11.7,NA,NA
BP,9G,921,PIBA,L,15.7,NA,NA
BP,9G,923,PIBA,L,5.3,NA,NA
BP,9G,922,PIBA,L,5.6,NA,NA
BP,9G,924,PIBA,L,7.4,NA,NA
BP,9F,919,PIBA,L,14.7,NA,NA
BP,9F,918,PIBA,L,3.6,NA,NA
BP,9F,920,PIBA,L,14,NA,NA
BP,9F,917,PIBA,L,13.2,NA,NA
BP,9F,915,PIBA,L,10.7,NA,NA
BP,9F,916,PIBA,L,8.6,NA,NA
BP,9F,914,PIBA,L,14.7,NA,NA
BP,9F,913,PIBA,L,3.8,NA,NA
BP,9E,1131,PIBA,L,12.4,NA,NA
BP,9E,1130,PIBA,L,13.5,NA,NA
BP,9E,1133,PIBA,L,3.8,NA,NA
BP,9E,1129,PIBA,L,12.2,NA,NA
BP,9E,1128,PIBA,D,5.3,NA,NA
BP,9E,1565,PIBA,L,14,NA,NA
BP,9D,1124,PIBA,L,3.8,NA,NA
BP,9D,1123,PIBA,L,10.4,NA,NA
BP,9D,1126,PIBA,L,12.7,NA,NA
BP,9D,1120,PIBA,L,12.4,NA,NA
BP,9D,1121,PIBA,L,10.4,NA,NA
BP,9D,1122,PIBA,L,13.5,NA,NA
BP,9C,1113,PIBA,L,7.1,NA,NA
BP,9C,1112,PIBA,L,10.2,NA,NA
BP,9C,1114,PIBA,L,12.2,NA,NA
BP,9C,1111,PIBA,L,3,NA,NA
BP,9C,1116,PIBA,L,7.6,NA,NA
BP,9C,1118,PIBA,L,8.6,NA,NA
BP,9C,1117,PIBA,L,7.1,NA,NA
BP,9C,1119,PIBA,L,7.9,NA,NA
BP,9C,1108,PIBA,L,3.6,NA,NA
BP,9C,1109,PIBA,L,3.6,NA,NA
BP,9C,1107,PIBA,L,5.6,NA,NA
BP,9B,1106,PIBA,L,9.7,NA,NA
BP,9B,1105,PIBA,L,15,NA,NA
BP,9B,1101,PIBA,L,7.1,NA,NA
BP,9B,1104,PIBA,L,3.6,NA,NA
BP,9B,1103,PIBA,L,3.8,NA,NA
BP,9B,1100,PIBA,L,12.4,NA,NA
BP,9B,1102,PIBA,L,3.3,NA,NA
BP,9A,1088,PIBA,L,9.1,NA,NA
BP,9A,1087,PIBA,L,6.1,NA,NA
BP,9A,1086,PIBA,L,5.3,NA,NA
BP,9A,1089,PIBA,D,6.1,NA,NA
BP,9A,1090,PIBA,L,9.4,NA,NA
BP,9A,1091,PIBA,L,12.2,NA,NA
BP,9A,1096,PIBA,L,14.7,NA,NA
BP,9A,1097,PIBA,L,5.6,NA,NA
BP,9A,1094,PIBA,L,8.1,NA,NA
BP,9A,1093,PIBA,L,9.7,NA,NA
BP,9A,1082,PIBA,L,14.7,NA,NA
BP,9A,1084,PIBA,L,11.4,NA,NA
BP,9A,1083,PIBA,L,10.2,NA,NA
BP,9A,1085,PIBA,L,9.1,NA,NA
BP,9A,1081,PIBA,L,7.9,NA,NA
WY,0A,1302,PIBA,L,11.2,NA,NA
WY,0A,1303,PIBA,L,9.4,NA,NA
WY,0A,1304,PIBA,L,12.4,10.3,32
WY,0B,1305,PIBA,L,8.6,NA,NA
WY,0C,1306,PIBA,L,6.9,NA,NA
WY,0C,1307,PIBA,L,9.4,NA,NA
WY,0C,1308,PIBA,L,12.7,NA,NA
WY,0C,1312,PIBA,L,3.3,NA,NA
WY,0C,1309,PIBA,L,4.1,NA,NA
WY,0C,1310,PIBA,L,12.7,NA,NA
WY,0C,1311,PIBA,L,10.4,NA,NA
WY,0D,1313,PIBA,L,8.6,NA,NA
WY,0D,1314,PIBA,L,7.4,NA,NA
WY,0D,1315,PIBA,L,9.4,NA,NA
WY,0D,1316,PIBA,L,8.9,NA,NA
WY,0D,1317,PIBA,L,9.4,NA,NA
WY,0D,1318,PIBA,L,6.9,7.2,26
WY,0D,1319,PIBA,L,7.6,NA,NA
WY,0D,1320,PIBA,L,8.4,NA,NA
WY,0E,1321,PIBA,L,6.3,NA,NA
WY,0E,1322,PIBA,L,7.6,NA,NA
WY,0E,1323,PIBA,L,7.1,NA,NA
WY,0E,1324,PIBA,L,8.4,NA,NA
WY,0E,1328,PIBA,L,5.1,NA,NA
WY,0E,1327,PIBA,L,5.6,NA,NA
WY,0E,1326,PIBA,L,9.4,NA,NA
WY,0E,1325,PIBA,L,4.1,NA,NA
WY,0F,1336,PIBA,L,4.3,NA,NA
WY,0F,1335,PIBA,L,5.6,NA,NA
WY,0F,1329,PIBA,L,9.9,NA,NA
WY,0F,1330,PIBA,L,8.6,NA,NA
WY,0F,1331,PIBA,L,3.8,4.6,26
WY,0F,1332,PIBA,L,3.8,NA,NA
WY,0F,1333,PIBA,L,5.1,NA,NA
WY,0F,1334,PIBA,L,6.9,NA,NA
WY,0G,1337,PIBA,L,10.7,NA,NA
WY,0G,1338,PIBA,L,10.2,NA,NA
WY,0G,1339,PIBA,L,6.3,NA,NA
WY,0H,1340,PIBA,L,6.3,NA,NA
WY,0H,1342,PIBA,L,6.6,NA,NA
WY,0H,1341,PIBA,L,7.6,7.7,31
WY,0H,1343,PIBA,L,9.9,NA,NA
WY,0H,1345,PIBA,L,4.1,NA,NA
WY,0H,1344,PIBA,L,8.1,NA,NA
WY,0I,1348,PIBA,L,6.6,NA,NA
WY,0I,1347,PIBA,L,5.1,NA,NA
WY,0I,1346,PIBA,L,5.8,NA,NA
WY,0I,1349,PIBA,L,10.2,NA,NA
WY,0I,1350,PIBA,L,8.6,NA,NA
WY,0I,1351,PIBA,L,10.4,NA,NA
WY,0I,1401,PIBA,L,6.6,NA,NA
WY,0J,1355,PIBA,L,4.3,NA,NA
WY,0J,1354,PIBA,L,3.6,NA,NA
WY,0J,1353,PIBA,L,4.3,NA,NA
WY,0J,1352,PIBA,L,4.3,NA,NA
WY,0J,1357,PIBA,L,9.4,NA,NA
WY,0J,1356,PIBA,L,7.9,NA,NA
WY,1J,1360,PIBA,L,8.9,NA,NA
WY,1J,1359,PIBA,L,9.9,NA,NA
WY,1J,1358,PIBA,L,6.9,NA,NA
WY,1J,1361,PIBA,L,8.4,NA,NA
WY,1J,1362,PIBA,L,9.1,NA,NA
WY,1J,1363,PIBA,L,8.6,NA,NA
WY,1J,1365,PIBA,L,5.8,NA,NA
WY,1J,1366,PIBA,L,4.1,NA,NA
WY,1J,1364,PIBA,L,2.5,NA,NA
WY,1I,1367,PIBA,L,8.1,NA,NA
WY,1I,1368,PIBA,L,3.6,NA,NA
WY,1I,1369,PIBA,L,6.6,NA,NA
WY,1H,1373,PIBA,L,5.1,NA,NA
WY,1H,1374,PIBA,L,6.3,NA,NA
WY,1H,1373,PIBA,L,6.3,NA,NA
WY,1H,1376,PIBA,L,4.6,NA,NA
WY,1H,1377,PIBA,L,9.4,NA,NA
WY,1H,1378,PIBA,L,6.3,NA,NA
WY,1H,1370,PIBA,L,9.4,NA,NA
WY,1H,1372,PIBA,L,6.6,NA,NA
WY,1H,1371,PIBA,L,8.9,NA,NA
WY,1G,1379,PIBA,L,5.6,NA,NA
WY,1G,1380,PIBA,L,3.6,NA,NA
WY,1G,1381,PIBA,L,4.1,NA,NA
WY,1G,1383,PIBA,L,6.3,NA,NA
WY,1G,1401,PIBA,L,4.3,NA,NA
WY,1G,1382,PIBA,L,6.1,6.8,31
WY,1G,1381,PIBA,L,7.9,NA,NA
WY,1G,1380,PIBA,L,5.1,NA,NA
WY,1G,1384,PIBA,L,5.3,NA,NA
WY,1G,1383,PIBA,L,4.3,NA,NA
WY,1G,1382,PIBA,L,5.6,NA,NA
WY,1G,1402,PIBA,L,7.9,NA,NA
WY,1G,1397,PIBA,L,8.4,NA,NA
WY,1G,1396,PIBA,L,7.9,NA,NA
WY,1G,1394,PIBA,L,8.6,NA,NA
WY,1G,1398,PIBA,L,6.1,NA,NA
WY,1G,1390,PIBA,L,3.3,NA,NA
WY,1E,1393,PIBA,L,8.6,NA,NA
WY,1E,1392,PIBA,L,4.6,NA,NA
WY,1E,1391,PIBA,L,6.9,NA,NA
WY,1E,1399,PIBA,L,9.4,NA,NA
WY,1E,1403,PIBA,L,10.7,NA,NA
WY,1E,1404,PIBA,L,11.4,NA,NA
WY,1D,2039,PIBA,L,10.7,NA,NA
WY,1D,2038,PIBA,L,5.8,NA,NA
WY,1D,2037,PIBA,L,3,NA,NA
WY,1D,2036,PIBA,L,7.6,NA,NA
WY,1D,2034,PIBA,L,4.3,8,34
WY,1D,2035,PIBA,L,5.8,NA,NA
WY,1D,2033,PIBA,L,2.3,NA,NA
WY,1D,2032,PIBA,L,6.1,NA,NA
WY,1D,2107,PIBA,L,5.3,NA,NA
WY,1D,2031,PIBA,L,4.6,NA,NA
WY,1C,2027,PIBA,L,7.1,NA,NA
WY,1C,2028,PIBA,L,8.1,NA,NA
WY,1C,2029,PIBA,L,5.3,NA,NA
WY,1C,2030,PIBA,L,5.3,NA,NA
WY,1C,2026,PIBA,L,5.8,NA,NA
WY,1B,2025,PIBA,L,6.6,NA,NA
WY,1B,2024,PIBA,L,3.8,NA,NA
WY,1B,2023,PIBA,L,13.2,NA,NA
WY,1A,2021,PIBA,L,8.6,NA,NA
WY,1A,2022,PIBA,L,13.2,NA,NA
WY,1A,2017,PIBA,L,11.4,NA,NA
WY,1A,2019,PIBA,L,9.9,NA,NA
WY,1A,2018,PIBA,L,11.2,NA,NA
WY,2A,2125,PIBA,L,16,NA,NA
WY,2B,2124,PIBA,L,10.2,NA,NA
WY,2B,2121,PIBA,L,5.6,NA,NA
WY,2B,2122,PIBA,L,6.3,NA,NA
WY,2B,2123,PIBA,L,11.4,NA,NA
WY,2B,2120,PIBA,L,9.9,NA,NA
WY,2B,2119,PIBA,L,9.9,NA,NA
WY,2B,2118,PIBA,L,5.1,NA,NA
WY,2C,2117,PIBA,L,5.6,8.5,34
WY,2C,2114,PIBA,L,5.6,NA,NA
WY,2C,2115,PIBA,L,10.9,NA,NA
WY,2C,2111,PIBA,L,7.9,NA,NA
WY,2C,2116,PIBA,L,9.9,NA,NA
WY,2C,2137,PIBA,L,2.8,NA,NA
WY,2C,2113,PIBA,L,8.1,NA,NA
WY,2C,2112,PIBA,L,10.9,NA,NA
WY,2C,2110,PIBA,L,7.6,NA,NA
WY,2C,2109,PIBA,L,7.6,NA,NA
WY,2D,2106,PIBA,L,8.9,NA,NA
WY,2D,2108,PIBA,L,8.4,NA,NA
WY,2D,2102,PIBA,L,5.1,NA,NA
WY,2D,2103,PIBA,L,7.4,NA,NA
WY,2D,2105,PIBA,L,7.1,NA,NA
WY,2D,2104,PIBA,L,7.6,NA,NA
WY,2D,2101,PIBA,L,7.4,NA,NA
WY,2D,2100,PIBA,L,5.8,NA,NA
WY,2E,2095,PIBA,L,8.9,NA,NA
WY,2E,2096,PIBA,L,4.3,NA,NA
WY,2E,2097,PIBA,L,6.3,NA,NA
WY,2E,2098,PIBA,L,3.8,NA,NA
WY,2E,2099,PIBA,L,3.3,NA,NA
WY,2E,2090,PIBA,L,6.1,NA,NA
WY,2E,2091,PIBA,L,5.8,NA,NA
WY,2E,2092,PIBA,L,10.4,NA,NA
WY,2E,2093,PIBA,L,9.9,NA,NA
WY,2E,2094,PIBA,L,7.9,NA,NA
WY,2F,2089,PIBA,L,8.9,NA,NA
WY,2F,2168,PIBA,L,3.3,NA,NA
WY,2F,2169,PIBA,L,8.1,NA,NA
WY,2F,2088,PIBA,L,2.3,NA,NA
WY,2F,2085,PIBA,L,3.3,NA,NA
WY,2F,2179,PIBA,L,3,NA,NA
WY,2F,2084,PIBA,L,7.6,NA,NA
WY,2F,2085,PIBA,L,3.3,5.9,28
WY,2F,2088,PIBA,L,2.3,NA,NA
WY,2F,2086,PIBA,L,6.1,NA,NA
WY,2F,2087,PIBA,L,4.6,NA,NA
WY,2G,2081,PIBA,L,5.1,NA,NA
WY,2G,2080,PIBA,L,3.6,NA,NA
WY,2G,2079,PIBA,L,3,NA,NA
WY,2G,2078,PIBA,L,7.6,NA,NA
WY,2G,2076,PIBA,L,5.3,NA,NA
WY,2G,2077,PIBA,L,7.6,NA,NA
WY,2G,2073,PIBA,L,4.8,6.8,34
WY,2G,2074,PIBA,L,11.4,8.4,33
WY,2G,2075,PIBA,L,4.6,NA,NA
WY,2G,2082,PIBA,L,3.8,NA,NA
WY,2H,2072,PIBA,L,5.1,NA,NA
WY,2H,2071,PIBA,L,6.1,NA,NA
WY,2H,2070,PIBA,L,5.3,NA,NA
WY,2H,2069,PIBA,L,4.6,NA,NA
WY,2H,2068,PIBA,L,3,NA,NA
WY,2H,2067,PIBA,L,3,NA,NA
WY,2H,2066,PIBA,L,3.8,NA,NA
WY,2H,2064,PIBA,L,9.1,NA,NA
WY,2H,2065,PIBA,L,8.1,9.5,33
WY,2H,2063,PIBA,L,7.9,NA,NA
WY,2I,2060,PIBA,L,11.2,NA,NA
WY,2I,2061,PIBA,L,7.6,NA,NA
WY,2I,2062,PIBA,L,3,NA,NA
WY,2I,2059,PIBA,L,5.3,7.1,38
WY,2I,2058,PIBA,L,2.8,NA,NA
WY,2I,2057,PIBA,L,6.3,NA,NA
WY,2I,2056,PIBA,L,6.9,NA,NA
WY,2I,2055,PIBA,L,7.1,NA,NA
WY,2J,2053,PIBA,L,9.4,NA,NA
WY,2J,2054,PIBA,L,8.6,NA,NA
WY,2J,2052,PIBA,L,3.3,NA,NA
WY,2J,2051,PIBA,L,4.8,NA,NA
WY,2J,2050,PIBA,L,4.1,NA,NA
WY,2J,2049,PIBA,L,6.9,NA,NA
WY,2J,2046,PIBA,L,8.1,7.8,31
WY,2J,2040,PIBA,L,4.6,NA,NA
WY,2J,2048,PIBA,L,10.4,NA,NA
WY,2J,2047,PIBA,L,5.6,NA,NA
WY,3A,2126,PIBA,L,12.4,NA,NA
WY,3C,2127,PIBA,L,12.2,9.6,31
WY,3C,2128,PIBA,L,10.9,NA,NA
WY,3C,2129,PIBA,L,9.9,NA,NA
WY,3C,2130,PIBA,L,7.1,NA,NA
WY,3D,2131,PIBA,L,8.1,NA,NA
WY,3D,2133,PIBA,L,3.8,NA,NA
WY,3D,2132,PIBA,L,7.1,NA,NA
WY,3D,2134,PIBA,L,3.8,NA,NA
WY,3D,2135,PIBA,L,8.1,NA,NA
WY,3D,2136,PIBA,L,5.8,NA,NA
WY,3D,2138,PIBA,L,9.4,NA,NA
WY,3E,2139,PIBA,L,7.4,7.9,33
WY,3E,2144,PIBA,L,5.6,NA,NA
WY,3E,2143,PIBA,L,6.9,NA,NA
WY,3E,2142,PIBA,L,4.3,NA,NA
WY,3E,2141,PIBA,L,8.1,NA,NA
WY,3E,2140,PIBA,L,9.7,NA,NA
WY,3F,2150,PIBA,L,4.3,NA,NA
WY,3F,2145,PIBA,L,7.1,NA,NA
WY,3F,2146,PIBA,L,6.1,NA,NA
WY,3F,2147,PIBA,L,4.8,NA,NA
WY,3F,2150,PIBA,L,3.8,NA,NA
WY,3F,2148,PIBA,L,5.8,NA,NA
WY,3F,2149,PIBA,L,4.1,NA,NA
WY,3G,2151,PIBA,L,7.6,8.1,32
WY,3G,2152,PIBA,L,4.6,NA,NA
WY,3G,2153,PIBA,L,3.3,NA,NA
WY,3G,2156,PIBA,L,3.6,NA,NA
WY,3G,2155,PIBA,L,3.8,NA,NA
WY,3G,2154,PIBA,L,6.3,NA,NA
WY,3G,2158,PIBA,L,5.6,7.3,35
WY,3G,2160,PIBA,L,2.8,NA,NA
WY,3G,2164,PIBA,L,3.8,NA,NA
WY,3G,2159,PIBA,L,6.3,NA,NA
WY,3G,2157,PIBA,L,6.6,NA,NA
WY,3G,2161,PIBA,L,7.1,NA,NA
WY,3G,2162,PIBA,L,10.2,NA,NA
WY,3G,2163,PIBA,L,7.1,NA,NA
WY,3H,2165,PIBA,L,4.8,NA,NA
WY,3H,2166,PIBA,L,5.6,NA,NA
WY,3H,2167,PIBA,L,5.1,NA,NA
WY,3H,2170,PIBA,L,4.1,NA,NA
WY,3H,2171,PIBA,L,6.1,NA,NA
WY,3H,2178,PIBA,L,2.8,NA,NA
WY,3I,2177,PIBA,L,3.3,NA,NA
WY,3I,2176,PIBA,L,6.3,NA,NA
WY,3I,2175,PIBA,L,6.3,NA,NA
WY,3I,2172,PIBA,L,3,NA,NA
WY,3I,2173,PIBA,L,7.6,NA,NA
WY,3I,2174,PIBA,L,11.4,NA,NA
WY,4J,2241,PIBA,L,10.4,NA,NA
WY,4J,2237,PIBA,L,10.7,NA,NA
WY,4J,2238,PIBA,L,4.3,NA,NA
WY,4J,2240,PIBA,L,8.9,NA,NA
WY,4J,2239,PIBA,L,7.4,NA,NA
WY,4J,2236,PIBA,L,13.7,NA,NA
WY,4I,2234,PIBA,L,8.9,6.2,31
WY,4I,2235,PIBA,L,7.6,NA,NA
WY,4I,2232,PIBA,L,6.6,NA,NA
WY,4I,2233,PIBA,L,5.6,NA,NA
WY,4I,2230,PIBA,L,4.1,5.7,27
WY,4I,2231,PIBA,L,8.1,NA,NA
WY,4H,2228,PIBA,L,9.1,NA,NA
WY,4H,2229,PIBA,L,8.9,NA,NA
WY,4H,2226,PIBA,L,10.2,NA,NA
WY,4H,2227,PIBA,L,9.4,NA,NA
WY,4H,2224,PIBA,L,4.8,NA,NA
WY,4H,2225,PIBA,L,8.4,NA,NA
WY,4G,2220,PIBA,L,11.4,NA,NA
WY,4G,2219,PIBA,L,4.6,NA,NA
WY,4G,2218,PIBA,L,8.4,NA,NA
WY,4G,2217,PIBA,L,6.3,NA,NA
WY,4G,2222,PIBA,L,14.7,NA,NA
WY,4G,2223,PIBA,L,12.4,NA,NA
WY,4F,2215,PIBA,L,12.2,NA,NA
WY,4F,2216,PIBA,L,7.6,NA,NA
WY,4F,2211,PIBA,L,7.9,NA,NA
WY,4F,2212,PIBA,L,10.7,NA,NA
WY,4F,2213,PIBA,L,7.6,NA,NA
WY,4F,2214,PIBA,L,9.1,NA,NA
WY,4E,2210,PIBA,L,11.9,NA,NA
WY,4E,2209,PIBA,L,7.4,NA,NA
WY,4E,2208,PIBA,L,2.8,NA,NA
WY,4E,2207,PIBA,L,6.1,NA,NA
WY,4E,2205,PIBA,L,7.6,NA,NA
WY,4E,2206,PIBA,L,7.4,NA,NA
WY,4D,2202,PIBA,L,5.1,NA,NA
WY,4D,2203,PIBA,L,8.1,NA,NA
WY,4D,2204,PIBA,L,9.7,NA,NA
WY,4D,2201,PIBA,L,11.2,NA,NA
WY,4D,2200,PIBA,L,8.6,NA,NA
WY,4D,2199,PIBA,L,9.1,NA,NA
WY,4C,2196,PIBA,L,9.4,NA,NA
WY,4C,2197,PIBA,L,11.7,NA,NA
WY,4C,2198,PIBA,L,8.6,NA,NA
WY,4C,2195,PIBA,L,14.7,NA,NA
WY,4C,2194,PIBA,L,7.6,NA,NA
WY,4B,2193,PIBA,L,14,NA,NA
WY,4B,2192,PIBA,L,9.7,NA,NA
WY,4A,2191,PIBA,L,8.4,NA,NA
WY,4A,2190,PIBA,L,13.5,NA,NA
WY,5A,2265,PIBA,L,11.2,NA,NA
WY,5A,2263,PIBA,L,10.7,NA,NA
WY,5A,2264,PIBA,L,9.9,NA,NA
WY,5D,2262,PIBA,L,11.7,NA,NA
WY,5D,2261,PIBA,L,9.9,7.4,32
WY,5E,2260,PIBA,L,14.2,9.5,31
WY,5F,2259,PIBA,L,7.4,NA,NA
WY,5F,2258,PIBA,L,7.1,NA,NA
WY,5G,2257,PIBA,L,8.9,NA,NA
WY,5G,2256,PIBA,L,12.4,NA,NA
WY,5H,2254,PIBA,L,10.2,NA,NA
WY,5H,2253,PIBA,L,10.7,NA,NA
WY,5H,2252,PIBA,L,15.2,NA,NA
WY,5H,2255,PIBA,L,2,NA,NA
WY,5I,2251,PIBA,L,10.2,NA,NA
WY,5J,2250,PIBA,L,5.1,NA,NA
WY,5J,2249,PIBA,L,8.9,NA,NA
WY,5J,2248,PIBA,L,4.3,NA,NA
WY,5J,2247,PIBA,L,7.1,NA,NA
WY,5J,2246,PIBA,L,4.6,NA,NA
WY,5J,2245,PIBA,L,3.8,NA,NA
WY,5J,2244,PIBA,L,5.3,NA,NA
WY,5J,2242,PIBA,L,8.1,NA,NA
WY,6A,2266,PIBA,L,11.9,NA,NA
WY,6A,2267,PIBA,L,7.1,NA,NA
WY,6A,2268,PIBA,L,8.1,9.1,29
WY,6A,2269,PIBA,L,10.2,NA,NA
WY,6A,2270,PIBA,L,9.1,NA,NA
WY,6A,2271,PIBA,L,4.8,NA,NA
WY,6A,2272,PIBA,L,8.6,NA,NA
WY,6A,2273,PIBA,L,4.6,NA,NA
WY,6A,2274,PIBA,L,5.3,NA,NA
WY,6A,2275,PIBA,L,7.9,NA,NA
WY,6A,2276,PIBA,L,8.9,NA,NA
WY,6B,2277,PIBA,L,9.1,NA,NA
WY,6B,2278,PIBA,L,5.3,NA,NA
WY,6B,2181,PIBA,L,6.9,NA,NA
WY,6B,2182,PIBA,L,10.7,NA,NA
WY,6B,2183,PIBA,L,5.8,NA,NA
WY,6B,2184,PIBA,L,9.1,NA,NA
WY,6B,2185,PIBA,L,8.9,NA,NA
WY,6D,2186,PIBA,L,14.2,NA,NA
WY,6D,2187,PIBA,L,8.9,NA,NA
WY,6E,2188,PIBA,L,6.6,NA,NA
WY,6E,2189,PIBA,L,10.7,NA,NA
WY,6E,2281,PIBA,L,8.6,NA,NA
WY,6E,2282,PIBA,L,8.9,NA,NA
WY,6E,2279,PIBA,L,5.8,NA,NA
WY,6F,2283,PIBA,L,11.2,NA,NA
WY,6F,2284,PIBA,L,10.4,NA,NA
WY,6F,2285,PIBA,L,13,NA,NA
WY,6G,2286,PIBA,L,9.1,NA,NA
WY,6G,2288,PIBA,L,10.9,NA,NA
WY,6G,2287,PIBA,L,14,NA,NA
WY,6H,2289,PIBA,L,10.7,NA,NA
WY,6I,2290,PIBA,L,11.7,NA,NA
WY,6J,2291,PIBA,L,13.2,NA,NA
WY,6J,2292,PIBA,L,6.3,NA,NA
WY,6J,2294,PIBA,L,8.9,NA,NA
WY,6J,2298,PIBA,L,10.9,NA,NA
WY,6J,2293,PIBA,L,7.9,NA,NA
WY,6J,2295,PIBA,L,6.1,7.1,31
WY,6J,2297,PIBA,L,5.3,NA,NA
WY,6J,2296,PIBA,L,7.6,8.9,34
WY,7A,2783,PIBA,L,8.4,NA,NA
WY,7A,2784,PIBA,L,9.4,NA,NA
WY,7A,2785,PIBA,L,4.8,NA,NA
WY,7A,2786,PIBA,L,5.1,NA,NA
WY,7B,2788,PIBA,L,8.6,NA,NA
WY,7B,2789,PIBA,L,8.6,NA,NA
WY,7B,2790,PIBA,L,7.6,NA,NA
WY,7B,2791,PIBA,L,10.9,NA,NA
WY,7C,2792,PIBA,L,9.7,NA,NA
WY,7C,2793,PIBA,L,12.4,NA,NA
WY,7C,2794,PIBA,L,8.6,NA,NA
WY,7D,2795,PIBA,L,5.1,NA,NA
WY,7D,2796,PIBA,L,3.8,NA,NA
WY,7D,2797,PIBA,L,10.2,NA,NA
WY,7E,2798,PIBA,L,5.6,NA,NA
WY,7E,2799,PIBA,L,10.2,NA,NA
WY,7E,2801,PIBA,L,6.6,NA,NA
WY,7E,2802,PIBA,L,10.2,NA,NA
WY,7F,2803,PIBA,L,13.5,NA,NA
WY,7F,2800,PIBA,L,9.7,NA,NA
WY,7F,2804,PIBA,L,6.9,NA,NA
WY,7G,2805,PIBA,L,10.4,NA,NA
WY,7G,2806,PIBA,L,4.3,NA,NA
WY,7G,2807,PIBA,L,11.9,NA,NA
WY,7G,2808,PIBA,L,11.2,NA,NA
WY,7H,2809,PIBA,L,13.7,NA,NA
WY,7H,2810,PIBA,L,11.2,NA,NA
WY,7H,2811,PIBA,L,3.6,NA,NA
WY,7H,2812,PIBA,L,8.6,NA,NA
WY,7I,2813,PIBA,L,6.1,NA,NA
WY,7I,2814,PIBA,L,3.8,NA,NA
WY,7I,2815,PIBA,L,9.7,NA,NA
WY,7I,2816,PIBA,L,6.9,NA,NA
WY,7I,2817,PIBA,L,3.8,NA,NA
WY,7I,2818,PIBA,L,4.1,NA,NA
WY,7I,2819,PIBA,L,10.2,NA,NA
WY,7J,2821,PIBA,L,9.1,NA,NA
WY,7J,2822,PIBA,L,5.3,NA,NA
WY,7J,2820,PIBA,L,4.3,NA,NA
WY,7J,2823,PIBA,L,10.2,NA,NA
WY,7J,2824,PIBA,L,8.9,NA,NA
WY,8J,2826,PIBA,L,5.3,NA,NA
WY,8J,2827,PIBA,L,3.6,NA,NA
WY,8J,2825,PIBA,L,2.8,NA,NA
WY,8J,2828,PIBA,L,7.9,NA,NA
WY,8J,2832,PIBA,L,6.1,NA,NA
WY,8J,2829,PIBA,L,6.9,NA,NA
WY,8J,2830,PIBA,L,4.8,NA,NA
WY,8J,2831,PIBA,L,5.1,NA,NA
WY,8I,2833,PIBA,L,6.3,NA,NA
WY,8I,2836,PIBA,L,8.1,NA,NA
WY,8I,2834,PIBA,L,7.9,NA,NA
WY,8I,2835,PIBA,L,5.3,NA,NA
WY,8I,2837,PIBA,L,4.1,NA,NA
WY,8I,2838,PIBA,L,3.3,NA,NA
WY,8I,2839,PIBA,L,9.7,NA,NA
WY,8I,2840,PIBA,L,6.6,NA,NA
WY,8I,2841,PIBA,L,8.9,NA,NA
WY,8I,2842,PIBA,L,6.3,NA,NA
WY,8H,2843,PIBA,L,9.7,NA,NA
WY,8H,2844,PIBA,L,9.7,NA,NA
WY,8H,2845,PIBA,L,9.7,NA,NA
WY,8H,2846,PIBA,L,13.2,NA,NA
WY,8G,2847,PIBA,L,8.6,NA,NA
WY,8F,2848,PIBA,L,10.9,NA,NA
WY,8E,2849,PIBA,L,12.7,NA,NA
WY,8E,2865,PIBA,L,9.1,NA,NA
WY,8E,2866,PIBA,L,5.8,NA,NA
WY,8E,2867,PIBA,L,5.6,NA,NA
WY,8E,2868,PIBA,L,13,NA,NA
WY,8D,2873,PIBA,L,3,NA,NA
WY,8D,2871,PIBA,L,7.1,NA,NA
WY,8D,2872,PIBA,L,12.4,NA,NA
WY,8D,2870,PIBA,L,3.3,NA,NA
WY,8D,2869,PIBA,L,4.3,NA,NA
WY,8D,2875,PIBA,L,10.9,NA,NA
WY,8D,2874,PIBA,L,10.4,NA,NA
WY,8C,2876,PIBA,L,11.9,NA,NA
WY,8C,2877,PIBA,L,4.3,NA,NA
WY,8C,2878,PIBA,L,7.9,NA,NA
WY,8C,2879,PIBA,L,12.7,NA,NA
WY,8B,2880,PIBA,L,9.9,NA,NA
WY,8B,2882,PIBA,L,3,NA,NA
WY,8B,2881,PIBA,L,7.1,NA,NA
WY,8B,2883,PIBA,L,8.9,NA,NA
WY,8A,2885,PIBA,L,6.9,NA,NA
WY,8A,2884,PIBA,L,6.9,NA,NA
WY,8A,2886,PIBA,L,5.6,NA,NA
WY,8A,2887,PIBA,L,4.1,NA,NA
WY,8A,2888,PIBA,L,4.3,NA,NA
WY,8A,2889,PIBA,L,6.9,NA,NA
WY,9A,2890,PIBA,L,7.4,NA,NA
WY,9A,2891,PIBA,L,4.6,NA,NA
WY,9A,2892,PIBA,L,6.3,NA,NA
WY,9A,2893,PIBA,L,3.3,NA,NA
WY,9A,2894,PIBA,L,9.1,NA,NA
WY,9A,2897,PIBA,L,5.3,NA,NA
WY,9A,2898,PIBA,L,5.1,NA,NA
WY,9A,2899,PIBA,L,3.8,NA,NA
WY,9A,2900,PIBA,L,4.1,NA,NA
WY,9A,2896,PIBA,L,4.6,NA,NA
WY,9A,2895,PIBA,L,5.6,NA,NA
WY,9A,2901,PIBA,L,6.1,NA,NA
WY,9B,2902,PIBA,L,4.6,NA,NA
WY,9B,2903,PIBA,L,6.3,NA,NA
WY,9B,2904,PIBA,L,6.6,NA,NA
WY,9B,2907,PIBA,L,3,NA,NA
WY,9B,2906,PIBA,L,4.3,NA,NA
WY,9B,2905,PIBA,L,10.9,NA,NA
WY,9B,2908,PIBA,L,12.7,NA,NA
WY,9B,2909,PIBA,L,5.1,NA,NA
WY,9C,2910,PIBA,L,7.9,NA,NA
WY,9C,2911,PIBA,L,8.9,NA,NA
WY,9C,2912,PIBA,L,4.8,NA,NA
WY,9C,2931,PIBA,L,7.9,NA,NA
WY,9C,2914,PIBA,L,8.1,NA,NA
WY,9D,2915,PIBA,L,7.6,NA,NA
WY,9D,2916,PIBA,L,10.2,NA,NA
WY,9D,2917,PIBA,L,12.2,NA,NA
WY,9E,2918,PIBA,L,9.9,NA,NA
WY,9E,2919,PIBA,L,14.5,NA,NA
WY,9F,2920,PIBA,L,11.4,NA,NA
WY,9F,2921,PIBA,L,14,NA,NA
WY,9F,2922,PIBA,L,10.9,NA,NA
WY,9F,2923,PIBA,L,9.9,NA,NA
WY,9F,2924,PIBA,L,12.7,NA,NA
WY,9G,2925,PIBA,L,13.2,NA,NA
WY,9G,2927,PIBA,L,12.2,NA,NA
WY,9G,2926,PIBA,L,11.4,NA,NA
WY,9H,2928,PIBA,L,10.7,NA,NA
WY,9I,2930,PIBA,L,4.6,NA,NA
WY,9I,2931,PIBA,L,9.1,NA,NA
WY,9I,2932,PIBA,L,2.8,NA,NA
WY,9I,2933,PIBA,L,11.7,NA,NA
WY,9I,2929,PIBA,L,10.4,NA,NA
WY,9J,2934,PIBA,L,7.4,NA,NA
WY,9J,2935,PIBA,L,11.4,NA,NA
WY,9J,2936,PIBA,L,11.2,NA,NA
WO,0A,2930,PIBA,L,13.5,NA,NA
WO,0A,2938,PIBA,L,15.7,NA,NA
WO,0A,2929,PIBA,L,8.1,NA,NA
WO,0A,2937,PIBA,L,13.5,NA,NA
WO,0A,2931,PIBA,L,12.7,NA,NA
WO,0A,2932,PIBA,L,7.6,NA,NA
WO,0A,2933,PIBA,L,12.7,NA,NA
WO,0B,2934,PIBA,L,8.6,NA,NA
WO,0C,2935,PIBA,L,15.2,NA,NA
WO,0D,2936,PIBA,L,9.9,NA,NA
WO,0D,2937,PIBA,L,17.3,NA,NA
WO,0D,2938,PIBA,L,8.9,NA,NA
WO,0D,2939,PIBA,L,17,NA,NA
WO,0D,2940,PIBA,L,11.9,NA,NA
WO,0D,2941,PIBA,L,15.2,NA,NA
WO,0D,2942,PIBA,L,18,NA,NA
WO,0E,2943,PIBA,L,11.2,NA,NA
WO,0H,2944,PIBA,L,21.6,NA,NA
WO,0I,2945,PIBA,L,16.3,NA,NA
WO,0I,2946,PIBA,L,19,NA,NA
WO,0I,2947,PIBA,L,16.5,NA,NA
WO,0J,2948,PIBA,L,8.4,NA,NA
WO,1J,2949,PIBA,L,24.1,NA,NA
WO,1G,2953,PIBA,L,11.2,13,59
WO,1G,2952,PIBA,L,20.3,NA,NA
WO,1G,2951,PIBA,L,15,NA,NA
WO,1G,2950,PIBA,L,13,NA,NA
WO,1G,2954,PIBA,L,13.2,NA,NA
WO,1F,2956,PIBA,L,20.8,NA,NA
WO,1F,2955,PIBA,L,9.9,NA,NA
WO,1E,2957,PIBA,L,12.7,NA,NA
WO,1E,2958,PIBA,L,12.7,NA,NA
WO,1D,2959,PIBA,L,18,NA,NA
WO,1D,2960,PIBA,D,10.2,NA,NA
WO,1D,2961,PIBA,L,16.8,NA,NA
WO,1D,2962,PIBA,D,5.3,NA,NA
WO,1C,2963,PIBA,D,7.6,NA,NA
WO,1C,2964,PIBA,D,15.2,NA,NA
WO,1C,2965,PIBA,L,10.9,12.7,65
WO,2A,2966,PIBA,L,9.1,8.7,83
WO,2A,2967,PIBA,L,11.4,NA,NA
WO,2A,2968,PIBA,L,11.9,NA,NA
WO,2A,2929,PIBA,D,6.1,NA,NA
WO,2A,2970,PIBA,D,9.1,NA,NA
WO,2A,2971,PIBA,L,22.9,NA,NA
WO,2B,2972,PIBA,L,11.2,NA,NA
WO,2B,2973,PIBA,L,14.7,NA,NA
WO,2C,2974,PIBA,L,10.9,NA,NA
WO,2C,2975,PIBA,D,10.7,NA,NA
WO,2D,2976,PIBA,L,19.6,NA,NA
WO,2E,2977,PIBA,L,11.9,NA,NA
WO,2E,2978,PIBA,L,17.8,15.6,59
WO,2F,2979,PIBA,L,12.7,NA,NA
WO,2F,2980,PIBA,L,18,NA,NA
WO,2F,2981,PIBA,L,14,NA,NA
WO,2F,2984,PIBA,L,14.5,NA,NA
WO,2F,2982,PIBA,L,15.7,NA,NA
WO,2F,2983,PIBA,L,10.4,8.9,72
WO,2G,2985,PIBA,L,9.7,NA,NA
WO,2G,2989,PIBA,D,7.4,NA,NA
WO,2G,2990,PIBA,D,7.9,NA,NA
WO,2G,2991,PIBA,L,17.8,NA,NA
WO,2G,2992,PIBA,D,7.1,NA,NA
WO,2G,2986,PIBA,L,13.2,NA,NA
WO,2G,2987,PIBA,L,10.2,NA,NA
WO,2G,2988,PIBA,L,16.3,NA,NA
WO,2G,2993,PIBA,L,15.7,NA,NA
WO,2G,2994,PIBA,L,17.5,NA,NA
WO,2I,2995,PIBA,L,17.8,NA,NA
WO,2J,2996,PIBA,L,16.5,NA,NA
WO,2J,2997,PIBA,L,23.4,NA,NA
WO,3J,2998,PIBA,L,14,NA,NA
WO,3J,2999,PIBA,L,19.8,NA,NA
WO,3J,3000,PIBA,L,12.4,NA,NA
WO,3I,3001,PIBA,L,13.5,NA,NA
WO,3I,3002,PIBA,L,3.3,NA,NA
WO,3H,3003,PIBA,L,16.8,NA,NA
WO,3G,3004,PIBA,L,16,NA,NA
WO,3G,3005,PIBA,L,11.4,NA,NA
WO,3G,3006,PIBA,L,15,NA,NA
WO,3G,3007,PIBA,L,16.8,NA,NA
WO,3G,3008,PIBA,L,20.8,NA,NA
WO,3G,3009,PIBA,D,9.1,NA,NA
WO,3G,3010,PIBA,L,19.3,NA,NA
WO,3G,3011,PIBA,D,5.1,NA,NA
WO,3G,3012,PIBA,L,11.9,NA,NA
WO,3D,3013,PIBA,L,23.4,NA,NA
WO,3C,3014,PIBA,L,18.5,NA,NA
WO,3B,3016,PIBA,L,16.8,NA,NA
WO,3B,3015,PIBA,L,12.4,NA,NA
WO,3A,3126,PIBA,D,4.3,NA,NA
WO,3A,3127,PIBA,L,10.9,NA,NA
WO,3A,3128,PIBA,D,8.6,NA,NA
WO,3A,3129,PIBA,L,6.1,NA,NA
WO,3A,3130,PIBA,D,9.1,NA,NA
WO,3A,3131,PIBA,D,8.1,NA,NA
WO,3A,3132,PIBA,L,11.2,NA,NA
WO,3A,3133,PIBA,L,13.2,NA,NA
WO,3A,3134,PIBA,L,9.1,NA,NA
WO,3A,3135,PIBA,L,7.1,NA,NA
WO,3A,3136,PIBA,L,11.4,NA,NA
WO,4A,3137,PIBA,L,8.4,10.6,69
WO,4A,3138,PIBA,D,7.6,NA,NA
WO,4A,3142,PIBA,D,5.3,NA,NA
WO,4A,3143,PIBA,L,8.4,NA,NA
WO,4A,3144,PIBA,L,12.7,14.2,92
WO,4A,3150,PIBA,L,6.3,NA,NA
WO,4A,3139,PIBA,D,4.6,NA,NA
WO,4A,3140,PIBA,L,13.2,NA,NA
WO,4A,3141,PIBA,L,9.1,NA,NA
WO,4B,3017,PIBA,L,14.7,NA,NA
WO,4B,3018,PIBA,L,8.1,NA,NA
WO,4B,3019,PIBA,L,16.5,NA,NA
WO,4B,3020,PIBA,D,11.7,NA,NA
WO,4B,3021,PIBA,L,18.8,NA,NA
WO,4B,3022,PIBA,L,16.3,NA,NA
WO,4B,3025,PIBA,L,10.9,16.6,78
WO,4B,3024,PIBA,L,13.2,NA,NA
WO,4B,3023,PIBA,L,8.9,NA,NA
WO,4C,3026,PIBA,L,11.4,NA,NA
WO,4C,3027,PIBA,L,17.5,NA,NA
WO,4C,3032,PIBA,L,15.5,NA,NA
WO,4C,3028,PIBA,L,11.4,NA,NA
WO,4C,3031,PIBA,L,11.4,NA,NA
WO,4C,3029,PIBA,L,10.7,NA,NA
WO,4C,3030,PIBA,L,16.8,NA,NA
WO,4C,3033,PIBA,L,12.2,NA,NA
WO,4D,3034,PIBA,L,5.8,NA,NA
WO,4D,3035,PIBA,L,16.3,NA,NA
WO,4D,3036,PIBA,L,19,NA,NA
WO,4E,3037,PIBA,L,15.2,NA,NA
WO,4E,3038,PIBA,L,12.7,NA,NA
WO,4E,3039,PIBA,L,11.4,NA,NA
WO,4E,3040,PIBA,L,14.7,NA,NA
WO,4F,3041,PIBA,L,7.6,11,65
WO,4F,3042,PIBA,L,11.2,NA,NA
WO,4F,3043,PIBA,L,17.5,NA,NA
WO,4G,3044,PIBA,L,18.8,NA,NA
WO,4H,3045,PIBA,L,11.4,NA,NA
WO,4I,3046,PIBA,L,17.8,NA,NA
WO,4J,3047,PIBA,L,17.8,NA,NA
WO,4J,3048,PIBA,L,23.6,NA,NA
WO,5J,3049,PIBA,L,17.8,NA,NA
WO,5I,3050,PIBA,D,8.6,NA,NA
WO,5I,3051,PIBA,L,19,NA,NA
WO,5I,3052,PIBA,L,15,NA,NA
WO,5I,3053,PIBA,L,15.2,NA,NA
WO,5G,3054,PIBA,L,15.5,NA,NA
WO,5G,3055,PIBA,D,11.2,NA,NA
WO,5G,3056,PIBA,L,16.3,NA,NA
WO,5G,3057,PIBA,L,15.5,NA,NA
WO,5G,3058,PIBA,D,10.2,NA,NA
WO,5G,3059,PIBA,L,14.2,NA,NA
WO,5G,3060,PIBA,D,7.6,NA,NA
WO,5G,3061,PIBA,L,18.5,NA,NA
WO,5G,3063,PIBA,D,8.6,NA,NA
WO,5G,3062,PIBA,L,18.8,NA,NA
WO,5G,3064,PIBA,L,16.3,NA,NA
WO,5F,3065,PIBA,L,18.3,NA,NA
WO,5F,3066,PIBA,D,20.6,NA,NA
WO,5F,3067,PIBA,L,19.6,NA,NA
WO,5D,3068,PIBA,L,18.8,NA,NA
WO,5D,3069,PIBA,L,16.5,NA,NA
WO,5C,3070,PIBA,L,17.3,16.3,67
WO,5C,3071,PIBA,L,18.3,NA,NA
WO,5C,3072,PIBA,L,15.2,NA,NA
WO,5B,3073,PIBA,L,16.8,NA,NA
WO,5B,3074,PIBA,L,22.4,NA,NA
WO,6A,3075,PIBA,L,22.6,NA,NA
WO,6A,3076,PIBA,L,7.9,NA,NA
WO,6A,3077,PIBA,L,18.8,NA,NA
WO,6A,3078,PIBA,L,13.5,NA,NA
WO,6B,3079,PIBA,L,16.5,NA,NA
WO,6B,3083,PIBA,L,16.5,NA,NA
WO,6B,3082,PIBA,L,15.5,NA,NA
WO,6B,3081,PIBA,L,15,NA,NA
WO,6B,3080,PIBA,L,13,NA,NA
WO,6B,3086,PIBA,D,6.9,NA,NA
WO,6B,3085,PIBA,L,5.3,NA,NA
WO,6B,3084,PIBA,L,15.7,NA,NA
WO,6C,3087,PIBA,L,10.4,15,77
WO,6C,3089,PIBA,L,12.4,NA,NA
WO,6C,3088,PIBA,L,13,NA,NA
WO,6C,3091,PIBA,L,17.3,NA,NA
WO,6F,3092,PIBA,D,4.3,NA,NA
WO,6F,3093,PIBA,L,13.7,14.2,84
WO,6F,3095,PIBA,L,23.6,NA,NA
WO,6F,3094,PIBA,L,11.7,NA,NA
WO,6G,3096,PIBA,L,9.7,NA,NA
WO,6G,3097,PIBA,L,18,NA,NA
WO,6G,3098,PIBA,L,9.4,NA,NA
WO,6G,3099,PIBA,D,11.9,NA,NA
WO,6G,3110,PIBA,D,11.2,NA,NA
WO,6G,3111,PIBA,D,14,NA,NA
WO,6I,3112,PIBA,L,9.4,NA,NA
WO,6I,3113,PIBA,L,16,NA,NA
WO,6J,3114,PIBA,L,17,NA,NA
WO,6J,3116,PIBA,L,19.3,NA,NA
WO,6J,3115,PIBA,L,14.5,14,60
WO,7J,3117,PIBA,L,15.5,NA,NA
WO,7J,3118,PIBA,L,18.5,NA,NA
WO,7I,3119,PIBA,L,12.4,NA,NA
WO,7H,3120,PIBA,L,16.3,15.7,58
WO,7G,3121,PIBA,L,11.7,NA,NA
WO,7G,3122,PIBA,D,9.7,NA,NA
WO,7F,3123,PIBA,L,10.9,NA,NA
WO,7F,3124,PIBA,L,11.9,NA,NA
WO,7F,3125,PIBA,L,18.8,17.2,94
WO,7F,3148,PIBA,L,11.4,NA,NA
WO,7F,3147,PIBA,L,11.2,NA,NA
WO,7F,3149,PIBA,L,10.2,NA,NA
WO,7F,3151,PIBA,L,14.7,NA,NA
WO,7F,3152,PIBA,L,13.5,NA,NA
WO,7F,3146,PIBA,L,10.4,NA,NA
WO,7F,3145,PIBA,L,24.9,NA,NA
WO,7E,3153,PIBA,L,15.2,NA,NA
WO,7E,3157,PIBA,L,15.2,16.8,81
WO,7E,3154,PIBA,L,15.5,NA,NA
WO,7E,3155,PIBA,L,14.7,NA,NA
WO,7E,3156,PIBA,L,16.8,NA,NA
WO,7E,3158,PIBA,L,16,NA,NA
WO,7E,3159,PIBA,L,11.9,NA,NA
WO,7D,3160,PIBA,L,15.7,NA,NA
WO,7D,3161,PIBA,L,16.5,NA,NA
WO,7C,3162,PIBA,L,18.3,NA,NA
WO,7C,3164,PIBA,L,11.7,NA,NA
WO,7C,3163,PIBA,L,14.5,NA,NA
WO,7B,3252,PIBA,L,11.9,NA,NA
WO,7B,3251,PIBA,L,14.5,NA,NA
WO,7B,3250,PIBA,L,16,NA,NA
WO,7A,3253,PIBA,D,18.5,NA,NA
WO,7A,3255,PIBA,L,11.7,NA,NA
WO,7A,3256,PIBA,L,10.4,NA,NA
WO,7A,3259,PIBA,L,8.1,NA,NA
WO,7A,3257,PIBA,L,18.5,NA,NA
WO,7A,3258,PIBA,L,13.7,NA,NA
WO,7A,3254,PIBA,L,12.7,NA,NA
WO,7A,3260,PIBA,L,10.9,NA,NA
WO,7A,3261,PIBA,D,5.8,NA,NA
WO,8A,3262,PIBA,L,16.8,NA,NA
WO,8B,3263,PIBA,L,15.7,NA,NA
WO,8B,3264,PIBA,L,18.5,NA,NA
WO,8B,3265,PIBA,D,5.1,NA,NA
WO,8B,3266,PIBA,L,16.3,NA,NA
WO,8B,3267,PIBA,L,12.7,NA,NA
WO,8B,3269,PIBA,L,8.1,NA,NA
WO,8C,3270,PIBA,L,20.3,NA,NA
WO,8C,3268,PIBA,L,18,NA,NA
WO,8C,3271,PIBA,L,8.9,NA,NA
WO,8C,3272,PIBA,L,11.7,NA,NA
WO,8C,3273,PIBA,D,4.6,NA,NA
WO,8C,3274,PIBA,D,8.1,NA,NA
WO,8C,3275,PIBA,D,8.9,NA,NA
WO,8C,3276,PIBA,L,8.1,NA,NA
WO,8C,3277,PIBA,D,9.4,NA,NA
WO,8D,3278,PIBA,L,10.4,NA,NA
WO,8D,3285,PIBA,L,14.2,NA,NA
WO,8D,3284,PIBA,L,11.9,NA,NA
WO,8D,3286,PIBA,L,14,NA,NA
WO,8D,3281,PIBA,D,13.2,NA,NA
WO,8D,3280,PIBA,L,21.8,NA,NA
WO,8D,3279,PIBA,L,15.5,NA,NA
WO,8D,3282,PIBA,L,18.8,NA,NA
WO,8D,3283,PIBA,L,22.6,NA,NA
WO,8E,3287,PIBA,L,12.4,NA,NA
WO,8E,3289,PIBA,L,18.8,NA,NA
WO,8E,3288,PIBA,D,9.1,NA,NA
WO,8F,3290,PIBA,D,9.1,NA,NA
WO,8F,3291,PIBA,L,18,NA,NA
WO,8F,3292,PIBA,L,11.4,NA,NA
WO,8F,3293,PIBA,L,21.3,NA,NA
WO,8G,3294,PIBA,D,11.7,NA,NA
WO,8G,3295,PIBA,D,8.9,NA,NA
WO,8G,3296,PIBA,L,18.5,NA,NA
WO,8G,3297,PIBA,L,17.5,NA,NA
WO,8H,3298,PIBA,L,13.2,NA,NA
WO,8I,3299,PIBA,L,19.6,NA,NA
WO,8I,3300,PIBA,L,20.1,NA,NA
WO,8I,3301,PIBA,L,21.1,NA,NA
WO,8J,3302,PIBA,D,10.7,NA,NA
WO,9J,3303,PIBA,L,18,NA,NA
WO,9J,3304,PIBA,L,18.3,NA,NA
WO,9G,3305,PIBA,L,19.6,NA,NA
WO,9D,3306,PIBA,L,13.5,NA,NA
WO,9D,3307,PIBA,L,14.7,NA,NA
WO,9D,3308,PIBA,L,14.5,NA,NA
WO,9D,3309,PIBA,L,14.7,NA,NA
WO,9C,3310,PIBA,L,12.2,NA,NA
WO,9C,3312,PIBA,L,13.5,NA,NA
WO,9C,3311,PIBA,L,18.5,NA,NA
WO,9C,3314,PIBA,D,15,NA,NA
WO,9C,3313,PIBA,L,16.8,NA,NA
WO,9C,3315,PIBA,D,8.4,NA,NA
WO,9B,3317,PIBA,L,11.7,NA,NA
WO,9B,3321,PIBA,D,10.2,NA,NA
WO,9B,3320,PIBA,L,12.7,NA,NA
WO,9B,3318,PIBA,L,16,NA,NA
WO,9B,3319,PIBA,L,18,NA,NA
WO,9B,3322,PIBA,L,17.8,NA,NA
WO,9B,3323,PIBA,L,21.6,NA,NA
WO,9B,3324,PIBA,L,11.9,NA,NA
