component,date,biomass_g_per_m2,stand,trap_number
alder_leaves,1983-06-07,0.1,1,1
aspen_leaves,1983-06-07,0,1,1
female_cones,1983-06-07,0,1,1
fir_needles,1983-06-07,0,1,1
male_cones,1983-06-07,0.08,1,1
pine_needles,1983-06-07,5.53,1,1
spruce_needles,1983-06-07,0,1,1
structural,1983-06-07,0.22,1,1
total_litter,1983-06-07,5.93,1,1
alder_leaves,1983-06-07,0.52,1,2
aspen_leaves,1983-06-07,0,1,2
female_cones,1983-06-07,0,1,2
fir_needles,1983-06-07,0,1,2
male_cones,1983-06-07,0.08,1,2
pine_needles,1983-06-07,10.08,1,2
spruce_needles,1983-06-07,0,1,2
structural,1983-06-07,1.12,1,2
total_litter,1983-06-07,11.8,1,2
alder_leaves,1983-06-07,0.16,1,3
aspen_leaves,1983-06-07,0,1,3
female_cones,1983-06-07,0,1,3
fir_needles,1983-06-07,0,1,3
male_cones,1983-06-07,0.04,1,3
pine_needles,1983-06-07,7.08,1,3
spruce_needles,1983-06-07,0,1,3
structural,1983-06-07,0.2,1,3
total_litter,1983-06-07,7.48,1,3
alder_leaves,1983-06-07,0,1,4
aspen_leaves,1983-06-07,0,1,4
female_cones,1983-06-07,0,1,4
fir_needles,1983-06-07,0,1,4
male_cones,1983-06-07,0.12,1,4
pine_needles,1983-06-07,4.08,1,4
spruce_needles,1983-06-07,0,1,4
structural,1983-06-07,0.08,1,4
total_litter,1983-06-07,4.28,1,4
alder_leaves,1983-06-07,0.32,1,5
aspen_leaves,1983-06-07,0,1,5
female_cones,1983-06-07,0,1,5
fir_needles,1983-06-07,0,1,5
male_cones,1983-06-07,0.12,1,5
pine_needles,1983-06-07,1.88,1,5
spruce_needles,1983-06-07,0,1,5
structural,1983-06-07,0.04,1,5
total_litter,1983-06-07,2.36,1,5
alder_leaves,1983-06-07,0,1,6
aspen_leaves,1983-06-07,0,1,6
female_cones,1983-06-07,0,1,6
fir_needles,1983-06-07,0,1,6
male_cones,1983-06-07,0.12,1,6
pine_needles,1983-06-07,1.48,1,6
spruce_needles,1983-06-07,0,1,6
structural,1983-06-07,0.12,1,6
total_litter,1983-06-07,1.72,1,6
alder_leaves,1983-06-07,0,1,7
aspen_leaves,1983-06-07,0,1,7
female_cones,1983-06-07,0,1,7
fir_needles,1983-06-07,0,1,7
male_cones,1983-06-07,0.08,1,7
pine_needles,1983-06-07,9.04,1,7
spruce_needles,1983-06-07,0,1,7
structural,1983-06-07,0.08,1,7
total_litter,1983-06-07,9.2,1,7
alder_leaves,1983-06-07,0,1,8
aspen_leaves,1983-06-07,0,1,8
female_cones,1983-06-07,0,1,8
fir_needles,1983-06-07,0,1,8
male_cones,1983-06-07,0.16,1,8
pine_needles,1983-06-07,6.32,1,8
spruce_needles,1983-06-07,0,1,8
structural,1983-06-07,0.24,1,8
total_litter,1983-06-07,6.72,1,8
alder_leaves,1983-06-07,0,1,9
aspen_leaves,1983-06-07,0,1,9
female_cones,1983-06-07,0,1,9
fir_needles,1983-06-07,0,1,9
male_cones,1983-06-07,0,1,9
pine_needles,1983-06-07,7.52,1,9
spruce_needles,1983-06-07,0,1,9
structural,1983-06-07,0,1,9
total_litter,1983-06-07,7.52,1,9
alder_leaves,1983-06-07,0,1,10
aspen_leaves,1983-06-07,0,1,10
female_cones,1983-06-07,0,1,10
fir_needles,1983-06-07,0,1,10
male_cones,1983-06-07,0.08,1,10
pine_needles,1983-06-07,7.8,1,10
spruce_needles,1983-06-07,0,1,10
structural,1983-06-07,0.28,1,10
total_litter,1983-06-07,8.16,1,10
alder_leaves,1983-07-02,0,1,1
aspen_leaves,1983-07-02,0,1,1
female_cones,1983-07-02,0,1,1
fir_needles,1983-07-02,0,1,1
male_cones,1983-07-02,0.44,1,1
pine_needles,1983-07-02,5.6,1,1
spruce_needles,1983-07-02,0,1,1
structural,1983-07-02,0,1,1
total_litter,1983-07-02,6.04,1,1
alder_leaves,1983-07-02,0.44,1,2
aspen_leaves,1983-07-02,0,1,2
female_cones,1983-07-02,0,1,2
fir_needles,1983-07-02,0,1,2
male_cones,1983-07-02,7.4,1,2
pine_needles,1983-07-02,33.24,1,2
spruce_needles,1983-07-02,0,1,2
structural,1983-07-02,4.76,1,2
total_litter,1983-07-02,45.84,1,2
alder_leaves,1983-07-02,0,1,3
aspen_leaves,1983-07-02,0,1,3
female_cones,1983-07-02,0,1,3
fir_needles,1983-07-02,0,1,3
male_cones,1983-07-02,3.72,1,3
pine_needles,1983-07-02,26.52,1,3
spruce_needles,1983-07-02,0,1,3
structural,1983-07-02,2.6,1,3
total_litter,1983-07-02,32.84,1,3
alder_leaves,1983-07-02,0,1,4
aspen_leaves,1983-07-02,0,1,4
female_cones,1983-07-02,0,1,4
fir_needles,1983-07-02,0,1,4
male_cones,1983-07-02,0.88,1,4
pine_needles,1983-07-02,8.4,1,4
spruce_needles,1983-07-02,0,1,4
structural,1983-07-02,0.2,1,4
total_litter,1983-07-02,9.48,1,4
alder_leaves,1983-07-02,0.4,1,5
aspen_leaves,1983-07-02,0,1,5
female_cones,1983-07-02,0,1,5
fir_needles,1983-07-02,0,1,5
male_cones,1983-07-02,3.4,1,5
pine_needles,1983-07-02,10.8,1,5
spruce_needles,1983-07-02,0,1,5
structural,1983-07-02,0.12,1,5
total_litter,1983-07-02,14.72,1,5
alder_leaves,1983-07-02,0,1,6
aspen_leaves,1983-07-02,0,1,6
female_cones,1983-07-02,0,1,6
fir_needles,1983-07-02,0,1,6
male_cones,1983-07-02,3.72,1,6
pine_needles,1983-07-02,18.64,1,6
spruce_needles,1983-07-02,0,1,6
structural,1983-07-02,2.28,1,6
total_litter,1983-07-02,24.64,1,6
alder_leaves,1983-07-02,0,1,7
aspen_leaves,1983-07-02,0,1,7
female_cones,1983-07-02,0,1,7
fir_needles,1983-07-02,0,1,7
male_cones,1983-07-02,2.88,1,7
pine_needles,1983-07-02,25.92,1,7
spruce_needles,1983-07-02,0,1,7
structural,1983-07-02,1.28,1,7
total_litter,1983-07-02,30.08,1,7
alder_leaves,1983-07-02,0,1,8
aspen_leaves,1983-07-02,0,1,8
female_cones,1983-07-02,0,1,8
fir_needles,1983-07-02,0,1,8
male_cones,1983-07-02,2.2,1,8
pine_needles,1983-07-02,18.24,1,8
spruce_needles,1983-07-02,0,1,8
structural,1983-07-02,1.44,1,8
total_litter,1983-07-02,21.88,1,8
alder_leaves,1983-07-02,0,1,9
aspen_leaves,1983-07-02,0,1,9
female_cones,1983-07-02,0,1,9
fir_needles,1983-07-02,0,1,9
male_cones,1983-07-02,0.72,1,9
pine_needles,1983-07-02,16.32,1,9
spruce_needles,1983-07-02,0,1,9
structural,1983-07-02,0.48,1,9
total_litter,1983-07-02,17.52,1,9
alder_leaves,1983-07-02,0,1,10
aspen_leaves,1983-07-02,0,1,10
female_cones,1983-07-02,0,1,10
fir_needles,1983-07-02,0,1,10
male_cones,1983-07-02,2.4,1,10
pine_needles,1983-07-02,24.76,1,10
spruce_needles,1983-07-02,0,1,10
structural,1983-07-02,2.28,1,10
total_litter,1983-07-02,29.44,1,10
alder_leaves,1983-08-07,0,1,1
aspen_leaves,1983-08-07,0,1,1
female_cones,1983-08-07,0,1,1
fir_needles,1983-08-07,0,1,1
male_cones,1983-08-07,0.04,1,1
pine_needles,1983-08-07,5.12,1,1
spruce_needles,1983-08-07,0,1,1
structural,1983-08-07,1.2,1,1
total_litter,1983-08-07,6.36,1,1
alder_leaves,1983-08-07,0,1,2
aspen_leaves,1983-08-07,0,1,2
female_cones,1983-08-07,0,1,2
fir_needles,1983-08-07,0,1,2
male_cones,1983-08-07,0.88,1,2
pine_needles,1983-08-07,20.36,1,2
spruce_needles,1983-08-07,0,1,2
structural,1983-08-07,3.64,1,2
total_litter,1983-08-07,24.88,1,2
alder_leaves,1983-08-07,0.04,1,3
aspen_leaves,1983-08-07,0,1,3
female_cones,1983-08-07,0,1,3
fir_needles,1983-08-07,0,1,3
male_cones,1983-08-07,0.92,1,3
pine_needles,1983-08-07,17.32,1,3
spruce_needles,1983-08-07,0,1,3
structural,1983-08-07,5.72,1,3
total_litter,1983-08-07,24,1,3
alder_leaves,1983-08-07,0,1,4
aspen_leaves,1983-08-07,0,1,4
female_cones,1983-08-07,0,1,4
fir_needles,1983-08-07,0,1,4
male_cones,1983-08-07,0.48,1,4
pine_needles,1983-08-07,13.12,1,4
spruce_needles,1983-08-07,0,1,4
structural,1983-08-07,8.68,1,4
total_litter,1983-08-07,22.28,1,4
alder_leaves,1983-08-07,1.4,1,5
aspen_leaves,1983-08-07,0,1,5
female_cones,1983-08-07,0,1,5
fir_needles,1983-08-07,0,1,5
male_cones,1983-08-07,0.28,1,5
pine_needles,1983-08-07,4.48,1,5
spruce_needles,1983-08-07,0,1,5
structural,1983-08-07,1.92,1,5
total_litter,1983-08-07,8.08,1,5
alder_leaves,1983-08-07,0,1,6
aspen_leaves,1983-08-07,0,1,6
female_cones,1983-08-07,0,1,6
fir_needles,1983-08-07,0,1,6
male_cones,1983-08-07,1.16,1,6
pine_needles,1983-08-07,5.12,1,6
spruce_needles,1983-08-07,0,1,6
structural,1983-08-07,0,1,6
total_litter,1983-08-07,6.28,1,6
alder_leaves,1983-08-07,0,1,7
aspen_leaves,1983-08-07,0,1,7
female_cones,1983-08-07,0,1,7
fir_needles,1983-08-07,0,1,7
male_cones,1983-08-07,0.36,1,7
pine_needles,1983-08-07,16.16,1,7
spruce_needles,1983-08-07,0,1,7
structural,1983-08-07,4.44,1,7
total_litter,1983-08-07,20.96,1,7
alder_leaves,1983-08-07,0,1,8
aspen_leaves,1983-08-07,0,1,8
female_cones,1983-08-07,0,1,8
fir_needles,1983-08-07,0,1,8
male_cones,1983-08-07,0.4,1,8
pine_needles,1983-08-07,14.52,1,8
spruce_needles,1983-08-07,0,1,8
structural,1983-08-07,1.88,1,8
total_litter,1983-08-07,16.8,1,8
alder_leaves,1983-08-07,0,1,9
aspen_leaves,1983-08-07,0,1,9
female_cones,1983-08-07,0,1,9
fir_needles,1983-08-07,0,1,9
male_cones,1983-08-07,0.16,1,9
pine_needles,1983-08-07,13.96,1,9
spruce_needles,1983-08-07,0,1,9
structural,1983-08-07,3.24,1,9
total_litter,1983-08-07,17.36,1,9
alder_leaves,1983-08-07,0,1,10
aspen_leaves,1983-08-07,0,1,10
female_cones,1983-08-07,0,1,10
fir_needles,1983-08-07,0,1,10
male_cones,1983-08-07,0.36,1,10
pine_needles,1983-08-07,16.52,1,10
spruce_needles,1983-08-07,0,1,10
structural,1983-08-07,6.92,1,10
total_litter,1983-08-07,23.8,1,10
alder_leaves,1983-09-07,0.23,1,1
aspen_leaves,1983-09-07,0,1,1
female_cones,1983-09-07,0,1,1
fir_needles,1983-09-07,0,1,1
male_cones,1983-09-07,0.08,1,1
pine_needles,1983-09-07,6.38,1,1
spruce_needles,1983-09-07,0,1,1
structural,1983-09-07,1.78,1,1
total_litter,1983-09-07,8.47,1,1
alder_leaves,1983-09-07,0,1,2
aspen_leaves,1983-09-07,0,1,2
female_cones,1983-09-07,0,1,2
fir_needles,1983-09-07,0,1,2
male_cones,1983-09-07,0.2,1,2
pine_needles,1983-09-07,9.72,1,2
spruce_needles,1983-09-07,0,1,2
structural,1983-09-07,4.12,1,2
total_litter,1983-09-07,14.04,1,2
alder_leaves,1983-09-07,1,1,3
aspen_leaves,1983-09-07,0,1,3
female_cones,1983-09-07,0,1,3
fir_needles,1983-09-07,0,1,3
male_cones,1983-09-07,0.04,1,3
pine_needles,1983-09-07,13.4,1,3
spruce_needles,1983-09-07,0,1,3
structural,1983-09-07,6.24,1,3
total_litter,1983-09-07,20.68,1,3
alder_leaves,1983-09-07,0.04,1,4
aspen_leaves,1983-09-07,0,1,4
female_cones,1983-09-07,0,1,4
fir_needles,1983-09-07,0,1,4
male_cones,1983-09-07,0.08,1,4
pine_needles,1983-09-07,5.08,1,4
spruce_needles,1983-09-07,0,1,4
structural,1983-09-07,2.28,1,4
total_litter,1983-09-07,7.48,1,4
alder_leaves,1983-09-07,1.28,1,5
aspen_leaves,1983-09-07,0,1,5
female_cones,1983-09-07,0,1,5
fir_needles,1983-09-07,0,1,5
male_cones,1983-09-07,0.16,1,5
pine_needles,1983-09-07,4.28,1,5
spruce_needles,1983-09-07,0,1,5
structural,1983-09-07,1.96,1,5
total_litter,1983-09-07,7.68,1,5
alder_leaves,1983-09-07,0,1,6
aspen_leaves,1983-09-07,0,1,6
female_cones,1983-09-07,0,1,6
fir_needles,1983-09-07,0,1,6
male_cones,1983-09-07,0,1,6
pine_needles,1983-09-07,1.28,1,6
spruce_needles,1983-09-07,0,1,6
structural,1983-09-07,0.8,1,6
total_litter,1983-09-07,2.08,1,6
alder_leaves,1983-09-07,0,1,7
aspen_leaves,1983-09-07,0,1,7
female_cones,1983-09-07,0,1,7
fir_needles,1983-09-07,0,1,7
male_cones,1983-09-07,0.08,1,7
pine_needles,1983-09-07,6.76,1,7
spruce_needles,1983-09-07,0,1,7
structural,1983-09-07,0.68,1,7
total_litter,1983-09-07,7.52,1,7
alder_leaves,1983-09-07,0,1,8
aspen_leaves,1983-09-07,0,1,8
female_cones,1983-09-07,0,1,8
fir_needles,1983-09-07,0,1,8
male_cones,1983-09-07,0.16,1,8
pine_needles,1983-09-07,10.12,1,8
spruce_needles,1983-09-07,0,1,8
structural,1983-09-07,0.68,1,8
total_litter,1983-09-07,10.96,1,8
alder_leaves,1983-09-07,0,1,9
aspen_leaves,1983-09-07,0,1,9
female_cones,1983-09-07,0,1,9
fir_needles,1983-09-07,0,1,9
male_cones,1983-09-07,0.04,1,9
pine_needles,1983-09-07,4.56,1,9
spruce_needles,1983-09-07,0,1,9
structural,1983-09-07,0.04,1,9
total_litter,1983-09-07,4.64,1,9
alder_leaves,1983-09-07,0,1,10
aspen_leaves,1983-09-07,0,1,10
female_cones,1983-09-07,0,1,10
fir_needles,1983-09-07,0,1,10
male_cones,1983-09-07,0.04,1,10
pine_needles,1983-09-07,8.6,1,10
spruce_needles,1983-09-07,0,1,10
structural,1983-09-07,1,1,10
total_litter,1983-09-07,9.64,1,10
alder_leaves,1983-10-07,0,1,1
aspen_leaves,1983-10-07,0.36,1,1
female_cones,1983-10-07,0,1,1
fir_needles,1983-10-07,0,1,1
male_cones,1983-10-07,0,1,1
pine_needles,1983-10-07,2.72,1,1
spruce_needles,1983-10-07,0,1,1
structural,1983-10-07,0,1,1
total_litter,1983-10-07,3.08,1,1
alder_leaves,1983-10-07,13.88,1,2
aspen_leaves,1983-10-07,0,1,2
female_cones,1983-10-07,0,1,2
fir_needles,1983-10-07,0,1,2
male_cones,1983-10-07,16.16,1,2
pine_needles,1983-10-07,15.84,1,2
spruce_needles,1983-10-07,0,1,2
structural,1983-10-07,0,1,2
total_litter,1983-10-07,45.88,1,2
alder_leaves,1983-10-07,13.44,1,3
aspen_leaves,1983-10-07,0,1,3
female_cones,1983-10-07,0,1,3
fir_needles,1983-10-07,0,1,3
male_cones,1983-10-07,0,1,3
pine_needles,1983-10-07,20.68,1,3
spruce_needles,1983-10-07,0,1,3
structural,1983-10-07,0,1,3
total_litter,1983-10-07,34.12,1,3
alder_leaves,1983-10-07,25.96,1,4
aspen_leaves,1983-10-07,0.32,1,4
female_cones,1983-10-07,0,1,4
fir_needles,1983-10-07,0,1,4
male_cones,1983-10-07,0,1,4
pine_needles,1983-10-07,10.04,1,4
spruce_needles,1983-10-07,0,1,4
structural,1983-10-07,1.96,1,4
total_litter,1983-10-07,38.28,1,4
alder_leaves,1983-10-07,36.84,1,5
aspen_leaves,1983-10-07,0,1,5
female_cones,1983-10-07,0,1,5
fir_needles,1983-10-07,0,1,5
male_cones,1983-10-07,0,1,5
pine_needles,1983-10-07,6.88,1,5
spruce_needles,1983-10-07,0,1,5
structural,1983-10-07,0,1,5
total_litter,1983-10-07,43.72,1,5
alder_leaves,1983-10-07,0,1,6
aspen_leaves,1983-10-07,0,1,6
female_cones,1983-10-07,0,1,6
fir_needles,1983-10-07,0,1,6
male_cones,1983-10-07,0,1,6
pine_needles,1983-10-07,6.08,1,6
spruce_needles,1983-10-07,0,1,6
structural,1983-10-07,0,1,6
total_litter,1983-10-07,6.08,1,6
alder_leaves,1983-10-07,0,1,7
aspen_leaves,1983-10-07,0,1,7
female_cones,1983-10-07,0,1,7
fir_needles,1983-10-07,0,1,7
male_cones,1983-10-07,0,1,7
pine_needles,1983-10-07,13.96,1,7
spruce_needles,1983-10-07,0,1,7
structural,1983-10-07,0,1,7
total_litter,1983-10-07,13.96,1,7
alder_leaves,1983-10-07,0,1,8
aspen_leaves,1983-10-07,0,1,8
female_cones,1983-10-07,0,1,8
fir_needles,1983-10-07,0,1,8
male_cones,1983-10-07,0,1,8
pine_needles,1983-10-07,14.64,1,8
spruce_needles,1983-10-07,0,1,8
structural,1983-10-07,0.24,1,8
total_litter,1983-10-07,14.88,1,8
alder_leaves,1983-10-07,0,1,9
aspen_leaves,1983-10-07,0,1,9
female_cones,1983-10-07,0,1,9
fir_needles,1983-10-07,0,1,9
male_cones,1983-10-07,0,1,9
pine_needles,1983-10-07,7.08,1,9
spruce_needles,1983-10-07,0,1,9
structural,1983-10-07,0,1,9
total_litter,1983-10-07,7.08,1,9
alder_leaves,1983-10-07,0,1,10
aspen_leaves,1983-10-07,0,1,10
female_cones,1983-10-07,0,1,10
fir_needles,1983-10-07,0,1,10
male_cones,1983-10-07,0,1,10
pine_needles,1983-10-07,16.92,1,10
spruce_needles,1983-10-07,0,1,10
structural,1983-10-07,1.56,1,10
total_litter,1983-10-07,18.48,1,10
alder_leaves,1983-11-07,0.36,1,1
aspen_leaves,1983-11-07,0,1,1
female_cones,1983-11-07,0,1,1
fir_needles,1983-11-07,0,1,1
male_cones,1983-11-07,0,1,1
pine_needles,1983-11-07,6.52,1,1
spruce_needles,1983-11-07,0,1,1
structural,1983-11-07,0.12,1,1
total_litter,1983-11-07,7,1,1
alder_leaves,1983-11-07,1.8,1,2
aspen_leaves,1983-11-07,0,1,2
female_cones,1983-11-07,0,1,2
fir_needles,1983-11-07,0,1,2
male_cones,1983-11-07,0.04,1,2
pine_needles,1983-11-07,17.48,1,2
spruce_needles,1983-11-07,0,1,2
structural,1983-11-07,0.6,1,2
total_litter,1983-11-07,19.92,1,2
alder_leaves,1983-11-07,1.84,1,3
aspen_leaves,1983-11-07,0,1,3
female_cones,1983-11-07,0,1,3
fir_needles,1983-11-07,0,1,3
male_cones,1983-11-07,0,1,3
pine_needles,1983-11-07,23.16,1,3
spruce_needles,1983-11-07,0,1,3
structural,1983-11-07,0.32,1,3
total_litter,1983-11-07,25.32,1,3
alder_leaves,1983-11-07,0.04,1,4
aspen_leaves,1983-11-07,0,1,4
female_cones,1983-11-07,0,1,4
fir_needles,1983-11-07,0,1,4
male_cones,1983-11-07,0,1,4
pine_needles,1983-11-07,16.88,1,4
spruce_needles,1983-11-07,0,1,4
structural,1983-11-07,0.04,1,4
total_litter,1983-11-07,16.96,1,4
alder_leaves,1983-11-07,3.52,1,5
aspen_leaves,1983-11-07,0,1,5
female_cones,1983-11-07,0,1,5
fir_needles,1983-11-07,0,1,5
male_cones,1983-11-07,0,1,5
pine_needles,1983-11-07,10.72,1,5
spruce_needles,1983-11-07,0,1,5
structural,1983-11-07,0.04,1,5
total_litter,1983-11-07,14.28,1,5
alder_leaves,1983-11-07,0.16,1,6
aspen_leaves,1983-11-07,0,1,6
female_cones,1983-11-07,0,1,6
fir_needles,1983-11-07,0,1,6
male_cones,1983-11-07,0.04,1,6
pine_needles,1983-11-07,8.28,1,6
spruce_needles,1983-11-07,0,1,6
structural,1983-11-07,0.04,1,6
total_litter,1983-11-07,8.52,1,6
alder_leaves,1983-11-07,0.04,1,7
aspen_leaves,1983-11-07,0,1,7
female_cones,1983-11-07,0,1,7
fir_needles,1983-11-07,0,1,7
male_cones,1983-11-07,0.04,1,7
pine_needles,1983-11-07,18.84,1,7
spruce_needles,1983-11-07,0,1,7
structural,1983-11-07,0.04,1,7
total_litter,1983-11-07,18.96,1,7
alder_leaves,1983-11-07,0.08,1,8
aspen_leaves,1983-11-07,0,1,8
female_cones,1983-11-07,0,1,8
fir_needles,1983-11-07,0,1,8
male_cones,1983-11-07,0.04,1,8
pine_needles,1983-11-07,18.2,1,8
spruce_needles,1983-11-07,0,1,8
structural,1983-11-07,0.12,1,8
total_litter,1983-11-07,18.44,1,8
alder_leaves,1983-11-07,0,1,9
aspen_leaves,1983-11-07,0,1,9
female_cones,1983-11-07,0,1,9
fir_needles,1983-11-07,0,1,9
male_cones,1983-11-07,0,1,9
pine_needles,1983-11-07,11.6,1,9
spruce_needles,1983-11-07,0,1,9
structural,1983-11-07,0.16,1,9
total_litter,1983-11-07,11.76,1,9
alder_leaves,1983-11-07,0,1,10
aspen_leaves,1983-11-07,0,1,10
female_cones,1983-11-07,0,1,10
fir_needles,1983-11-07,0,1,10
male_cones,1983-11-07,0,1,10
pine_needles,1983-11-07,17.96,1,10
spruce_needles,1983-11-07,0,1,10
structural,1983-11-07,0.28,1,10
total_litter,1983-11-07,18.24,1,10
alder_leaves,1984-05-07,0,1,1
aspen_leaves,1984-05-07,0.48,1,1
female_cones,1984-05-07,0,1,1
fir_needles,1984-05-07,0,1,1
male_cones,1984-05-07,0,1,1
pine_needles,1984-05-07,25.4,1,1
spruce_needles,1984-05-07,0,1,1
structural,1984-05-07,0.24,1,1
total_litter,1984-05-07,26.12,1,1
alder_leaves,1984-05-07,0.92,1,2
aspen_leaves,1984-05-07,0,1,2
female_cones,1984-05-07,0,1,2
fir_needles,1984-05-07,0,1,2
male_cones,1984-05-07,0,1,2
pine_needles,1984-05-07,54.76,1,2
spruce_needles,1984-05-07,0,1,2
structural,1984-05-07,6.8,1,2
total_litter,1984-05-07,62.48,1,2
alder_leaves,1984-05-07,0.8,1,3
aspen_leaves,1984-05-07,0,1,3
female_cones,1984-05-07,0,1,3
fir_needles,1984-05-07,0,1,3
male_cones,1984-05-07,0,1,3
pine_needles,1984-05-07,50.2,1,3
spruce_needles,1984-05-07,0,1,3
structural,1984-05-07,1,1,3
total_litter,1984-05-07,52,1,3
alder_leaves,1984-05-07,2,1,4
aspen_leaves,1984-05-07,0,1,4
female_cones,1984-05-07,0,1,4
fir_needles,1984-05-07,0,1,4
male_cones,1984-05-07,0.12,1,4
pine_needles,1984-05-07,39.32,1,4
spruce_needles,1984-05-07,0,1,4
structural,1984-05-07,2.04,1,4
total_litter,1984-05-07,43.48,1,4
alder_leaves,1984-05-07,0,1,5
aspen_leaves,1984-05-07,1.04,1,5
female_cones,1984-05-07,0,1,5
fir_needles,1984-05-07,0,1,5
male_cones,1984-05-07,0.08,1,5
pine_needles,1984-05-07,31.44,1,5
spruce_needles,1984-05-07,0,1,5
structural,1984-05-07,0.36,1,5
total_litter,1984-05-07,32.92,1,5
alder_leaves,1984-05-07,0.04,1,6
aspen_leaves,1984-05-07,0,1,6
female_cones,1984-05-07,0,1,6
fir_needles,1984-05-07,0,1,6
male_cones,1984-05-07,0,1,6
pine_needles,1984-05-07,24.24,1,6
spruce_needles,1984-05-07,0,1,6
structural,1984-05-07,3,1,6
total_litter,1984-05-07,27.28,1,6
alder_leaves,1984-05-07,0,1,7
aspen_leaves,1984-05-07,0,1,7
female_cones,1984-05-07,0,1,7
fir_needles,1984-05-07,0,1,7
male_cones,1984-05-07,0.08,1,7
pine_needles,1984-05-07,36.28,1,7
spruce_needles,1984-05-07,0,1,7
structural,1984-05-07,1.76,1,7
total_litter,1984-05-07,38.12,1,7
alder_leaves,1984-05-07,0,1,8
aspen_leaves,1984-05-07,0,1,8
female_cones,1984-05-07,0,1,8
fir_needles,1984-05-07,0,1,8
male_cones,1984-05-07,0,1,8
pine_needles,1984-05-07,42.2,1,8
spruce_needles,1984-05-07,0,1,8
structural,1984-05-07,3.4,1,8
total_litter,1984-05-07,45.6,1,8
alder_leaves,1984-05-07,0,1,9
aspen_leaves,1984-05-07,0,1,9
female_cones,1984-05-07,0,1,9
fir_needles,1984-05-07,0,1,9
male_cones,1984-05-07,0,1,9
pine_needles,1984-05-07,31.24,1,9
spruce_needles,1984-05-07,0,1,9
structural,1984-05-07,1.04,1,9
total_litter,1984-05-07,32.28,1,9
alder_leaves,1984-05-07,0,1,10
aspen_leaves,1984-05-07,0,1,10
female_cones,1984-05-07,0,1,10
fir_needles,1984-05-07,0,1,10
male_cones,1984-05-07,0.28,1,10
pine_needles,1984-05-07,48.68,1,10
spruce_needles,1984-05-07,0,1,10
structural,1984-05-07,0.76,1,10
total_litter,1984-05-07,49.72,1,10
alder_leaves,1983-06-07,0,2,1
aspen_leaves,1983-06-07,0,2,1
female_cones,1983-06-07,0,2,1
fir_needles,1983-06-07,0,2,1
male_cones,1983-06-07,0.4,2,1
pine_needles,1983-06-07,4.88,2,1
spruce_needles,1983-06-07,0,2,1
structural,1983-06-07,0.04,2,1
total_litter,1983-06-07,5.32,2,1
alder_leaves,1983-06-07,0,2,2
aspen_leaves,1983-06-07,0,2,2
female_cones,1983-06-07,0,2,2
fir_needles,1983-06-07,0,2,2
male_cones,1983-06-07,0.16,2,2
pine_needles,1983-06-07,3.56,2,2
spruce_needles,1983-06-07,0,2,2
structural,1983-06-07,0.44,2,2
total_litter,1983-06-07,4.16,2,2
alder_leaves,1983-06-07,0,2,3
aspen_leaves,1983-06-07,0,2,3
female_cones,1983-06-07,0,2,3
fir_needles,1983-06-07,0,2,3
male_cones,1983-06-07,0,2,3
pine_needles,1983-06-07,1,2,3
spruce_needles,1983-06-07,0,2,3
structural,1983-06-07,0.04,2,3
total_litter,1983-06-07,1.04,2,3
alder_leaves,1983-06-07,0,2,4
aspen_leaves,1983-06-07,0,2,4
female_cones,1983-06-07,0,2,4
fir_needles,1983-06-07,0,2,4
male_cones,1983-06-07,0.48,2,4
pine_needles,1983-06-07,8.08,2,4
spruce_needles,1983-06-07,0,2,4
structural,1983-06-07,10.28,2,4
total_litter,1983-06-07,18.84,2,4
alder_leaves,1983-06-07,0,2,5
aspen_leaves,1983-06-07,0,2,5
female_cones,1983-06-07,0,2,5
fir_needles,1983-06-07,0,2,5
male_cones,1983-06-07,0.24,2,5
pine_needles,1983-06-07,3.8,2,5
spruce_needles,1983-06-07,0,2,5
structural,1983-06-07,2.44,2,5
total_litter,1983-06-07,6.48,2,5
alder_leaves,1983-06-07,0,2,6
aspen_leaves,1983-06-07,0,2,6
female_cones,1983-06-07,0,2,6
fir_needles,1983-06-07,0,2,6
male_cones,1983-06-07,0.04,2,6
pine_needles,1983-06-07,5.44,2,6
spruce_needles,1983-06-07,0,2,6
structural,1983-06-07,0.04,2,6
total_litter,1983-06-07,5.52,2,6
alder_leaves,1983-06-07,0,2,7
aspen_leaves,1983-06-07,0,2,7
female_cones,1983-06-07,0,2,7
fir_needles,1983-06-07,0,2,7
male_cones,1983-06-07,0.56,2,7
pine_needles,1983-06-07,4.6,2,7
spruce_needles,1983-06-07,0,2,7
structural,1983-06-07,0.04,2,7
total_litter,1983-06-07,5.2,2,7
alder_leaves,1983-06-07,0.12,2,8
aspen_leaves,1983-06-07,0,2,8
female_cones,1983-06-07,0,2,8
fir_needles,1983-06-07,0,2,8
male_cones,1983-06-07,1.2,2,8
pine_needles,1983-06-07,3.96,2,8
spruce_needles,1983-06-07,0,2,8
structural,1983-06-07,0.32,2,8
total_litter,1983-06-07,5.6,2,8
alder_leaves,1983-06-07,2.28,2,9
aspen_leaves,1983-06-07,0,2,9
female_cones,1983-06-07,0,2,9
fir_needles,1983-06-07,0,2,9
male_cones,1983-06-07,2.16,2,9
pine_needles,1983-06-07,4.24,2,9
spruce_needles,1983-06-07,0,2,9
structural,1983-06-07,2.64,2,9
total_litter,1983-06-07,11.32,2,9
alder_leaves,1983-06-07,0.56,2,10
aspen_leaves,1983-06-07,0,2,10
female_cones,1983-06-07,0,2,10
fir_needles,1983-06-07,0,2,10
male_cones,1983-06-07,0.4,2,10
pine_needles,1983-06-07,4.08,2,10
spruce_needles,1983-06-07,0,2,10
structural,1983-06-07,0.2,2,10
total_litter,1983-06-07,5.24,2,10
alder_leaves,1983-07-02,0,2,1
aspen_leaves,1983-07-02,0,2,1
female_cones,1983-07-02,0,2,1
fir_needles,1983-07-02,0,2,1
male_cones,1983-07-02,3.12,2,1
pine_needles,1983-07-02,22.32,2,1
spruce_needles,1983-07-02,0,2,1
structural,1983-07-02,2.48,2,1
total_litter,1983-07-02,27.92,2,1
alder_leaves,1983-07-02,0,2,2
aspen_leaves,1983-07-02,0,2,2
female_cones,1983-07-02,0,2,2
fir_needles,1983-07-02,0,2,2
male_cones,1983-07-02,0.76,2,2
pine_needles,1983-07-02,5.52,2,2
spruce_needles,1983-07-02,0,2,2
structural,1983-07-02,0.12,2,2
total_litter,1983-07-02,6.4,2,2
alder_leaves,1983-07-02,0,2,3
aspen_leaves,1983-07-02,0,2,3
female_cones,1983-07-02,0,2,3
fir_needles,1983-07-02,0,2,3
male_cones,1983-07-02,3.28,2,3
pine_needles,1983-07-02,9.92,2,3
spruce_needles,1983-07-02,0,2,3
structural,1983-07-02,0.76,2,3
total_litter,1983-07-02,13.96,2,3
alder_leaves,1983-07-02,0,2,4
aspen_leaves,1983-07-02,0,2,4
female_cones,1983-07-02,0,2,4
fir_needles,1983-07-02,0,2,4
male_cones,1983-07-02,4.96,2,4
pine_needles,1983-07-02,20.8,2,4
spruce_needles,1983-07-02,0,2,4
structural,1983-07-02,9.2,2,4
total_litter,1983-07-02,34.96,2,4
alder_leaves,1983-07-02,0,2,5
aspen_leaves,1983-07-02,0,2,5
female_cones,1983-07-02,0,2,5
fir_needles,1983-07-02,0,2,5
male_cones,1983-07-02,4.96,2,5
pine_needles,1983-07-02,26.6,2,5
spruce_needles,1983-07-02,0,2,5
structural,1983-07-02,4.56,2,5
total_litter,1983-07-02,36.12,2,5
alder_leaves,1983-07-02,0,2,6
aspen_leaves,1983-07-02,0,2,6
female_cones,1983-07-02,0,2,6
fir_needles,1983-07-02,0,2,6
male_cones,1983-07-02,2.44,2,6
pine_needles,1983-07-02,6.76,2,6
spruce_needles,1983-07-02,0,2,6
structural,1983-07-02,0.28,2,6
total_litter,1983-07-02,9.48,2,6
alder_leaves,1983-07-02,0,2,7
aspen_leaves,1983-07-02,0,2,7
female_cones,1983-07-02,0,2,7
fir_needles,1983-07-02,0,2,7
male_cones,1983-07-02,0.32,2,7
pine_needles,1983-07-02,3.84,2,7
spruce_needles,1983-07-02,0,2,7
structural,1983-07-02,0.16,2,7
total_litter,1983-07-02,4.32,2,7
alder_leaves,1983-07-02,0,2,8
aspen_leaves,1983-07-02,0,2,8
female_cones,1983-07-02,0,2,8
fir_needles,1983-07-02,0,2,8
male_cones,1983-07-02,12.04,2,8
pine_needles,1983-07-02,24.36,2,8
spruce_needles,1983-07-02,0,2,8
structural,1983-07-02,2.44,2,8
total_litter,1983-07-02,38.84,2,8
alder_leaves,1983-07-02,0.4,2,9
aspen_leaves,1983-07-02,0,2,9
female_cones,1983-07-02,0,2,9
fir_needles,1983-07-02,0,2,9
male_cones,1983-07-02,7.24,2,9
pine_needles,1983-07-02,15.76,2,9
spruce_needles,1983-07-02,0,2,9
structural,1983-07-02,3.08,2,9
total_litter,1983-07-02,26.48,2,9
alder_leaves,1983-07-02,0.32,2,10
aspen_leaves,1983-07-02,0,2,10
female_cones,1983-07-02,0,2,10
fir_needles,1983-07-02,0,2,10
male_cones,1983-07-02,13.04,2,10
pine_needles,1983-07-02,14.88,2,10
spruce_needles,1983-07-02,0,2,10
structural,1983-07-02,0.68,2,10
total_litter,1983-07-02,28.92,2,10
alder_leaves,1983-08-07,0,2,1
aspen_leaves,1983-08-07,0,2,1
female_cones,1983-08-07,0,2,1
fir_needles,1983-08-07,0,2,1
male_cones,1983-08-07,2.04,2,1
pine_needles,1983-08-07,14.8,2,1
spruce_needles,1983-08-07,0,2,1
structural,1983-08-07,6.8,2,1
total_litter,1983-08-07,23.64,2,1
alder_leaves,1983-08-07,0,2,2
aspen_leaves,1983-08-07,0,2,2
female_cones,1983-08-07,0,2,2
fir_needles,1983-08-07,0,2,2
male_cones,1983-08-07,0.96,2,2
pine_needles,1983-08-07,8.8,2,2
spruce_needles,1983-08-07,0,2,2
structural,1983-08-07,3.24,2,2
total_litter,1983-08-07,13,2,2
alder_leaves,1983-08-07,0.08,2,3
aspen_leaves,1983-08-07,0,2,3
female_cones,1983-08-07,0,2,3
fir_needles,1983-08-07,0,2,3
male_cones,1983-08-07,0.32,2,3
pine_needles,1983-08-07,6.88,2,3
spruce_needles,1983-08-07,0,2,3
structural,1983-08-07,2.92,2,3
total_litter,1983-08-07,10.2,2,3
alder_leaves,1983-08-07,0,2,4
aspen_leaves,1983-08-07,0,2,4
female_cones,1983-08-07,0,2,4
fir_needles,1983-08-07,0,2,4
male_cones,1983-08-07,0,2,4
pine_needles,1983-08-07,12.96,2,4
spruce_needles,1983-08-07,0,2,4
structural,1983-08-07,16.28,2,4
total_litter,1983-08-07,29.24,2,4
alder_leaves,1983-08-07,0,2,5
aspen_leaves,1983-08-07,0,2,5
female_cones,1983-08-07,0,2,5
fir_needles,1983-08-07,0,2,5
male_cones,1983-08-07,1.8,2,5
pine_needles,1983-08-07,23.72,2,5
spruce_needles,1983-08-07,0,2,5
structural,1983-08-07,18.24,2,5
total_litter,1983-08-07,43.76,2,5
alder_leaves,1983-08-07,0,2,6
aspen_leaves,1983-08-07,0,2,6
female_cones,1983-08-07,0,2,6
fir_needles,1983-08-07,0,2,6
male_cones,1983-08-07,1.28,2,6
pine_needles,1983-08-07,6.84,2,6
spruce_needles,1983-08-07,0,2,6
structural,1983-08-07,0.84,2,6
total_litter,1983-08-07,8.96,2,6
alder_leaves,1983-08-07,0,2,7
aspen_leaves,1983-08-07,0,2,7
female_cones,1983-08-07,0,2,7
fir_needles,1983-08-07,0,2,7
male_cones,1983-08-07,0.92,2,7
pine_needles,1983-08-07,21.76,2,7
spruce_needles,1983-08-07,0,2,7
structural,1983-08-07,2.04,2,7
total_litter,1983-08-07,24.72,2,7
alder_leaves,1983-08-07,0,2,8
aspen_leaves,1983-08-07,0,2,8
female_cones,1983-08-07,0,2,8
fir_needles,1983-08-07,0,2,8
male_cones,1983-08-07,4.96,2,8
pine_needles,1983-08-07,24.56,2,8
spruce_needles,1983-08-07,0,2,8
structural,1983-08-07,17.52,2,8
total_litter,1983-08-07,47.04,2,8
alder_leaves,1983-08-07,1.96,2,9
aspen_leaves,1983-08-07,0,2,9
female_cones,1983-08-07,0,2,9
fir_needles,1983-08-07,0,2,9
male_cones,1983-08-07,1.76,2,9
pine_needles,1983-08-07,24.6,2,9
spruce_needles,1983-08-07,0,2,9
structural,1983-08-07,18.44,2,9
total_litter,1983-08-07,46.76,2,9
alder_leaves,1983-08-07,0.12,2,10
aspen_leaves,1983-08-07,0,2,10
female_cones,1983-08-07,0,2,10
fir_needles,1983-08-07,0,2,10
male_cones,1983-08-07,2.48,2,10
pine_needles,1983-08-07,14.52,2,10
spruce_needles,1983-08-07,0,2,10
structural,1983-08-07,7.88,2,10
total_litter,1983-08-07,25,2,10
alder_leaves,1983-09-07,0,2,1
aspen_leaves,1983-09-07,0,2,1
female_cones,1983-09-07,0,2,1
fir_needles,1983-09-07,0,2,1
male_cones,1983-09-07,0.28,2,1
pine_needles,1983-09-07,3.68,2,1
spruce_needles,1983-09-07,0,2,1
structural,1983-09-07,0.52,2,1
total_litter,1983-09-07,4.48,2,1
alder_leaves,1983-09-07,0,2,2
aspen_leaves,1983-09-07,0,2,2
female_cones,1983-09-07,0,2,2
fir_needles,1983-09-07,0,2,2
male_cones,1983-09-07,0.2,2,2
pine_needles,1983-09-07,3.92,2,2
spruce_needles,1983-09-07,0,2,2
structural,1983-09-07,0.36,2,2
total_litter,1983-09-07,4.48,2,2
alder_leaves,1983-09-07,0,2,3
aspen_leaves,1983-09-07,0,2,3
female_cones,1983-09-07,0,2,3
fir_needles,1983-09-07,0,2,3
male_cones,1983-09-07,0.12,2,3
pine_needles,1983-09-07,3.92,2,3
spruce_needles,1983-09-07,0,2,3
structural,1983-09-07,3,2,3
total_litter,1983-09-07,7.04,2,3
alder_leaves,1983-09-07,0.2,2,4
aspen_leaves,1983-09-07,0,2,4
female_cones,1983-09-07,0,2,4
fir_needles,1983-09-07,0,2,4
male_cones,1983-09-07,0.16,2,4
pine_needles,1983-09-07,6.88,2,4
spruce_needles,1983-09-07,0,2,4
structural,1983-09-07,4.04,2,4
total_litter,1983-09-07,11.28,2,4
alder_leaves,1983-09-07,0,2,5
aspen_leaves,1983-09-07,0,2,5
female_cones,1983-09-07,0,2,5
fir_needles,1983-09-07,0,2,5
male_cones,1983-09-07,0.44,2,5
pine_needles,1983-09-07,12.76,2,5
spruce_needles,1983-09-07,0,2,5
structural,1983-09-07,4.72,2,5
total_litter,1983-09-07,17.92,2,5
alder_leaves,1983-09-07,0.64,2,6
aspen_leaves,1983-09-07,0,2,6
female_cones,1983-09-07,0,2,6
fir_needles,1983-09-07,0,2,6
male_cones,1983-09-07,0.32,2,6
pine_needles,1983-09-07,4.84,2,6
spruce_needles,1983-09-07,0,2,6
structural,1983-09-07,0.28,2,6
total_litter,1983-09-07,6.08,2,6
alder_leaves,1983-09-07,0,2,7
aspen_leaves,1983-09-07,0,2,7
female_cones,1983-09-07,0,2,7
fir_needles,1983-09-07,0,2,7
male_cones,1983-09-07,0.24,2,7
pine_needles,1983-09-07,7.84,2,7
spruce_needles,1983-09-07,0,2,7
structural,1983-09-07,0.36,2,7
total_litter,1983-09-07,8.44,2,7
alder_leaves,1983-09-07,0,2,8
aspen_leaves,1983-09-07,0,2,8
female_cones,1983-09-07,0,2,8
fir_needles,1983-09-07,0,2,8
male_cones,1983-09-07,0.72,2,8
pine_needles,1983-09-07,12.68,2,8
spruce_needles,1983-09-07,0,2,8
structural,1983-09-07,3.2,2,8
total_litter,1983-09-07,16.6,2,8
alder_leaves,1983-09-07,0,2,9
aspen_leaves,1983-09-07,0,2,9
female_cones,1983-09-07,0,2,9
fir_needles,1983-09-07,0,2,9
male_cones,1983-09-07,0.56,2,9
pine_needles,1983-09-07,12.2,2,9
spruce_needles,1983-09-07,0,2,9
structural,1983-09-07,2.44,2,9
total_litter,1983-09-07,15.2,2,9
alder_leaves,1983-09-07,4.88,2,10
aspen_leaves,1983-09-07,0,2,10
female_cones,1983-09-07,0,2,10
fir_needles,1983-09-07,0,2,10
male_cones,1983-09-07,0.8,2,10
pine_needles,1983-09-07,8.04,2,10
spruce_needles,1983-09-07,0,2,10
structural,1983-09-07,5.68,2,10
total_litter,1983-09-07,19.4,2,10
alder_leaves,1983-10-07,0,2,1
aspen_leaves,1983-10-07,0,2,1
female_cones,1983-10-07,0,2,1
fir_needles,1983-10-07,0,2,1
male_cones,1983-10-07,0,2,1
pine_needles,1983-10-07,6.28,2,1
spruce_needles,1983-10-07,0,2,1
structural,1983-10-07,0.44,2,1
total_litter,1983-10-07,6.72,2,1
alder_leaves,1983-10-07,0,2,2
aspen_leaves,1983-10-07,0,2,2
female_cones,1983-10-07,0,2,2
fir_needles,1983-10-07,0,2,2
male_cones,1983-10-07,0,2,2
pine_needles,1983-10-07,8.88,2,2
spruce_needles,1983-10-07,0,2,2
structural,1983-10-07,0.24,2,2
total_litter,1983-10-07,9.12,2,2
alder_leaves,1983-10-07,0,2,3
aspen_leaves,1983-10-07,0,2,3
female_cones,1983-10-07,0,2,3
fir_needles,1983-10-07,0,2,3
male_cones,1983-10-07,0,2,3
pine_needles,1983-10-07,6.24,2,3
spruce_needles,1983-10-07,0,2,3
structural,1983-10-07,0.12,2,3
total_litter,1983-10-07,6.36,2,3
alder_leaves,1983-10-07,15.4,2,4
aspen_leaves,1983-10-07,0,2,4
female_cones,1983-10-07,0,2,4
fir_needles,1983-10-07,0,2,4
male_cones,1983-10-07,0,2,4
pine_needles,1983-10-07,21.68,2,4
spruce_needles,1983-10-07,0,2,4
structural,1983-10-07,0.04,2,4
total_litter,1983-10-07,37.12,2,4
alder_leaves,1983-10-07,3.08,2,5
aspen_leaves,1983-10-07,0.68,2,5
female_cones,1983-10-07,0.52,2,5
fir_needles,1983-10-07,0,2,5
male_cones,1983-10-07,0,2,5
pine_needles,1983-10-07,20.36,2,5
spruce_needles,1983-10-07,0,2,5
structural,1983-10-07,1.76,2,5
total_litter,1983-10-07,26.4,2,5
alder_leaves,1983-10-07,0,2,6
aspen_leaves,1983-10-07,0,2,6
female_cones,1983-10-07,0,2,6
fir_needles,1983-10-07,0,2,6
male_cones,1983-10-07,0,2,6
pine_needles,1983-10-07,7.36,2,6
spruce_needles,1983-10-07,0,2,6
structural,1983-10-07,0,2,6
total_litter,1983-10-07,7.36,2,6
alder_leaves,1983-10-07,0,2,7
aspen_leaves,1983-10-07,0.16,2,7
female_cones,1983-10-07,0,2,7
fir_needles,1983-10-07,0,2,7
male_cones,1983-10-07,0.04,2,7
pine_needles,1983-10-07,9.8,2,7
spruce_needles,1983-10-07,0,2,7
structural,1983-10-07,0,2,7
total_litter,1983-10-07,10,2,7
alder_leaves,1983-10-07,37.24,2,8
aspen_leaves,1983-10-07,0,2,8
female_cones,1983-10-07,0,2,8
fir_needles,1983-10-07,0,2,8
male_cones,1983-10-07,0.12,2,8
pine_needles,1983-10-07,27.12,2,8
spruce_needles,1983-10-07,0,2,8
structural,1983-10-07,0.24,2,8
total_litter,1983-10-07,64.72,2,8
alder_leaves,1983-10-07,30.12,2,9
aspen_leaves,1983-10-07,0,2,9
female_cones,1983-10-07,0,2,9
fir_needles,1983-10-07,0,2,9
male_cones,1983-10-07,0.08,2,9
pine_needles,1983-10-07,23.48,2,9
spruce_needles,1983-10-07,0,2,9
structural,1983-10-07,0.08,2,9
total_litter,1983-10-07,53.76,2,9
alder_leaves,1983-10-07,41.92,2,10
aspen_leaves,1983-10-07,0,2,10
female_cones,1983-10-07,0,2,10
fir_needles,1983-10-07,0,2,10
male_cones,1983-10-07,0.24,2,10
pine_needles,1983-10-07,31.04,2,10
spruce_needles,1983-10-07,0,2,10
structural,1983-10-07,21.88,2,10
total_litter,1983-10-07,95.08,2,10
alder_leaves,1983-11-07,0.04,2,1
aspen_leaves,1983-11-07,0,2,1
female_cones,1983-11-07,0,2,1
fir_needles,1983-11-07,0,2,1
male_cones,1983-11-07,0.04,2,1
pine_needles,1983-11-07,12.56,2,1
spruce_needles,1983-11-07,0,2,1
structural,1983-11-07,0.4,2,1
total_litter,1983-11-07,13.04,2,1
alder_leaves,1983-11-07,0.12,2,2
aspen_leaves,1983-11-07,0,2,2
female_cones,1983-11-07,0,2,2
fir_needles,1983-11-07,0,2,2
male_cones,1983-11-07,0.04,2,2
pine_needles,1983-11-07,17.44,2,2
spruce_needles,1983-11-07,0,2,2
structural,1983-11-07,0.04,2,2
total_litter,1983-11-07,17.64,2,2
alder_leaves,1983-11-07,0,2,3
aspen_leaves,1983-11-07,0,2,3
female_cones,1983-11-07,0,2,3
fir_needles,1983-11-07,0,2,3
male_cones,1983-11-07,0.04,2,3
pine_needles,1983-11-07,10.16,2,3
spruce_needles,1983-11-07,0,2,3
structural,1983-11-07,0.88,2,3
total_litter,1983-11-07,11.08,2,3
alder_leaves,1983-11-07,2.24,2,4
aspen_leaves,1983-11-07,0,2,4
female_cones,1983-11-07,0,2,4
fir_needles,1983-11-07,0,2,4
male_cones,1983-11-07,0.04,2,4
pine_needles,1983-11-07,28.76,2,4
spruce_needles,1983-11-07,0,2,4
structural,1983-11-07,1,2,4
total_litter,1983-11-07,32.04,2,4
alder_leaves,1983-11-07,0.4,2,5
aspen_leaves,1983-11-07,0,2,5
female_cones,1983-11-07,0,2,5
fir_needles,1983-11-07,0,2,5
male_cones,1983-11-07,0.04,2,5
pine_needles,1983-11-07,34.08,2,5
spruce_needles,1983-11-07,0,2,5
structural,1983-11-07,2.16,2,5
total_litter,1983-11-07,36.68,2,5
alder_leaves,1983-11-07,0.08,2,6
aspen_leaves,1983-11-07,0,2,6
female_cones,1983-11-07,0,2,6
fir_needles,1983-11-07,0,2,6
male_cones,1983-11-07,0.04,2,6
pine_needles,1983-11-07,16.64,2,6
spruce_needles,1983-11-07,0,2,6
structural,1983-11-07,0.04,2,6
total_litter,1983-11-07,16.8,2,6
alder_leaves,1983-11-07,0,2,7
aspen_leaves,1983-11-07,0,2,7
female_cones,1983-11-07,0.04,2,7
fir_needles,1983-11-07,0,2,7
male_cones,1983-11-07,0.04,2,7
pine_needles,1983-11-07,13.68,2,7
spruce_needles,1983-11-07,0,2,7
structural,1983-11-07,0.12,2,7
total_litter,1983-11-07,13.88,2,7
alder_leaves,1983-11-07,4.68,2,8
aspen_leaves,1983-11-07,0,2,8
female_cones,1983-11-07,0,2,8
fir_needles,1983-11-07,0,2,8
male_cones,1983-11-07,0.08,2,8
pine_needles,1983-11-07,29.88,2,8
spruce_needles,1983-11-07,0,2,8
structural,1983-11-07,0.4,2,8
total_litter,1983-11-07,35.04,2,8
alder_leaves,1983-11-07,3.48,2,9
aspen_leaves,1983-11-07,0,2,9
female_cones,1983-11-07,0,2,9
fir_needles,1983-11-07,0,2,9
male_cones,1983-11-07,0.08,2,9
pine_needles,1983-11-07,43.52,2,9
spruce_needles,1983-11-07,0,2,9
structural,1983-11-07,0.6,2,9
total_litter,1983-11-07,47.68,2,9
alder_leaves,1983-11-07,3.6,2,10
aspen_leaves,1983-11-07,0,2,10
female_cones,1983-11-07,0,2,10
fir_needles,1983-11-07,0,2,10
male_cones,1983-11-07,0.16,2,10
pine_needles,1983-11-07,33.48,2,10
spruce_needles,1983-11-07,0,2,10
structural,1983-11-07,3.92,2,10
total_litter,1983-11-07,41.16,2,10
alder_leaves,1984-05-07,0.04,2,1
aspen_leaves,1984-05-07,0,2,1
female_cones,1984-05-07,0,2,1
fir_needles,1984-05-07,0,2,1
male_cones,1984-05-07,0.16,2,1
pine_needles,1984-05-07,49.08,2,1
spruce_needles,1984-05-07,0,2,1
structural,1984-05-07,0.92,2,1
total_litter,1984-05-07,50.2,2,1
alder_leaves,1984-05-07,0,2,2
aspen_leaves,1984-05-07,0,2,2
female_cones,1984-05-07,0,2,2
fir_needles,1984-05-07,0,2,2
male_cones,1984-05-07,0.08,2,2
pine_needles,1984-05-07,47.6,2,2
spruce_needles,1984-05-07,0,2,2
structural,1984-05-07,0.4,2,2
total_litter,1984-05-07,48.08,2,2
alder_leaves,1984-05-07,0,2,3
aspen_leaves,1984-05-07,0,2,3
female_cones,1984-05-07,0,2,3
fir_needles,1984-05-07,0,2,3
male_cones,1984-05-07,0.08,2,3
pine_needles,1984-05-07,35.4,2,3
spruce_needles,1984-05-07,0,2,3
structural,1984-05-07,3.96,2,3
total_litter,1984-05-07,39.44,2,3
alder_leaves,1984-05-07,0.76,2,4
aspen_leaves,1984-05-07,0,2,4
female_cones,1984-05-07,2,2,4
fir_needles,1984-05-07,0,2,4
male_cones,1984-05-07,0.16,2,4
pine_needles,1984-05-07,45.16,2,4
spruce_needles,1984-05-07,0,2,4
structural,1984-05-07,4.36,2,4
total_litter,1984-05-07,52.44,2,4
alder_leaves,1984-05-07,1.52,2,5
aspen_leaves,1984-05-07,0,2,5
female_cones,1984-05-07,0,2,5
fir_needles,1984-05-07,0,2,5
male_cones,1984-05-07,0.12,2,5
pine_needles,1984-05-07,64.92,2,5
spruce_needles,1984-05-07,0,2,5
structural,1984-05-07,19.04,2,5
total_litter,1984-05-07,85.6,2,5
alder_leaves,1984-05-07,0,2,6
aspen_leaves,1984-05-07,0,2,6
female_cones,1984-05-07,0,2,6
fir_needles,1984-05-07,0,2,6
male_cones,1984-05-07,0.24,2,6
pine_needles,1984-05-07,48.52,2,6
spruce_needles,1984-05-07,0,2,6
structural,1984-05-07,2.08,2,6
total_litter,1984-05-07,50.84,2,6
alder_leaves,1984-05-07,0.76,2,7
aspen_leaves,1984-05-07,0.36,2,7
female_cones,1984-05-07,10.8,2,7
fir_needles,1984-05-07,0,2,7
male_cones,1984-05-07,0.36,2,7
pine_needles,1984-05-07,60.44,2,7
spruce_needles,1984-05-07,0,2,7
structural,1984-05-07,0,2,7
total_litter,1984-05-07,72.72,2,7
alder_leaves,1984-05-07,3,2,8
aspen_leaves,1984-05-07,0,2,8
female_cones,1984-05-07,0,2,8
fir_needles,1984-05-07,0,2,8
male_cones,1984-05-07,0.64,2,8
pine_needles,1984-05-07,68,2,8
spruce_needles,1984-05-07,0,2,8
structural,1984-05-07,10.92,2,8
total_litter,1984-05-07,82.56,2,8
alder_leaves,1984-05-07,1.6,2,9
aspen_leaves,1984-05-07,0,2,9
female_cones,1984-05-07,23.12,2,9
fir_needles,1984-05-07,0,2,9
male_cones,1984-05-07,0.28,2,9
pine_needles,1984-05-07,65.6,2,9
spruce_needles,1984-05-07,0,2,9
structural,1984-05-07,14.64,2,9
total_litter,1984-05-07,105.24,2,9
alder_leaves,1984-05-07,2.56,2,10
aspen_leaves,1984-05-07,0,2,10
female_cones,1984-05-07,0,2,10
fir_needles,1984-05-07,0,2,10
male_cones,1984-05-07,0.24,2,10
pine_needles,1984-05-07,65.32,2,10
spruce_needles,1984-05-07,0,2,10
structural,1984-05-07,22.12,2,10
total_litter,1984-05-07,90.24,2,10
alder_leaves,1983-06-07,0.72,3,1
aspen_leaves,1983-06-07,0,3,1
female_cones,1983-06-07,0,3,1
fir_needles,1983-06-07,0,3,1
male_cones,1983-06-07,0.84,3,1
pine_needles,1983-06-07,4.72,3,1
spruce_needles,1983-06-07,0,3,1
structural,1983-06-07,1.96,3,1
total_litter,1983-06-07,8.24,3,1
alder_leaves,1983-06-07,1.96,3,2
aspen_leaves,1983-06-07,0,3,2
female_cones,1983-06-07,0,3,2
fir_needles,1983-06-07,0,3,2
male_cones,1983-06-07,1.36,3,2
pine_needles,1983-06-07,7.44,3,2
spruce_needles,1983-06-07,1,3,2
structural,1983-06-07,2.68,3,2
total_litter,1983-06-07,14.44,3,2
alder_leaves,1983-06-07,0.32,3,3
aspen_leaves,1983-06-07,0,3,3
female_cones,1983-06-07,0,3,3
fir_needles,1983-06-07,0,3,3
male_cones,1983-06-07,0.6,3,3
pine_needles,1983-06-07,6.8,3,3
spruce_needles,1983-06-07,0,3,3
structural,1983-06-07,1.72,3,3
total_litter,1983-06-07,9.44,3,3
alder_leaves,1983-06-07,0.76,3,4
aspen_leaves,1983-06-07,0,3,4
female_cones,1983-06-07,0,3,4
fir_needles,1983-06-07,0,3,4
male_cones,1983-06-07,0.48,3,4
pine_needles,1983-06-07,6.12,3,4
spruce_needles,1983-06-07,0,3,4
structural,1983-06-07,5.44,3,4
total_litter,1983-06-07,12.8,3,4
alder_leaves,1983-06-07,0.44,3,5
aspen_leaves,1983-06-07,0.04,3,5
female_cones,1983-06-07,0,3,5
fir_needles,1983-06-07,0,3,5
male_cones,1983-06-07,0.8,3,5
pine_needles,1983-06-07,4.92,3,5
spruce_needles,1983-06-07,0.12,3,5
structural,1983-06-07,1.52,3,5
total_litter,1983-06-07,7.84,3,5
alder_leaves,1983-06-07,0.2,3,6
aspen_leaves,1983-06-07,0,3,6
female_cones,1983-06-07,0,3,6
fir_needles,1983-06-07,0,3,6
male_cones,1983-06-07,0.8,3,6
pine_needles,1983-06-07,6.6,3,6
spruce_needles,1983-06-07,2,3,6
structural,1983-06-07,11.08,3,6
total_litter,1983-06-07,20.68,3,6
alder_leaves,1983-06-07,0,3,7
aspen_leaves,1983-06-07,0.12,3,7
female_cones,1983-06-07,0,3,7
fir_needles,1983-06-07,0,3,7
male_cones,1983-06-07,0.52,3,7
pine_needles,1983-06-07,5.04,3,7
spruce_needles,1983-06-07,0,3,7
structural,1983-06-07,3.64,3,7
total_litter,1983-06-07,9.32,3,7
alder_leaves,1983-06-07,0,3,8
aspen_leaves,1983-06-07,0.48,3,8
female_cones,1983-06-07,0,3,8
fir_needles,1983-06-07,0,3,8
male_cones,1983-06-07,0.76,3,8
pine_needles,1983-06-07,4.92,3,8
spruce_needles,1983-06-07,0,3,8
structural,1983-06-07,5.16,3,8
total_litter,1983-06-07,11.32,3,8
alder_leaves,1983-06-07,0,3,9
aspen_leaves,1983-06-07,0.72,3,9
female_cones,1983-06-07,0,3,9
fir_needles,1983-06-07,0,3,9
male_cones,1983-06-07,0.92,3,9
pine_needles,1983-06-07,4.52,3,9
spruce_needles,1983-06-07,0,3,9
structural,1983-06-07,2.08,3,9
total_litter,1983-06-07,8.24,3,9
alder_leaves,1983-06-07,0.32,3,10
aspen_leaves,1983-06-07,0.16,3,10
female_cones,1983-06-07,0,3,10
fir_needles,1983-06-07,0,3,10
male_cones,1983-06-07,0.68,3,10
pine_needles,1983-06-07,5.48,3,10
spruce_needles,1983-06-07,0,3,10
structural,1983-06-07,3.88,3,10
total_litter,1983-06-07,10.52,3,10
alder_leaves,1983-07-02,0,3,1
aspen_leaves,1983-07-02,0,3,1
female_cones,1983-07-02,0,3,1
fir_needles,1983-07-02,0,3,1
male_cones,1983-07-02,6,3,1
pine_needles,1983-07-02,16.24,3,1
spruce_needles,1983-07-02,0,3,1
structural,1983-07-02,3.8,3,1
total_litter,1983-07-02,26.04,3,1
alder_leaves,1983-07-02,0.84,3,2
aspen_leaves,1983-07-02,0,3,2
female_cones,1983-07-02,0,3,2
fir_needles,1983-07-02,0,3,2
male_cones,1983-07-02,4.88,3,2
pine_needles,1983-07-02,15,3,2
spruce_needles,1983-07-02,0.56,3,2
structural,1983-07-02,2.12,3,2
total_litter,1983-07-02,23.4,3,2
alder_leaves,1983-07-02,0,3,3
aspen_leaves,1983-07-02,0,3,3
female_cones,1983-07-02,0,3,3
fir_needles,1983-07-02,0,3,3
male_cones,1983-07-02,6.16,3,3
pine_needles,1983-07-02,14.6,3,3
spruce_needles,1983-07-02,0,3,3
structural,1983-07-02,0,3,3
total_litter,1983-07-02,20.76,3,3
alder_leaves,1983-07-02,0.52,3,4
aspen_leaves,1983-07-02,0,3,4
female_cones,1983-07-02,0,3,4
fir_needles,1983-07-02,0,3,4
male_cones,1983-07-02,7.16,3,4
pine_needles,1983-07-02,12,3,4
spruce_needles,1983-07-02,0,3,4
structural,1983-07-02,0,3,4
total_litter,1983-07-02,19.68,3,4
alder_leaves,1983-07-02,0.4,3,5
aspen_leaves,1983-07-02,0,3,5
female_cones,1983-07-02,0,3,5
fir_needles,1983-07-02,0,3,5
male_cones,1983-07-02,5.2,3,5
pine_needles,1983-07-02,15.48,3,5
spruce_needles,1983-07-02,0,3,5
structural,1983-07-02,0,3,5
total_litter,1983-07-02,21.08,3,5
alder_leaves,1983-07-02,0,3,6
aspen_leaves,1983-07-02,0,3,6
female_cones,1983-07-02,0,3,6
fir_needles,1983-07-02,0,3,6
male_cones,1983-07-02,3.84,3,6
pine_needles,1983-07-02,10.28,3,6
spruce_needles,1983-07-02,1.84,3,6
structural,1983-07-02,17.56,3,6
total_litter,1983-07-02,33.52,3,6
alder_leaves,1983-07-02,0,3,7
aspen_leaves,1983-07-02,0.08,3,7
female_cones,1983-07-02,0,3,7
fir_needles,1983-07-02,0,3,7
male_cones,1983-07-02,5.76,3,7
pine_needles,1983-07-02,9.2,3,7
spruce_needles,1983-07-02,0,3,7
structural,1983-07-02,2.04,3,7
total_litter,1983-07-02,17.08,3,7
alder_leaves,1983-07-02,0,3,8
aspen_leaves,1983-07-02,0.32,3,8
female_cones,1983-07-02,0,3,8
fir_needles,1983-07-02,0,3,8
male_cones,1983-07-02,5.12,3,8
pine_needles,1983-07-02,10.28,3,8
spruce_needles,1983-07-02,0,3,8
structural,1983-07-02,1.96,3,8
total_litter,1983-07-02,17.68,3,8
alder_leaves,1983-07-02,0.52,3,9
aspen_leaves,1983-07-02,0.36,3,9
female_cones,1983-07-02,0,3,9
fir_needles,1983-07-02,0,3,9
male_cones,1983-07-02,5.64,3,9
pine_needles,1983-07-02,10.04,3,9
spruce_needles,1983-07-02,0,3,9
structural,1983-07-02,3.68,3,9
total_litter,1983-07-02,20.24,3,9
alder_leaves,1983-07-02,0.04,3,10
aspen_leaves,1983-07-02,0,3,10
female_cones,1983-07-02,0,3,10
fir_needles,1983-07-02,0,3,10
male_cones,1983-07-02,5.28,3,10
pine_needles,1983-07-02,12.04,3,10
spruce_needles,1983-07-02,0,3,10
structural,1983-07-02,6.24,3,10
total_litter,1983-07-02,23.6,3,10
alder_leaves,1983-08-07,0.64,3,1
aspen_leaves,1983-08-07,0,3,1
female_cones,1983-08-07,0,3,1
fir_needles,1983-08-07,0,3,1
male_cones,1983-08-07,3.44,3,1
pine_needles,1983-08-07,24.44,3,1
spruce_needles,1983-08-07,0,3,1
structural,1983-08-07,24.16,3,1
total_litter,1983-08-07,52.68,3,1
alder_leaves,1983-08-07,3.56,3,2
aspen_leaves,1983-08-07,0,3,2
female_cones,1983-08-07,0,3,2
fir_needles,1983-08-07,0,3,2
male_cones,1983-08-07,3.4,3,2
pine_needles,1983-08-07,29.96,3,2
spruce_needles,1983-08-07,0.36,3,2
structural,1983-08-07,54.6,3,2
total_litter,1983-08-07,91.88,3,2
alder_leaves,1983-08-07,3.48,3,3
aspen_leaves,1983-08-07,0,3,3
female_cones,1983-08-07,0,3,3
fir_needles,1983-08-07,0,3,3
male_cones,1983-08-07,4.12,3,3
pine_needles,1983-08-07,30.64,3,3
spruce_needles,1983-08-07,0,3,3
structural,1983-08-07,59.52,3,3
total_litter,1983-08-07,97.76,3,3
alder_leaves,1983-08-07,1.2,3,4
aspen_leaves,1983-08-07,0,3,4
female_cones,1983-08-07,0,3,4
fir_needles,1983-08-07,0,3,4
male_cones,1983-08-07,6.96,3,4
pine_needles,1983-08-07,34.12,3,4
spruce_needles,1983-08-07,0,3,4
structural,1983-08-07,53.08,3,4
total_litter,1983-08-07,95.36,3,4
alder_leaves,1983-08-07,0,3,5
aspen_leaves,1983-08-07,0,3,5
female_cones,1983-08-07,0,3,5
fir_needles,1983-08-07,0,3,5
male_cones,1983-08-07,5.64,3,5
pine_needles,1983-08-07,25.24,3,5
spruce_needles,1983-08-07,0,3,5
structural,1983-08-07,35.36,3,5
total_litter,1983-08-07,66.24,3,5
alder_leaves,1983-08-07,1.08,3,6
aspen_leaves,1983-08-07,0,3,6
female_cones,1983-08-07,0,3,6
fir_needles,1983-08-07,0,3,6
male_cones,1983-08-07,5.24,3,6
pine_needles,1983-08-07,25.56,3,6
spruce_needles,1983-08-07,1.16,3,6
structural,1983-08-07,61.04,3,6
total_litter,1983-08-07,94.08,3,6
alder_leaves,1983-08-07,1.4,3,7
aspen_leaves,1983-08-07,0,3,7
female_cones,1983-08-07,0,3,7
fir_needles,1983-08-07,0,3,7
male_cones,1983-08-07,6.6,3,7
pine_needles,1983-08-07,23.2,3,7
spruce_needles,1983-08-07,0,3,7
structural,1983-08-07,17.8,3,7
total_litter,1983-08-07,49,3,7
alder_leaves,1983-08-07,0,3,8
aspen_leaves,1983-08-07,1.32,3,8
female_cones,1983-08-07,0,3,8
fir_needles,1983-08-07,0,3,8
male_cones,1983-08-07,3.4,3,8
pine_needles,1983-08-07,20.68,3,8
spruce_needles,1983-08-07,0,3,8
structural,1983-08-07,24.44,3,8
total_litter,1983-08-07,49.84,3,8
alder_leaves,1983-08-07,0,3,9
aspen_leaves,1983-08-07,0.96,3,9
female_cones,1983-08-07,0,3,9
fir_needles,1983-08-07,0,3,9
male_cones,1983-08-07,3.8,3,9
pine_needles,1983-08-07,17.68,3,9
spruce_needles,1983-08-07,0,3,9
structural,1983-08-07,36.32,3,9
total_litter,1983-08-07,58.76,3,9
alder_leaves,1983-08-07,4.48,3,10
aspen_leaves,1983-08-07,0.6,3,10
female_cones,1983-08-07,0,3,10
fir_needles,1983-08-07,0,3,10
male_cones,1983-08-07,3.56,3,10
pine_needles,1983-08-07,18.4,3,10
spruce_needles,1983-08-07,0,3,10
structural,1983-08-07,43.28,3,10
total_litter,1983-08-07,70.32,3,10
alder_leaves,1983-09-07,4.56,3,1
aspen_leaves,1983-09-07,0,3,1
female_cones,1983-09-07,0,3,1
fir_needles,1983-09-07,0,3,1
male_cones,1983-09-07,0.48,3,1
pine_needles,1983-09-07,20.52,3,1
spruce_needles,1983-09-07,0,3,1
structural,1983-09-07,14.36,3,1
total_litter,1983-09-07,39.92,3,1
alder_leaves,1983-09-07,26.44,3,2
aspen_leaves,1983-09-07,0,3,2
female_cones,1983-09-07,0,3,2
fir_needles,1983-09-07,0,3,2
male_cones,1983-09-07,1.08,3,2
pine_needles,1983-09-07,25.72,3,2
spruce_needles,1983-09-07,0,3,2
structural,1983-09-07,13.44,3,2
total_litter,1983-09-07,66.68,3,2
alder_leaves,1983-09-07,4.56,3,3
aspen_leaves,1983-09-07,0,3,3
female_cones,1983-09-07,0,3,3
fir_needles,1983-09-07,0,3,3
male_cones,1983-09-07,0.36,3,3
pine_needles,1983-09-07,24.32,3,3
spruce_needles,1983-09-07,0,3,3
structural,1983-09-07,25.84,3,3
total_litter,1983-09-07,55.08,3,3
alder_leaves,1983-09-07,7.16,3,4
aspen_leaves,1983-09-07,0,3,4
female_cones,1983-09-07,0,3,4
fir_needles,1983-09-07,0,3,4
male_cones,1983-09-07,1.12,3,4
pine_needles,1983-09-07,23.12,3,4
spruce_needles,1983-09-07,0,3,4
structural,1983-09-07,17.92,3,4
total_litter,1983-09-07,49.32,3,4
alder_leaves,1983-09-07,1.56,3,5
aspen_leaves,1983-09-07,0,3,5
female_cones,1983-09-07,0,3,5
fir_needles,1983-09-07,0,3,5
male_cones,1983-09-07,0.88,3,5
pine_needles,1983-09-07,26.08,3,5
spruce_needles,1983-09-07,0.04,3,5
structural,1983-09-07,13.68,3,5
total_litter,1983-09-07,42.24,3,5
alder_leaves,1983-09-07,4.08,3,6
aspen_leaves,1983-09-07,0,3,6
female_cones,1983-09-07,0,3,6
fir_needles,1983-09-07,0,3,6
male_cones,1983-09-07,0.92,3,6
pine_needles,1983-09-07,18.72,3,6
spruce_needles,1983-09-07,0,3,6
structural,1983-09-07,49,3,6
total_litter,1983-09-07,72.72,3,6
alder_leaves,1983-09-07,6.6,3,7
aspen_leaves,1983-09-07,0,3,7
female_cones,1983-09-07,0,3,7
fir_needles,1983-09-07,0,3,7
male_cones,1983-09-07,0.96,3,7
pine_needles,1983-09-07,22.24,3,7
spruce_needles,1983-09-07,0,3,7
structural,1983-09-07,8.96,3,7
total_litter,1983-09-07,38.76,3,7
alder_leaves,1983-09-07,0,3,8
aspen_leaves,1983-09-07,0,3,8
female_cones,1983-09-07,0,3,8
fir_needles,1983-09-07,0,3,8
male_cones,1983-09-07,0,3,8
pine_needles,1983-09-07,0,3,8
spruce_needles,1983-09-07,0,3,8
structural,1983-09-07,0,3,8
total_litter,1983-09-07,0,3,8
alder_leaves,1983-09-07,0.08,3,9
aspen_leaves,1983-09-07,1.08,3,9
female_cones,1983-09-07,0,3,9
fir_needles,1983-09-07,0,3,9
male_cones,1983-09-07,0.48,3,9
pine_needles,1983-09-07,15.96,3,9
spruce_needles,1983-09-07,0,3,9
structural,1983-09-07,21.4,3,9
total_litter,1983-09-07,39,3,9
alder_leaves,1983-09-07,3.56,3,10
aspen_leaves,1983-09-07,0.44,3,10
female_cones,1983-09-07,0,3,10
fir_needles,1983-09-07,0,3,10
male_cones,1983-09-07,0.6,3,10
pine_needles,1983-09-07,20.84,3,10
spruce_needles,1983-09-07,0,3,10
structural,1983-09-07,44.48,3,10
total_litter,1983-09-07,69.92,3,10
alder_leaves,1983-10-07,1.52,3,1
aspen_leaves,1983-10-07,0,3,1
female_cones,1983-10-07,0,3,1
fir_needles,1983-10-07,0,3,1
male_cones,1983-10-07,0.16,3,1
pine_needles,1983-10-07,24.84,3,1
spruce_needles,1983-10-07,0,3,1
structural,1983-10-07,16.44,3,1
total_litter,1983-10-07,42.96,3,1
alder_leaves,1983-10-07,25.44,3,2
aspen_leaves,1983-10-07,0,3,2
female_cones,1983-10-07,0,3,2
fir_needles,1983-10-07,0,3,2
male_cones,1983-10-07,0,3,2
pine_needles,1983-10-07,15.08,3,2
spruce_needles,1983-10-07,0,3,2
structural,1983-10-07,0.4,3,2
total_litter,1983-10-07,40.92,3,2
alder_leaves,1983-10-07,35.28,3,3
aspen_leaves,1983-10-07,0,3,3
female_cones,1983-10-07,0,3,3
fir_needles,1983-10-07,0,3,3
male_cones,1983-10-07,0.04,3,3
pine_needles,1983-10-07,13.28,3,3
spruce_needles,1983-10-07,0,3,3
structural,1983-10-07,0.92,3,3
total_litter,1983-10-07,49.52,3,3
alder_leaves,1983-10-07,22.88,3,4
aspen_leaves,1983-10-07,0,3,4
female_cones,1983-10-07,0,3,4
fir_needles,1983-10-07,0,3,4
male_cones,1983-10-07,0,3,4
pine_needles,1983-10-07,16.48,3,4
spruce_needles,1983-10-07,0,3,4
structural,1983-10-07,0.44,3,4
total_litter,1983-10-07,39.8,3,4
alder_leaves,1983-10-07,3,3,5
aspen_leaves,1983-10-07,0,3,5
female_cones,1983-10-07,0,3,5
fir_needles,1983-10-07,0,3,5
male_cones,1983-10-07,0.08,3,5
pine_needles,1983-10-07,17.8,3,5
spruce_needles,1983-10-07,0,3,5
structural,1983-10-07,0.6,3,5
total_litter,1983-10-07,21.48,3,5
alder_leaves,1983-10-07,5.24,3,6
aspen_leaves,1983-10-07,0,3,6
female_cones,1983-10-07,0,3,6
fir_needles,1983-10-07,0,3,6
male_cones,1983-10-07,0.16,3,6
pine_needles,1983-10-07,10.68,3,6
spruce_needles,1983-10-07,0,3,6
structural,1983-10-07,4.76,3,6
total_litter,1983-10-07,20.84,3,6
alder_leaves,1983-10-07,35.76,3,7
aspen_leaves,1983-10-07,0,3,7
female_cones,1983-10-07,0,3,7
fir_needles,1983-10-07,0,3,7
male_cones,1983-10-07,0,3,7
pine_needles,1983-10-07,20.84,3,7
spruce_needles,1983-10-07,0,3,7
structural,1983-10-07,1.2,3,7
total_litter,1983-10-07,57.8,3,7
alder_leaves,1983-10-07,1.76,3,8
aspen_leaves,1983-10-07,0.56,3,8
female_cones,1983-10-07,0,3,8
fir_needles,1983-10-07,0,3,8
male_cones,1983-10-07,0.04,3,8
pine_needles,1983-10-07,20.6,3,8
spruce_needles,1983-10-07,0,3,8
structural,1983-10-07,0.32,3,8
total_litter,1983-10-07,23.28,3,8
alder_leaves,1983-10-07,0.48,3,9
aspen_leaves,1983-10-07,11.16,3,9
female_cones,1983-10-07,0,3,9
fir_needles,1983-10-07,0,3,9
male_cones,1983-10-07,0,3,9
pine_needles,1983-10-07,20.64,3,9
spruce_needles,1983-10-07,0,3,9
structural,1983-10-07,4.12,3,9
total_litter,1983-10-07,36.4,3,9
alder_leaves,1983-10-07,12.48,3,10
aspen_leaves,1983-10-07,4.6,3,10
female_cones,1983-10-07,0,3,10
fir_needles,1983-10-07,0,3,10
male_cones,1983-10-07,0.12,3,10
pine_needles,1983-10-07,22.6,3,10
spruce_needles,1983-10-07,0,3,10
structural,1983-10-07,4.08,3,10
total_litter,1983-10-07,43.88,3,10
alder_leaves,1983-11-07,0.92,3,1
aspen_leaves,1983-11-07,0,3,1
female_cones,1983-11-07,0,3,1
fir_needles,1983-11-07,0,3,1
male_cones,1983-11-07,0.08,3,1
pine_needles,1983-11-07,37.56,3,1
spruce_needles,1983-11-07,0,3,1
structural,1983-11-07,2.48,3,1
total_litter,1983-11-07,41.04,3,1
alder_leaves,1983-11-07,5,3,2
aspen_leaves,1983-11-07,0,3,2
female_cones,1983-11-07,0,3,2
fir_needles,1983-11-07,0,3,2
male_cones,1983-11-07,0.04,3,2
pine_needles,1983-11-07,19.12,3,2
spruce_needles,1983-11-07,6.4,3,2
structural,1983-11-07,4.2,3,2
total_litter,1983-11-07,34.76,3,2
alder_leaves,1983-11-07,1.8,3,3
aspen_leaves,1983-11-07,0,3,3
female_cones,1983-11-07,0,3,3
fir_needles,1983-11-07,0,3,3
male_cones,1983-11-07,0.04,3,3
pine_needles,1983-11-07,30.4,3,3
spruce_needles,1983-11-07,0,3,3
structural,1983-11-07,14.84,3,3
total_litter,1983-11-07,47.08,3,3
alder_leaves,1983-11-07,2.32,3,4
aspen_leaves,1983-11-07,0,3,4
female_cones,1983-11-07,0,3,4
fir_needles,1983-11-07,0,3,4
male_cones,1983-11-07,0.04,3,4
pine_needles,1983-11-07,28.44,3,4
spruce_needles,1983-11-07,0,3,4
structural,1983-11-07,3.24,3,4
total_litter,1983-11-07,34.04,3,4
alder_leaves,1983-11-07,1,3,5
aspen_leaves,1983-11-07,0,3,5
female_cones,1983-11-07,0,3,5
fir_needles,1983-11-07,0,3,5
male_cones,1983-11-07,0.08,3,5
pine_needles,1983-11-07,35.64,3,5
spruce_needles,1983-11-07,1.44,3,5
structural,1983-11-07,11.12,3,5
total_litter,1983-11-07,49.28,3,5
alder_leaves,1983-11-07,0.76,3,6
aspen_leaves,1983-11-07,0,3,6
female_cones,1983-11-07,0,3,6
fir_needles,1983-11-07,0,3,6
male_cones,1983-11-07,0.12,3,6
pine_needles,1983-11-07,17.16,3,6
spruce_needles,1983-11-07,11.24,3,6
structural,1983-11-07,2.76,3,6
total_litter,1983-11-07,32.04,3,6
alder_leaves,1983-11-07,2.84,3,7
aspen_leaves,1983-11-07,0.12,3,7
female_cones,1983-11-07,0,3,7
fir_needles,1983-11-07,0,3,7
male_cones,1983-11-07,0.08,3,7
pine_needles,1983-11-07,36.92,3,7
spruce_needles,1983-11-07,0,3,7
structural,1983-11-07,1.28,3,7
total_litter,1983-11-07,41.24,3,7
alder_leaves,1983-11-07,1.68,3,8
aspen_leaves,1983-11-07,1.48,3,8
female_cones,1983-11-07,0,3,8
fir_needles,1983-11-07,0,3,8
male_cones,1983-11-07,0,3,8
pine_needles,1983-11-07,34.12,3,8
spruce_needles,1983-11-07,0,3,8
structural,1983-11-07,0.56,3,8
total_litter,1983-11-07,37.84,3,8
alder_leaves,1983-11-07,0.48,3,9
aspen_leaves,1983-11-07,6.88,3,9
female_cones,1983-11-07,0,3,9
fir_needles,1983-11-07,0,3,9
male_cones,1983-11-07,0.28,3,9
pine_needles,1983-11-07,35.68,3,9
spruce_needles,1983-11-07,0.04,3,9
structural,1983-11-07,2.36,3,9
total_litter,1983-11-07,45.72,3,9
alder_leaves,1983-11-07,4,3,10
aspen_leaves,1983-11-07,4,3,10
female_cones,1983-11-07,0,3,10
fir_needles,1983-11-07,0,3,10
male_cones,1983-11-07,0.04,3,10
pine_needles,1983-11-07,37,3,10
spruce_needles,1983-11-07,0,3,10
structural,1983-11-07,1.24,3,10
total_litter,1983-11-07,46.28,3,10
alder_leaves,1984-05-07,0,3,1
aspen_leaves,1984-05-07,0,3,1
female_cones,1984-05-07,0,3,1
fir_needles,1984-05-07,0,3,1
male_cones,1984-05-07,0.36,3,1
pine_needles,1984-05-07,76.52,3,1
spruce_needles,1984-05-07,0,3,1
structural,1984-05-07,22.08,3,1
total_litter,1984-05-07,98.96,3,1
alder_leaves,1984-05-07,3.8,3,2
aspen_leaves,1984-05-07,0,3,2
female_cones,1984-05-07,0,3,2
fir_needles,1984-05-07,0,3,2
male_cones,1984-05-07,0.4,3,2
pine_needles,1984-05-07,59.76,3,2
spruce_needles,1984-05-07,8.52,3,2
structural,1984-05-07,13.12,3,2
total_litter,1984-05-07,85.6,3,2
alder_leaves,1984-05-07,0.28,3,3
aspen_leaves,1984-05-07,0,3,3
female_cones,1984-05-07,0,3,3
fir_needles,1984-05-07,0,3,3
male_cones,1984-05-07,0.52,3,3
pine_needles,1984-05-07,64.92,3,3
spruce_needles,1984-05-07,0.04,3,3
structural,1984-05-07,31.2,3,3
total_litter,1984-05-07,96.96,3,3
alder_leaves,1984-05-07,0.48,3,4
aspen_leaves,1984-05-07,0,3,4
female_cones,1984-05-07,0,3,4
fir_needles,1984-05-07,0,3,4
male_cones,1984-05-07,0.48,3,4
pine_needles,1984-05-07,75.96,3,4
spruce_needles,1984-05-07,0,3,4
structural,1984-05-07,40.44,3,4
total_litter,1984-05-07,117.36,3,4
alder_leaves,1984-05-07,0.08,3,5
aspen_leaves,1984-05-07,0,3,5
female_cones,1984-05-07,0,3,5
fir_needles,1984-05-07,0,3,5
male_cones,1984-05-07,0.6,3,5
pine_needles,1984-05-07,59.2,3,5
spruce_needles,1984-05-07,2.28,3,5
structural,1984-05-07,58.28,3,5
total_litter,1984-05-07,120.44,3,5
alder_leaves,1984-05-07,0.88,3,6
aspen_leaves,1984-05-07,0,3,6
female_cones,1984-05-07,0,3,6
fir_needles,1984-05-07,0,3,6
male_cones,1984-05-07,0.4,3,6
pine_needles,1984-05-07,42.64,3,6
spruce_needles,1984-05-07,10.88,3,6
structural,1984-05-07,30.76,3,6
total_litter,1984-05-07,85.56,3,6
alder_leaves,1984-05-07,0,3,7
aspen_leaves,1984-05-07,0,3,7
female_cones,1984-05-07,0,3,7
fir_needles,1984-05-07,0,3,7
male_cones,1984-05-07,0.36,3,7
pine_needles,1984-05-07,71.64,3,7
spruce_needles,1984-05-07,0,3,7
structural,1984-05-07,46,3,7
total_litter,1984-05-07,118,3,7
alder_leaves,1984-05-07,0.88,3,8
aspen_leaves,1984-05-07,0,3,8
female_cones,1984-05-07,0,3,8
fir_needles,1984-05-07,0,3,8
male_cones,1984-05-07,0.24,3,8
pine_needles,1984-05-07,57.24,3,8
spruce_needles,1984-05-07,0,3,8
structural,1984-05-07,12.92,3,8
total_litter,1984-05-07,71.28,3,8
alder_leaves,1984-05-07,0.48,3,9
aspen_leaves,1984-05-07,0,3,9
female_cones,1984-05-07,0,3,9
fir_needles,1984-05-07,0,3,9
male_cones,1984-05-07,0.52,3,9
pine_needles,1984-05-07,52.2,3,9
spruce_needles,1984-05-07,0.08,3,9
structural,1984-05-07,22.84,3,9
total_litter,1984-05-07,76.12,3,9
alder_leaves,1984-05-07,1.32,3,10
aspen_leaves,1984-05-07,0,3,10
female_cones,1984-05-07,0,3,10
fir_needles,1984-05-07,0,3,10
male_cones,1984-05-07,0.48,3,10
pine_needles,1984-05-07,74.88,3,10
spruce_needles,1984-05-07,0.12,3,10
structural,1984-05-07,135.12,3,10
total_litter,1984-05-07,211.92,3,10
